question_id,dataset_source,task_complexity,complexity_score,acc_per_1k_tokens_adaptive,acc_per_1k_tokens_single-agent,acc_per_1k_tokens_static_multi-agent,is_correct_adaptive,is_correct_single-agent,is_correct_static_multi-agent,routing_decision_adaptive,routing_decision_single-agent,routing_decision_static_multi-agent,token_cost_adaptive,token_cost_single-agent,token_cost_static_multi-agent
DDXPLUS_1000085,DDXPlus,Complex,0.3771,1.8149,1.8149,0.2584,1,1,1,solo,solo,group-3,551,551,3870
DDXPLUS_1000337,DDXPlus,Moderate,0.3445,0.0,0.0,0.0,0,0,0,solo,solo,group-3,597,597,3990
DDXPLUS_1002995,DDXPlus,Complex,0.7081,0.0,0.0,0.0,0,0,0,group-3,solo,group-3,4773,696,4773
DDXPLUS_1004344,DDXPlus,Complex,0.6364,0.2259,1.5129,0.2259,1,1,1,group-3,solo,group-3,4426,661,4426
DDXPLUS_1005626,DDXPlus,Complex,0.588,0.4348,1.4409,0.2371,1,1,1,group-2,solo,group-3,2300,694,4218
DDXPLUS_1006075,DDXPlus,Complex,0.519,0.3994,1.7762,0.221,1,1,1,group-2,solo,group-3,2504,563,4524
DDXPLUS_1006100,DDXPlus,Complex,0.4164,0.4613,0.0,0.2488,1,0,1,group-2,solo,group-3,2168,487,4019
DDXPLUS_1007675,DDXPlus,Moderate,0.3445,2.2573,2.2573,0.2646,1,1,1,solo,solo,group-3,443,443,3780
DDXPLUS_1007952,DDXPlus,Complex,0.4367,0.4695,1.9841,0.2523,1,1,1,group-2,solo,group-3,2130,504,3963
DDXPLUS_1008199,DDXPlus,Complex,0.5021,0.4545,1.8587,0.2458,1,1,1,group-2,solo,group-3,2200,538,4068
DDXPLUS_100912,DDXPlus,Complex,0.4196,0.4651,1.7637,0.2504,1,1,1,group-2,solo,group-3,2150,567,3993
DDXPLUS_1009777,DDXPlus,Moderate,0.1348,5.4054,5.4054,0.3296,1,1,1,solo,solo,group-3,185,185,3034
DDXPLUS_1011305,DDXPlus,Complex,0.5112,0.455,2.2026,0.246,1,1,1,group-2,solo,group-3,2198,454,4065
DDXPLUS_1011594,DDXPlus,Complex,0.5072,0.0,0.0,0.0,0,0,0,group-2,solo,group-3,2168,462,3990
DDXPLUS_101198,DDXPlus,Complex,0.4053,0.0,1.6026,0.251,0,1,1,group-2,solo,group-3,2144,624,3984
DDXPLUS_1012062,DDXPlus,Complex,0.4766,0.0,0.0,0.0,0,0,0,group-2,solo,group-3,2126,443,3957
DDXPLUS_1012066,DDXPlus,Complex,0.4018,0.0,0.0,0.0,0,0,0,group-2,solo,group-3,1896,391,3609
DDXPLUS_1012329,DDXPlus,Complex,0.5072,0.0,0.0,0.0,0,0,0,group-2,solo,group-3,2186,463,4047
DDXPLUS_1013541,DDXPlus,Moderate,0.351,1.7212,1.7212,0.0,1,1,0,solo,solo,group-3,581,581,4002
DDXPLUS_1013743,DDXPlus,Moderate,0.3317,1.8622,1.8622,0.0,1,1,0,solo,solo,group-3,537,537,3888
DDXPLUS_1014263,DDXPlus,Moderate,0.2155,2.5445,2.5445,0.0,1,1,0,solo,solo,group-3,393,393,3515
DDXPLUS_1014380,DDXPlus,Complex,0.3934,2.6178,2.6178,0.2627,1,1,1,solo,solo,group-3,382,382,3806
DDXPLUS_1015140,DDXPlus,Complex,0.4745,0.4359,2.079,0.2376,1,1,1,group-2,solo,group-3,2294,481,4208
DDXPLUS_1015345,DDXPlus,Complex,0.4724,0.4371,1.5291,0.2381,1,1,1,group-2,solo,group-3,2288,654,4200
DDXPLUS_1016707,DDXPlus,Complex,0.404,0.4498,2.3474,0.2437,1,1,1,group-2,solo,group-3,2223,426,4104
DDXPLUS_1017609,DDXPlus,Complex,0.5607,0.3928,1.7123,0.218,1,1,1,group-2,solo,group-3,2546,584,4587
DDXPLUS_1020799,DDXPlus,Moderate,0.135,0.0,0.0,0.3114,0,0,1,solo,solo,group-3,215,215,3211
DDXPLUS_1021018,DDXPlus,Moderate,0.3459,1.5949,1.5949,0.2505,1,1,1,solo,solo,group-3,627,627,3992
DDXPLUS_1021331,DDXPlus,Moderate,0.181,4.4843,4.4843,0.3037,1,1,1,solo,solo,group-3,223,223,3293
DDXPLUS_102347,DDXPlus,Complex,0.3879,0.0,0.0,0.2632,0,0,1,solo,solo,group-3,423,423,3800
DDXPLUS_1024433,DDXPlus,Complex,0.3641,2.6178,2.6178,0.2477,1,1,1,solo,solo,group-3,382,382,4037
DDXPLUS_1025221,DDXPlus,Complex,0.6202,0.2143,1.6313,0.2143,1,1,1,group-3,solo,group-3,4667,613,4667
DDXPLUS_103199,DDXPlus,Complex,0.3771,1.5601,1.5601,0.2569,1,1,1,solo,solo,group-3,641,641,3892
DDXPLUS_103851,DDXPlus,Complex,0.694,0.2029,1.224,0.2029,1,1,1,group-3,solo,group-3,4929,817,4929
DDXPLUS_104645,DDXPlus,Complex,0.82,0.0858,1.0823,0.0,1,1,0,MDT,solo,group-3,11658,924,5450
DDXPLUS_104848,DDXPlus,Moderate,0.1348,6.993,6.993,0.3319,1,1,1,solo,solo,group-3,143,143,3013
DDXPLUS_104951,DDXPlus,Complex,0.792,0.1877,0.9225,0.1877,1,1,1,group-3,solo,group-3,5328,1084,5328
DDXPLUS_105211,DDXPlus,Complex,0.5862,0.4277,1.4881,0.2339,1,1,1,group-2,solo,group-3,2338,672,4275
DDXPLUS_105930,DDXPlus,Complex,0.7334,0.2,1.0707,0.2,1,1,1,group-3,solo,group-3,4999,934,4999
DDXPLUS_106584,DDXPlus,Complex,0.3804,0.0,0.0,0.266,0,0,1,solo,solo,group-3,397,397,3759
DDXPLUS_107615,DDXPlus,Complex,0.5306,0.4156,1.9048,0.2284,1,1,1,group-2,solo,group-3,2406,525,4379
DDXPLUS_107920,DDXPlus,Moderate,0.2527,0.0,0.0,0.269,0,0,1,solo,solo,group-3,506,506,3717
DDXPLUS_110242,DDXPlus,Complex,0.67,0.0,1.3387,0.0,0,1,0,group-3,solo,group-3,4728,747,4728
DDXPLUS_110813,DDXPlus,Moderate,0.2117,4.0984,4.0984,0.2988,1,1,1,solo,solo,group-3,244,244,3347
DDXPLUS_110971,DDXPlus,Moderate,0.2288,4.2373,4.2373,0.308,1,1,1,solo,solo,group-3,236,236,3247
DDXPLUS_111219,DDXPlus,Complex,0.4693,0.4468,1.6667,0.2424,1,1,1,group-2,solo,group-3,2238,600,4125
DDXPLUS_111486,DDXPlus,Complex,0.3996,1.773,1.773,0.2539,1,1,1,solo,solo,group-3,564,564,3939
DDXPLUS_113780,DDXPlus,Moderate,0.2117,3.7453,3.7453,0.2956,1,1,1,solo,solo,group-3,267,267,3383
DDXPLUS_114394,DDXPlus,Complex,0.469,0.0,1.8116,0.0,0,1,0,group-2,solo,group-3,2387,552,4350
DDXPLUS_114641,DDXPlus,Moderate,0.2832,2.8818,2.8818,0.2634,1,1,1,solo,solo,group-3,347,347,3797
DDXPLUS_114754,DDXPlus,Moderate,0.3423,2.9674,2.9674,0.2603,1,1,1,solo,solo,group-3,337,337,3842
DDXPLUS_115540,DDXPlus,Complex,0.6851,0.2123,1.4948,0.2123,1,1,1,group-3,solo,group-3,4710,669,4710
DDXPLUS_116470,DDXPlus,Moderate,0.181,4.4053,4.4053,0.3095,1,1,1,solo,solo,group-3,227,227,3231
DDXPLUS_116834,DDXPlus,Complex,0.6617,0.0,1.1561,0.0,0,1,0,group-3,solo,group-3,4602,865,4602
DDXPLUS_117855,DDXPlus,Complex,0.4501,0.4365,1.7483,0.2378,1,1,1,group-2,solo,group-3,2291,572,4206
DDXPLUS_118719,DDXPlus,Moderate,0.1194,6.5359,6.5359,0.3184,1,1,1,solo,solo,group-3,153,153,3141
DDXPLUS_119558,DDXPlus,Complex,0.5308,0.0,0.0,0.0,0,0,0,group-2,solo,group-3,2300,658,4217
DDXPLUS_119877,DDXPlus,Moderate,0.1656,0.0,0.0,0.3128,0,0,1,solo,solo,group-3,376,376,3197
DDXPLUS_120521,DDXPlus,Moderate,0.2288,2.9326,2.9326,0.318,1,1,1,solo,solo,group-3,341,341,3145
DDXPLUS_121917,DDXPlus,Moderate,0.3418,0.0,0.0,0.0,0,0,0,solo,solo,group-3,409,409,3704
DDXPLUS_12195,DDXPlus,Complex,0.798,0.1839,1.1074,0.1839,1,1,1,group-3,solo,group-3,5439,903,5439
DDXPLUS_122161,DDXPlus,Complex,0.4017,0.4643,0.0,0.2501,1,0,1,group-2,solo,group-3,2154,396,3999
DDXPLUS_122248,DDXPlus,Complex,0.4327,0.4513,2.0833,0.2444,1,1,1,group-2,solo,group-3,2216,480,4092
DDXPLUS_122264,DDXPlus,Complex,0.5591,0.0,1.8215,0.0,0,1,0,group-2,solo,group-3,2461,549,4461
DDXPLUS_12256,DDXPlus,Complex,0.5803,0.3833,1.2136,0.2135,1,1,1,group-2,solo,group-3,2609,824,4683
DDXPLUS_123839,DDXPlus,Complex,0.59,0.0,0.0,0.0,0,0,0,group-2,solo,group-3,2491,885,4434
DDXPLUS_125239,DDXPlus,Moderate,0.1504,4.4248,4.4248,0.3121,1,1,1,solo,solo,group-3,226,226,3204
DDXPLUS_125259,DDXPlus,Moderate,0.3312,2.8571,2.8571,0.0,1,1,0,solo,solo,group-3,350,350,3648
DDXPLUS_125901,DDXPlus,Complex,0.4616,0.4167,1.5873,0.2289,1,1,1,group-2,solo,group-3,2400,630,4369
DDXPLUS_12658,DDXPlus,Complex,0.5441,0.4174,1.9417,0.0,1,1,0,group-2,solo,group-3,2396,515,4362
DDXPLUS_127001,DDXPlus,Complex,0.4876,0.4664,2.2573,0.251,1,1,1,group-2,solo,group-3,2144,443,3984
DDXPLUS_127130,DDXPlus,Complex,0.4671,0.4525,0.0,0.2449,1,0,1,group-2,solo,group-3,2210,571,4083
DDXPLUS_127698,DDXPlus,Complex,0.3691,2.2321,2.2321,0.0,1,1,0,solo,solo,group-3,448,448,3833
DDXPLUS_128478,DDXPlus,Moderate,0.3014,3.2258,3.2258,0.2673,1,1,1,solo,solo,group-3,310,310,3741
DDXPLUS_12941,DDXPlus,Complex,0.656,0.0,0.0,0.0,0,0,0,group-3,solo,group-3,4863,697,4863
DDXPLUS_13027,DDXPlus,Moderate,0.3035,1.8083,1.8083,0.2827,1,1,1,solo,solo,group-3,553,553,3537
DDXPLUS_130347,DDXPlus,Complex,0.5893,0.3814,1.1136,0.2128,1,1,1,group-2,solo,group-3,2622,898,4700
DDXPLUS_131078,DDXPlus,Moderate,0.3494,2.9155,2.9155,0.2923,1,1,1,solo,solo,group-3,343,343,3421
DDXPLUS_131511,DDXPlus,Complex,0.6691,0.2225,1.385,0.2225,1,1,1,group-3,solo,group-3,4494,722,4494
DDXPLUS_13154,DDXPlus,Complex,0.3619,2.4272,2.4272,0.2622,1,1,1,solo,solo,group-3,412,412,3814
DDXPLUS_131736,DDXPlus,Complex,0.5421,0.0,0.0,0.0,0,0,0,group-2,solo,group-3,2300,593,4140
DDXPLUS_132067,DDXPlus,Complex,0.4765,0.4771,2.1186,0.2556,1,1,1,group-2,solo,group-3,2096,472,3912
DDXPLUS_132232,DDXPlus,Complex,0.5556,0.4039,1.7036,0.2231,1,1,1,group-2,solo,group-3,2476,587,4482
DDXPLUS_132597,DDXPlus,Moderate,0.3496,1.8116,1.8116,0.2627,1,1,1,solo,solo,group-3,552,552,3806
DDXPLUS_133233,DDXPlus,Complex,0.4059,0.0,0.0,0.0,0,0,0,group-2,solo,group-3,2172,522,4026
DDXPLUS_133794,DDXPlus,Complex,0.6753,0.2141,1.1312,0.2141,1,1,1,group-3,solo,group-3,4671,884,4671
DDXPLUS_134043,DDXPlus,Complex,0.5574,0.0,0.0,0.2467,0,0,1,group-2,solo,group-3,2194,503,4054
DDXPLUS_134334,DDXPlus,Moderate,0.183,2.7397,2.7397,0.2874,1,1,1,solo,solo,group-3,365,365,3480
DDXPLUS_134414,DDXPlus,Complex,0.5063,0.0,1.4286,0.2376,0,1,1,group-2,solo,group-3,2294,700,4209
DDXPLUS_136953,DDXPlus,Moderate,0.187,3.7313,3.7313,0.28,1,1,1,solo,solo,group-3,268,268,3572
DDXPLUS_137867,DDXPlus,Complex,0.71,0.0,1.0341,0.0,0,1,0,group-3,solo,group-3,5107,967,5107
DDXPLUS_138333,DDXPlus,Moderate,0.3465,0.0,0.0,0.0,0,0,0,solo,solo,group-3,418,418,3957
DDXPLUS_138377,DDXPlus,Complex,0.5766,0.401,1.3605,0.2218,1,1,1,group-2,solo,group-3,2494,735,4509
DDXPLUS_140396,DDXPlus,Complex,0.3705,2.004,2.004,0.2562,1,1,1,solo,solo,group-3,499,499,3903
DDXPLUS_140608,DDXPlus,Complex,0.806,0.0903,1.1062,0.1936,1,1,1,MDT,solo,group-3,11078,904,5166
DDXPLUS_140634,DDXPlus,Moderate,0.179,0.0,0.0,0.3089,0,0,1,solo,solo,group-3,222,222,3237
DDXPLUS_142404,DDXPlus,Complex,0.534,0.4583,0.0,0.2499,1,0,1,group-2,solo,group-3,2182,508,4001
DDXPLUS_142687,DDXPlus,Moderate,0.1368,4.9505,4.9505,0.31,1,1,1,solo,solo,group-3,202,202,3226
DDXPLUS_143566,DDXPlus,Complex,0.446,0.45,2.2727,0.2438,1,1,1,group-2,solo,group-3,2222,440,4101
DDXPLUS_143853,DDXPlus,Complex,0.5415,0.4065,1.5337,0.2244,1,1,1,group-2,solo,group-3,2460,652,4457
DDXPLUS_144105,DDXPlus,Moderate,0.3168,3.7879,3.7879,0.2818,1,1,1,solo,solo,group-3,264,264,3548
DDXPLUS_144426,DDXPlus,Complex,0.5288,0.431,2.0877,0.2354,1,1,1,group-2,solo,group-3,2320,479,4248
DDXPLUS_144767,DDXPlus,Complex,0.3927,0.0,0.0,0.0,0,0,0,solo,solo,group-3,407,407,4017
DDXPLUS_145062,DDXPlus,Moderate,0.2861,3.1646,3.1646,0.276,1,1,1,solo,solo,group-3,316,316,3623
DDXPLUS_145210,DDXPlus,Moderate,0.233,0.0,0.0,0.2909,0,0,1,solo,solo,group-3,414,414,3438
DDXPLUS_14570,DDXPlus,Complex,0.461,0.4613,0.0,0.2488,1,0,1,group-2,solo,group-3,2168,439,4020
DDXPLUS_14673,DDXPlus,Moderate,0.1522,2.6316,2.6316,0.3053,1,1,1,solo,solo,group-3,380,380,3276
DDXPLUS_147000,DDXPlus,Complex,0.7513,0.2083,1.1377,0.2083,1,1,1,group-3,solo,group-3,4800,879,4800
DDXPLUS_14776,DDXPlus,Complex,0.532,0.0,1.6287,0.2145,0,1,1,group-2,solo,group-3,2596,614,4662
DDXPLUS_149218,DDXPlus,Complex,0.4438,0.46,1.8083,0.2484,1,1,1,group-2,solo,group-3,2174,553,4026
DDXPLUS_149249,DDXPlus,Complex,0.3935,1.7271,1.7271,0.2687,1,1,1,solo,solo,group-3,579,579,3722
DDXPLUS_14945,DDXPlus,Moderate,0.2902,2.8571,2.8571,0.272,1,1,1,solo,solo,group-3,350,350,3677
DDXPLUS_149745,DDXPlus,Complex,0.3631,2.0492,2.0492,0.2489,1,1,1,solo,solo,group-3,488,488,4017
DDXPLUS_150361,DDXPlus,Complex,0.6603,0.0,1.1136,0.0,0,1,0,group-3,solo,group-3,4854,898,4854
DDXPLUS_150409,DDXPlus,Simple,0.0714,0.0,0.0,0.0,0,0,0,solo,solo,group-3,124,124,3031
DDXPLUS_150599,DDXPlus,Moderate,0.1194,5.3191,5.3191,0.3139,1,1,1,solo,solo,group-3,188,188,3186
DDXPLUS_151895,DDXPlus,Complex,0.5299,0.4068,1.3158,0.2245,1,1,1,group-2,solo,group-3,2458,760,4455
DDXPLUS_152015,DDXPlus,Complex,0.7247,0.0,0.0,0.0,0,0,0,group-3,solo,group-3,4986,921,4986
DDXPLUS_152607,DDXPlus,Complex,0.3925,2.4631,2.4631,0.2503,1,1,1,solo,solo,group-3,406,406,3996
DDXPLUS_152993,DDXPlus,Complex,0.4342,0.0,1.4728,0.0,0,1,0,group-2,solo,group-3,2264,679,4164
DDXPLUS_153520,DDXPlus,Complex,0.3752,0.0,0.0,0.0,0,0,0,solo,solo,group-3,549,549,3874
DDXPLUS_153603,DDXPlus,Complex,0.4993,0.4136,1.6313,0.2275,1,1,1,group-2,solo,group-3,2418,613,4395
DDXPLUS_155230,DDXPlus,Complex,0.4563,0.434,0.0,0.2369,1,0,1,group-2,solo,group-3,2304,660,4221
DDXPLUS_155871,DDXPlus,Complex,0.3712,1.8832,1.8832,0.2491,1,1,1,solo,solo,group-3,531,531,4014
DDXPLUS_156461,DDXPlus,Complex,0.653,0.2257,1.3158,0.2257,1,1,1,group-3,solo,group-3,4431,760,4431
DDXPLUS_157389,DDXPlus,Moderate,0.3271,2.1186,2.1186,0.2625,1,1,1,solo,solo,group-3,472,472,3810
DDXPLUS_157738,DDXPlus,Moderate,0.2421,2.1692,2.1692,0.3145,1,1,1,solo,solo,group-3,461,461,3180
DDXPLUS_158230,DDXPlus,Complex,0.3906,0.0,0.0,0.2548,0,0,1,solo,solo,group-3,417,417,3925
DDXPLUS_158547,DDXPlus,Complex,0.7049,0.2071,1.3072,0.2071,1,1,1,group-3,solo,group-3,4828,765,4828
DDXPLUS_158815,DDXPlus,Complex,0.563,0.0,0.0,0.2153,0,0,1,group-2,solo,group-3,2583,595,4644
DDXPLUS_158861,DDXPlus,Moderate,0.3159,0.0,0.0,0.0,0,0,0,solo,solo,group-3,345,345,3693
DDXPLUS_159010,DDXPlus,Complex,0.3957,1.6949,1.6949,0.2541,1,1,1,solo,solo,group-3,590,590,3935
DDXPLUS_159445,DDXPlus,Moderate,0.2597,0.0,0.0,0.3111,0,0,1,solo,solo,group-3,426,426,3214
DDXPLUS_159587,DDXPlus,Complex,0.3644,1.9048,1.9048,0.2555,1,1,1,solo,solo,group-3,525,525,3914
DDXPLUS_1600,DDXPlus,Complex,0.6609,0.0,1.0707,0.0,0,1,0,group-3,solo,group-3,4869,934,4869
DDXPLUS_160578,DDXPlus,Complex,0.4876,0.4776,2.1186,0.2567,1,1,1,group-2,solo,group-3,2094,472,3896
DDXPLUS_161162,DDXPlus,Moderate,0.2271,2.2831,2.2831,0.2915,1,1,1,solo,solo,group-3,438,438,3431
DDXPLUS_16158,DDXPlus,Complex,0.4541,0.4794,1.8382,0.2567,1,1,1,group-2,solo,group-3,2086,544,3896
DDXPLUS_161814,DDXPlus,Complex,0.5675,0.4241,1.8762,0.2323,1,1,1,group-2,solo,group-3,2358,533,4305
DDXPLUS_16287,DDXPlus,Moderate,0.227,3.1847,3.1847,0.3024,1,1,1,solo,solo,group-3,314,314,3307
DDXPLUS_163194,DDXPlus,Complex,0.705,0.2091,1.2407,0.2091,1,1,1,group-3,solo,group-3,4782,806,4782
DDXPLUS_164086,DDXPlus,Complex,0.4014,0.4541,0.0,0.0,1,0,0,group-2,solo,group-3,2202,637,4071
DDXPLUS_164182,DDXPlus,Moderate,0.2219,1.8622,1.8622,0.0,1,1,0,solo,solo,group-3,537,537,3633
DDXPLUS_164794,DDXPlus,Complex,0.5358,0.4202,1.4837,0.2304,1,1,1,group-2,solo,group-3,2380,674,4340
DDXPLUS_164881,DDXPlus,Complex,0.4456,0.4965,2.381,0.2639,1,1,1,group-2,solo,group-3,2014,420,3789
DDXPLUS_166718,DDXPlus,Complex,0.449,0.0,0.0,0.0,0,0,0,group-2,solo,group-3,2367,526,4320
DDXPLUS_166842,DDXPlus,Moderate,0.3343,2.008,2.008,0.2791,1,1,1,solo,solo,group-3,498,498,3583
DDXPLUS_16687,DDXPlus,Complex,0.6406,0.2278,0.0,0.2278,1,0,1,group-3,solo,group-3,4389,601,4389
DDXPLUS_16820,DDXPlus,Moderate,0.3557,2.6882,2.6882,0.252,1,1,1,solo,solo,group-3,372,372,3968
DDXPLUS_168935,DDXPlus,Moderate,0.1503,0.0,0.0,0.3313,0,0,1,solo,solo,group-3,203,203,3018
DDXPLUS_168949,DDXPlus,Simple,0.0888,7.3529,7.3529,0.3224,1,1,1,solo,solo,group-3,136,136,3102
DDXPLUS_16900,DDXPlus,Complex,0.5706,0.4223,1.7953,0.2335,1,1,1,group-2,solo,group-3,2368,557,4283
DDXPLUS_169154,DDXPlus,Complex,0.4773,0.4072,1.8315,0.2247,1,1,1,group-2,solo,group-3,2456,546,4451
DDXPLUS_169425,DDXPlus,Complex,0.5631,0.0,1.8051,0.0,0,1,0,group-2,solo,group-3,2461,554,4461
DDXPLUS_170207,DDXPlus,Complex,0.5072,0.4344,1.3423,0.237,1,1,1,group-2,solo,group-3,2302,745,4219
DDXPLUS_170644,DDXPlus,Complex,0.4697,0.4484,2.0921,0.2431,1,1,1,group-2,solo,group-3,2230,478,4113
DDXPLUS_171058,DDXPlus,Moderate,0.3341,2.6316,2.6316,0.2699,1,1,1,solo,solo,group-3,380,380,3705
DDXPLUS_171349,DDXPlus,Complex,0.5442,0.0,1.9305,0.0,0,1,0,group-2,solo,group-3,2238,518,4125
DDXPLUS_17175,DDXPlus,Moderate,0.1522,4.2553,4.2553,0.2896,1,1,1,solo,solo,group-3,235,235,3453
DDXPLUS_172064,DDXPlus,Complex,0.7029,0.0,1.1641,0.0,0,1,0,group-3,solo,group-3,4815,859,4815
DDXPLUS_172120,DDXPlus,Moderate,0.1175,0.0,0.0,0.0,0,0,0,solo,solo,group-3,371,371,3213
DDXPLUS_173276,DDXPlus,Moderate,0.3189,2.994,2.994,0.273,1,1,1,solo,solo,group-3,334,334,3663
DDXPLUS_174564,DDXPlus,Moderate,0.3341,2.2272,2.2272,0.2732,1,1,1,solo,solo,group-3,449,449,3660
DDXPLUS_174789,DDXPlus,Complex,0.4876,0.4638,2.2173,0.2499,1,1,1,group-2,solo,group-3,2156,451,4002
DDXPLUS_174816,DDXPlus,Moderate,0.2574,3.6765,3.6765,0.2741,1,1,1,solo,solo,group-3,272,272,3648
DDXPLUS_17524,DDXPlus,Complex,0.4226,0.4713,2.0284,0.2531,1,1,1,group-2,solo,group-3,2122,493,3951
DDXPLUS_176967,DDXPlus,Moderate,0.3323,1.8797,1.8797,0.2677,1,1,1,solo,solo,group-3,532,532,3735
DDXPLUS_177636,DDXPlus,Complex,0.7663,0.2014,1.1933,0.2014,1,1,1,group-3,solo,group-3,4965,838,4965
DDXPLUS_178425,DDXPlus,Complex,0.4978,0.4274,1.9531,0.2336,1,1,1,group-2,solo,group-3,2340,512,4280
DDXPLUS_178645,DDXPlus,Moderate,0.3184,1.9231,1.9231,0.2599,1,1,1,solo,solo,group-3,520,520,3848
DDXPLUS_179023,DDXPlus,Complex,0.5114,0.0,0.0,0.25,0,0,1,group-2,solo,group-3,2154,472,4000
DDXPLUS_179928,DDXPlus,Complex,0.4941,0.4575,0.0,0.2471,1,0,1,group-2,solo,group-3,2186,469,4047
DDXPLUS_180049,DDXPlus,Complex,0.5104,0.0,0.0,0.0,0,0,0,group-2,solo,group-3,2374,529,4329
DDXPLUS_180158,DDXPlus,Complex,0.4479,0.4398,2.0964,0.2393,1,1,1,group-2,solo,group-3,2274,477,4179
DDXPLUS_18019,DDXPlus,Moderate,0.3364,2.2472,2.2472,0.2589,1,1,1,solo,solo,group-3,445,445,3862
DDXPLUS_180197,DDXPlus,Complex,0.7433,0.2046,1.139,0.2046,1,1,1,group-3,solo,group-3,4887,878,4887
DDXPLUS_180637,DDXPlus,Moderate,0.2269,3.4722,3.4722,0.308,1,1,1,solo,solo,group-3,288,288,3247
DDXPLUS_180982,DDXPlus,Moderate,0.231,3.6765,3.6765,0.2903,1,1,1,solo,solo,group-3,272,272,3445
DDXPLUS_180987,DDXPlus,Complex,0.826,0.0,0.9461,0.0,0,1,0,MDT,solo,group-3,11688,1057,5562
DDXPLUS_181709,DDXPlus,Complex,0.4213,0.4647,2.0833,0.2503,1,1,1,group-2,solo,group-3,2152,480,3996
DDXPLUS_182480,DDXPlus,Moderate,0.3226,0.0,0.0,0.2672,0,0,1,solo,solo,group-3,505,505,3742
DDXPLUS_184670,DDXPlus,Complex,0.4671,0.0,0.0,0.0,0,0,0,group-2,solo,group-3,2198,460,4065
DDXPLUS_185267,DDXPlus,Moderate,0.179,2.849,2.849,0.0,1,1,0,solo,solo,group-3,351,351,3210
DDXPLUS_186025,DDXPlus,Complex,0.3787,0.0,0.0,0.0,0,0,0,solo,solo,group-3,446,446,3858
DDXPLUS_186164,DDXPlus,Complex,0.4388,0.45,1.5723,0.0,1,1,0,group-2,solo,group-3,2222,636,4100
DDXPLUS_186336,DDXPlus,Complex,0.4947,0.0,1.6529,0.2289,0,1,1,group-2,solo,group-3,2400,605,4368
DDXPLUS_186548,DDXPlus,Complex,0.4767,0.4566,1.497,0.2467,1,1,1,group-2,solo,group-3,2190,668,4053
DDXPLUS_187321,DDXPlus,Moderate,0.1175,0.0,0.0,0.0,0,0,0,solo,solo,group-3,203,203,3111
DDXPLUS_187677,DDXPlus,Complex,0.5321,0.4068,0.0,0.2244,1,0,1,group-2,solo,group-3,2458,765,4456
DDXPLUS_187864,DDXPlus,Complex,0.4631,0.4596,2.1413,0.2481,1,1,1,group-2,solo,group-3,2176,467,4030
DDXPLUS_188401,DDXPlus,Complex,0.5337,0.4275,1.5552,0.2338,1,1,1,group-2,solo,group-3,2339,643,4278
DDXPLUS_188738,DDXPlus,Complex,0.4631,0.4625,2.1598,0.2493,1,1,1,group-2,solo,group-3,2162,463,4011
DDXPLUS_189082,DDXPlus,Complex,0.4784,0.4492,0.0,0.2435,1,0,1,group-2,solo,group-3,2226,424,4107
DDXPLUS_189980,DDXPlus,Complex,0.3687,1.8182,1.8182,0.0,1,1,0,solo,solo,group-3,550,550,3957
DDXPLUS_19005,DDXPlus,Moderate,0.2157,2.907,2.907,0.288,1,1,1,solo,solo,group-3,344,344,3472
DDXPLUS_190569,DDXPlus,Complex,0.4767,0.0,0.0,0.0,0,0,0,group-2,solo,group-3,2128,451,3960
DDXPLUS_191964,DDXPlus,Moderate,0.2107,0.0,0.0,0.0,0,0,0,solo,solo,group-3,508,508,3586
DDXPLUS_191982,DDXPlus,Moderate,0.1174,0.0,0.0,0.0,0,0,0,solo,solo,group-3,240,240,3162
DDXPLUS_192273,DDXPlus,Complex,0.3751,0.0,0.0,0.0,0,0,0,solo,solo,group-3,563,563,3978
DDXPLUS_194159,DDXPlus,Moderate,0.3476,2.8902,2.8902,0.2722,1,1,1,solo,solo,group-3,346,346,3674
DDXPLUS_196971,DDXPlus,Moderate,0.2925,2.1231,2.1231,0.2648,1,1,1,solo,solo,group-3,471,471,3776
DDXPLUS_197434,DDXPlus,Moderate,0.3325,2.2727,2.2727,0.2728,1,1,1,solo,solo,group-3,440,440,3666
DDXPLUS_197678,DDXPlus,Complex,0.4585,0.478,2.1368,0.2562,1,1,1,group-2,solo,group-3,2092,468,3903
DDXPLUS_197841,DDXPlus,Complex,0.4438,0.4826,1.8315,0.2597,1,1,1,group-2,solo,group-3,2072,546,3851
DDXPLUS_200400,DDXPlus,Complex,0.5154,0.4155,1.6313,0.2283,1,1,1,group-2,solo,group-3,2407,613,4380
DDXPLUS_200736,DDXPlus,Complex,0.5114,0.0,0.0,0.0,0,0,0,group-2,solo,group-3,2154,479,3992
DDXPLUS_201346,DDXPlus,Complex,0.4623,0.0,1.4164,0.2379,0,1,1,group-2,solo,group-3,2290,706,4203
DDXPLUS_201481,DDXPlus,Complex,0.5591,0.0,1.4641,0.0,0,1,0,group-2,solo,group-3,2413,683,4389
DDXPLUS_203638,DDXPlus,Complex,0.826,0.0852,1.1274,0.1852,1,1,1,MDT,solo,group-3,11741,887,5400
DDXPLUS_205092,DDXPlus,Complex,0.5022,0.4367,2.1008,0.2379,1,1,1,group-2,solo,group-3,2290,476,4203
DDXPLUS_205940,DDXPlus,Complex,0.4615,0.4634,2.2523,0.2498,1,1,1,group-2,solo,group-3,2158,444,4004
DDXPLUS_20747,DDXPlus,Complex,0.4788,0.0,0.0,0.0,0,0,0,group-2,solo,group-3,2196,441,4062
DDXPLUS_208332,DDXPlus,Complex,0.4877,0.4537,1.6949,0.2455,1,1,1,group-2,solo,group-3,2204,590,4074
DDXPLUS_209095,DDXPlus,Moderate,0.1348,4.3103,4.3103,0.3259,1,1,1,solo,solo,group-3,232,232,3068
DDXPLUS_209098,DDXPlus,Complex,0.4797,0.4322,1.5576,0.2359,1,1,1,group-2,solo,group-3,2314,642,4239
DDXPLUS_209308,DDXPlus,Moderate,0.3465,1.845,1.845,0.2757,1,1,1,solo,solo,group-3,542,542,3627
DDXPLUS_209325,DDXPlus,Complex,0.4542,0.4421,1.634,0.2403,1,1,1,group-2,solo,group-3,2262,612,4161
DDXPLUS_209741,DDXPlus,Complex,0.5093,0.0,0.0,0.2493,0,0,1,group-2,solo,group-3,2162,476,4011
DDXPLUS_210348,DDXPlus,Complex,0.3771,1.8116,1.8116,0.2635,1,1,1,solo,solo,group-3,552,552,3795
DDXPLUS_210743,DDXPlus,Complex,0.4461,0.4762,1.7301,0.2552,1,1,1,group-2,solo,group-3,2100,578,3918
DDXPLUS_211273,DDXPlus,Moderate,0.3069,2.0619,2.0619,0.0,1,1,0,solo,solo,group-3,485,485,3864
DDXPLUS_211846,DDXPlus,Moderate,0.307,1.9608,1.9608,0.2714,1,1,1,solo,solo,group-3,510,510,3684
DDXPLUS_212403,DDXPlus,Moderate,0.2064,0.0,0.0,0.0,0,0,0,solo,solo,group-3,540,540,3324
DDXPLUS_213093,DDXPlus,Complex,0.5268,0.4757,0.0,0.2588,1,0,1,group-2,solo,group-3,2102,483,3864
DDXPLUS_214673,DDXPlus,Complex,0.4616,0.0,0.0,0.234,0,0,1,group-2,solo,group-3,2336,493,4273
DDXPLUS_2149,DDXPlus,Complex,0.446,0.4704,2.008,0.2528,1,1,1,group-2,solo,group-3,2126,498,3956
DDXPLUS_214999,DDXPlus,Complex,0.444,0.0,0.0,0.2435,0,0,1,group-2,solo,group-3,2226,432,4107
DDXPLUS_215533,DDXPlus,Moderate,0.3224,2.2472,2.2472,0.2515,1,1,1,solo,solo,group-3,445,445,3976
DDXPLUS_215823,DDXPlus,Complex,0.5294,0.0,1.497,0.0,0,1,0,group-2,solo,group-3,2332,668,4266
DDXPLUS_2163,DDXPlus,Complex,0.4487,0.406,1.227,0.224,1,1,1,group-2,solo,group-3,2463,815,4464
DDXPLUS_216406,DDXPlus,Moderate,0.3075,1.8484,1.8484,0.272,1,1,1,solo,solo,group-3,541,541,3677
DDXPLUS_217507,DDXPlus,Complex,0.4171,0.4926,2.3256,0.2623,1,1,1,group-2,solo,group-3,2030,430,3813
DDXPLUS_218315,DDXPlus,Moderate,0.3384,2.3923,2.3923,0.2525,1,1,1,solo,solo,group-3,418,418,3960
DDXPLUS_219688,DDXPlus,Complex,0.5134,0.4303,0.0,0.0,1,0,0,group-2,solo,group-3,2324,528,4254
DDXPLUS_220569,DDXPlus,Complex,0.824,0.0,0.0,0.0,0,0,0,MDT,solo,group-3,11686,890,5445
DDXPLUS_221030,DDXPlus,Complex,0.4927,0.0,1.4948,0.0,0,1,0,group-2,solo,group-3,2414,669,4389
DDXPLUS_222406,DDXPlus,Complex,0.4841,0.0,1.9305,0.2322,0,1,1,group-2,solo,group-3,2366,518,4307
DDXPLUS_222487,DDXPlus,Complex,0.3886,2.1505,2.1505,0.2475,1,1,1,solo,solo,group-3,465,465,4041
DDXPLUS_222600,DDXPlus,Moderate,0.2442,3.3445,3.3445,0.304,1,1,1,solo,solo,group-3,299,299,3289
DDXPLUS_222801,DDXPlus,Complex,0.5249,0.0,1.5898,0.2486,0,1,1,group-2,solo,group-3,2170,629,4023
DDXPLUS_222854,DDXPlus,Complex,0.5637,0.3997,1.4771,0.2211,1,1,1,group-2,solo,group-3,2502,677,4522
DDXPLUS_222876,DDXPlus,Moderate,0.1369,5.3476,5.3476,0.3036,1,1,1,solo,solo,group-3,187,187,3294
DDXPLUS_223024,DDXPlus,Complex,0.592,0.0,1.2453,0.0,0,1,0,group-2,solo,group-3,2386,803,4341
DDXPLUS_223873,DDXPlus,Complex,0.4383,0.4394,1.9493,0.2391,1,1,1,group-2,solo,group-3,2276,513,4183
DDXPLUS_224000,DDXPlus,Complex,0.492,0.4669,2.0284,0.255,1,1,1,group-2,solo,group-3,2142,493,3922
DDXPLUS_225039,DDXPlus,Complex,0.6384,0.2203,0.0,0.2203,1,0,1,group-3,solo,group-3,4539,604,4539
DDXPLUS_22598,DDXPlus,Complex,0.6697,0.2124,1.2755,0.2124,1,1,1,group-3,solo,group-3,4707,784,4707
DDXPLUS_226186,DDXPlus,Complex,0.4701,0.4382,1.6502,0.2386,1,1,1,group-2,solo,group-3,2282,606,4191
DDXPLUS_226310,DDXPlus,Complex,0.5526,0.3943,0.0,0.2187,1,0,1,group-2,solo,group-3,2536,596,4573
DDXPLUS_226698,DDXPlus,Moderate,0.2117,4.0161,4.0161,0.2806,1,1,1,solo,solo,group-3,249,249,3564
DDXPLUS_227181,DDXPlus,Complex,0.5675,0.0,0.0,0.2242,0,0,1,group-2,solo,group-3,2460,674,4460
DDXPLUS_22780,DDXPlus,Complex,0.4463,0.4355,0.0,0.2374,1,0,1,group-2,solo,group-3,2296,484,4212
DDXPLUS_228993,DDXPlus,Moderate,0.2617,2.4038,2.4038,0.2832,1,1,1,solo,solo,group-3,416,416,3531
DDXPLUS_229675,DDXPlus,Complex,0.4235,0.46,2.0704,0.2482,1,1,1,group-2,solo,group-3,2174,483,4029
DDXPLUS_229991,DDXPlus,Moderate,0.2134,4.1152,4.1152,0.2843,1,1,1,solo,solo,group-3,243,243,3517
DDXPLUS_230212,DDXPlus,Complex,0.4724,0.4421,2.0325,0.2405,1,1,1,group-2,solo,group-3,2262,492,4158
DDXPLUS_230490,DDXPlus,Complex,0.734,0.1989,1.0638,0.1989,1,1,1,group-3,solo,group-3,5028,940,5028
DDXPLUS_230860,DDXPlus,Moderate,0.3209,1.8622,1.8622,0.2628,1,1,1,solo,solo,group-3,537,537,3805
DDXPLUS_233103,DDXPlus,Moderate,0.2897,0.0,0.0,0.2669,0,0,1,solo,solo,group-3,469,469,3747
DDXPLUS_233778,DDXPlus,Complex,0.4437,0.0,2.2989,0.2585,0,1,1,group-2,solo,group-3,2098,435,3868
DDXPLUS_235474,DDXPlus,Moderate,0.229,3.4602,3.4602,0.3172,1,1,1,solo,solo,group-3,289,289,3153
DDXPLUS_235507,DDXPlus,Complex,0.7413,0.0,1.2453,0.0,0,1,0,group-3,solo,group-3,5178,803,5178
DDXPLUS_235738,DDXPlus,Complex,0.4786,0.4545,0.0,0.2458,1,0,1,group-2,solo,group-3,2200,456,4068
DDXPLUS_236258,DDXPlus,Complex,0.802,0.0879,1.0204,0.1908,1,1,1,MDT,solo,group-3,11382,980,5240
DDXPLUS_237603,DDXPlus,Complex,0.5374,0.4078,1.5848,0.2253,1,1,1,group-2,solo,group-3,2452,631,4438
DDXPLUS_239934,DDXPlus,Complex,0.4891,0.4175,2.0325,0.2293,1,1,1,group-2,solo,group-3,2395,492,4362
DDXPLUS_240405,DDXPlus,Moderate,0.2984,2.2989,2.2989,0.2745,1,1,1,solo,solo,group-3,435,435,3643
DDXPLUS_241618,DDXPlus,Complex,0.818,0.0854,1.1455,0.1823,1,1,1,MDT,solo,group-3,11715,873,5484
DDXPLUS_242938,DDXPlus,Complex,0.5299,0.4044,1.5552,0.2233,1,1,1,group-2,solo,group-3,2473,643,4478
DDXPLUS_243708,DDXPlus,Complex,0.794,0.19,1.2361,0.19,1,1,1,group-3,solo,group-3,5264,809,5264
DDXPLUS_243778,DDXPlus,Complex,0.786,0.0,1.1905,0.0,0,1,0,group-3,solo,group-3,5240,840,5240
DDXPLUS_247302,DDXPlus,Complex,0.362,2.4691,2.4691,0.2514,1,1,1,solo,solo,group-3,405,405,3978
DDXPLUS_247506,DDXPlus,Complex,0.406,0.4766,1.8116,0.2554,1,1,1,group-2,solo,group-3,2098,552,3915
DDXPLUS_247850,DDXPlus,Moderate,0.3266,0.0,0.0,0.2543,0,0,1,solo,solo,group-3,436,436,3933
DDXPLUS_248025,DDXPlus,Complex,0.3804,0.0,0.0,0.2531,0,0,1,solo,solo,group-3,457,457,3951
DDXPLUS_248413,DDXPlus,Complex,0.5867,0.4058,1.5974,0.0,1,1,0,group-2,solo,group-3,2464,626,4464
DDXPLUS_248483,DDXPlus,Complex,0.4876,0.4617,1.5723,0.252,1,1,1,group-2,solo,group-3,2166,636,3968
DDXPLUS_249069,DDXPlus,Complex,0.4869,0.4513,1.8051,0.2444,1,1,1,group-2,solo,group-3,2216,554,4092
DDXPLUS_249574,DDXPlus,Complex,0.4518,0.4831,0.0,0.0,1,0,0,group-2,solo,group-3,2070,471,3873
DDXPLUS_24968,DDXPlus,Complex,0.3976,1.9646,1.9646,0.2716,1,1,1,solo,solo,group-3,509,509,3682
DDXPLUS_250536,DDXPlus,Moderate,0.2157,2.3095,2.3095,0.276,1,1,1,solo,solo,group-3,433,433,3623
DDXPLUS_251215,DDXPlus,Complex,0.5053,0.4382,2.0921,0.2391,1,1,1,group-2,solo,group-3,2282,478,4183
DDXPLUS_251911,DDXPlus,Complex,0.491,0.4316,1.6,0.2356,1,1,1,group-2,solo,group-3,2317,625,4244
DDXPLUS_25204,DDXPlus,Moderate,0.303,2.5974,2.5974,0.261,1,1,1,solo,solo,group-3,385,385,3831
DDXPLUS_252370,DDXPlus,Complex,0.443,0.4521,1.6694,0.2447,1,1,1,group-2,solo,group-3,2212,599,4086
DDXPLUS_254231,DDXPlus,Complex,0.5786,0.0,1.7606,0.0,0,1,0,group-2,solo,group-3,2378,568,4335
DDXPLUS_255696,DDXPlus,Complex,0.537,0.4203,2.0243,0.2305,1,1,1,group-2,solo,group-3,2379,494,4338
DDXPLUS_256684,DDXPlus,Simple,0.0868,0.0,0.0,0.0,0,0,0,solo,solo,group-3,140,140,3062
DDXPLUS_257128,DDXPlus,Complex,0.6354,0.2122,1.3569,0.2122,1,1,1,group-3,solo,group-3,4713,737,4713
DDXPLUS_259633,DDXPlus,Complex,0.3996,2.1322,2.1322,0.2602,1,1,1,solo,solo,group-3,469,469,3843
DDXPLUS_260051,DDXPlus,Complex,0.502,0.0,0.0,0.0,0,0,0,group-2,solo,group-3,2336,606,4271
DDXPLUS_260971,DDXPlus,Complex,0.3934,2.7322,2.7322,0.2489,1,1,1,solo,solo,group-3,366,366,4018
DDXPLUS_261410,DDXPlus,Complex,0.614,0.2133,1.1325,0.2133,1,1,1,group-3,solo,group-3,4689,883,4689
DDXPLUS_261829,DDXPlus,Moderate,0.2728,3.7313,3.7313,0.3015,1,1,1,solo,solo,group-3,268,268,3317
DDXPLUS_26185,DDXPlus,Complex,0.5862,0.4296,0.0,0.2376,1,0,1,group-2,solo,group-3,2328,542,4208
DDXPLUS_263315,DDXPlus,Moderate,0.1175,0.0,0.0,0.0,0,0,0,solo,solo,group-3,269,269,3380
DDXPLUS_263460,DDXPlus,Moderate,0.3035,2.457,2.457,0.3016,1,1,1,solo,solo,group-3,407,407,3316
DDXPLUS_264095,DDXPlus,Complex,0.5462,0.4525,1.3263,0.2449,1,1,1,group-2,solo,group-3,2210,754,4083
DDXPLUS_2644,DDXPlus,Complex,0.77,0.2006,0.9823,0.2006,1,1,1,group-3,solo,group-3,4986,1018,4986
DDXPLUS_264849,DDXPlus,Complex,0.3628,2.8011,2.8011,0.2785,1,1,1,solo,solo,group-3,357,357,3591
DDXPLUS_2654,DDXPlus,Complex,0.4133,0.5015,1.9194,0.2685,1,1,1,group-2,solo,group-3,1994,521,3724
DDXPLUS_266341,DDXPlus,Complex,0.4943,0.0,1.6234,0.0,0,1,0,group-2,solo,group-3,2206,616,4077
DDXPLUS_267726,DDXPlus,Moderate,0.1041,5.2632,5.2632,0.3151,1,1,1,solo,solo,group-3,190,190,3174
DDXPLUS_268420,DDXPlus,Complex,0.6751,0.0,1.2285,0.0,0,1,0,group-3,solo,group-3,4653,814,4653
DDXPLUS_268885,DDXPlus,Complex,0.4249,0.4371,1.634,0.2381,1,1,1,group-2,solo,group-3,2288,612,4200
DDXPLUS_269012,DDXPlus,Complex,0.3628,2.6042,2.6042,0.2539,1,1,1,solo,solo,group-3,384,384,3938
DDXPLUS_269680,DDXPlus,Complex,0.6114,0.2141,1.5949,0.2141,1,1,1,group-3,solo,group-3,4671,627,4671
DDXPLUS_270064,DDXPlus,Complex,0.5861,0.4429,1.6,0.2424,1,1,1,group-2,solo,group-3,2258,625,4125
DDXPLUS_270710,DDXPlus,Moderate,0.1695,3.5971,3.5971,0.0,1,1,0,solo,solo,group-3,278,278,3275
DDXPLUS_271405,DDXPlus,Complex,0.6407,0.2007,0.0,0.2007,1,0,1,group-3,solo,group-3,4983,895,4983
DDXPLUS_271410,DDXPlus,Complex,0.3781,2.7322,2.7322,0.2585,1,1,1,solo,solo,group-3,366,366,3868
DDXPLUS_271521,DDXPlus,Complex,0.7113,0.0,0.0,0.0,0,0,0,group-3,solo,group-3,4910,761,4910
DDXPLUS_271576,DDXPlus,Complex,0.6015,0.2315,1.912,0.2315,1,1,1,group-3,solo,group-3,4320,523,4320
DDXPLUS_272503,DDXPlus,Moderate,0.1655,0.0,0.0,0.3351,0,0,1,solo,solo,group-3,206,206,2984
DDXPLUS_273645,DDXPlus,Complex,0.5223,0.4394,2.0921,0.2391,1,1,1,group-2,solo,group-3,2276,478,4182
DDXPLUS_273707,DDXPlus,Complex,0.6497,0.2297,1.4306,0.2297,1,1,1,group-3,solo,group-3,4353,699,4353
DDXPLUS_274277,DDXPlus,Complex,0.8,0.0885,1.0718,0.1851,1,1,1,MDT,solo,group-3,11298,933,5403
DDXPLUS_274869,DDXPlus,Complex,0.6048,0.2215,1.4006,0.2215,1,1,1,group-3,solo,group-3,4514,714,4514
DDXPLUS_275040,DDXPlus,Complex,0.5339,0.4212,1.3175,0.0,1,1,0,group-2,solo,group-3,2374,759,4329
DDXPLUS_275400,DDXPlus,Moderate,0.2903,2.1277,2.1277,0.2883,1,1,1,solo,solo,group-3,470,470,3469
DDXPLUS_275417,DDXPlus,Moderate,0.179,1.938,1.938,0.2975,1,1,1,solo,solo,group-3,516,516,3361
DDXPLUS_275795,DDXPlus,Complex,0.7233,0.2041,1.1236,0.2041,1,1,1,group-3,solo,group-3,4899,890,4899
DDXPLUS_276521,DDXPlus,Moderate,0.2411,0.0,0.0,0.2826,0,0,1,solo,solo,group-3,269,269,3539
DDXPLUS_276911,DDXPlus,Complex,0.6014,0.2273,1.8416,0.2273,1,1,1,group-3,solo,group-3,4400,543,4400
DDXPLUS_278553,DDXPlus,Moderate,0.3465,2.7322,2.7322,0.261,1,1,1,solo,solo,group-3,366,366,3831
DDXPLUS_280670,DDXPlus,Complex,0.5422,0.4219,1.8382,0.2313,1,1,1,group-2,solo,group-3,2370,544,4323
DDXPLUS_282360,DDXPlus,Complex,0.5863,0.0,0.0,0.0,0,0,0,group-2,solo,group-3,2326,540,4257
DDXPLUS_282907,DDXPlus,Complex,0.4155,0.4566,1.8248,0.2468,1,1,1,group-2,solo,group-3,2190,548,4052
DDXPLUS_283780,DDXPlus,Complex,0.5022,0.4172,1.9569,0.2291,1,1,1,group-2,solo,group-3,2397,511,4365
DDXPLUS_284158,DDXPlus,Complex,0.836,0.0847,1.1325,0.1851,1,1,1,MDT,solo,group-3,11806,883,5403
DDXPLUS_284374,DDXPlus,Moderate,0.3168,3.3113,3.3113,0.2598,1,1,1,solo,solo,group-3,302,302,3849
DDXPLUS_285150,DDXPlus,Complex,0.596,0.0,1.5576,0.0,0,1,0,group-2,solo,group-3,2607,642,4680
DDXPLUS_286459,DDXPlus,Moderate,0.2741,2.6385,2.6385,0.2605,1,1,1,solo,solo,group-3,379,379,3839
DDXPLUS_286822,DDXPlus,Complex,0.362,2.5974,2.5974,0.2595,1,1,1,solo,solo,group-3,385,385,3853
DDXPLUS_287259,DDXPlus,Complex,0.4909,0.4456,2.1277,0.2419,1,1,1,group-2,solo,group-3,2244,470,4134
DDXPLUS_288259,DDXPlus,Complex,0.631,0.2346,1.5198,0.2346,1,1,1,group-3,solo,group-3,4263,658,4263
DDXPLUS_288525,DDXPlus,Moderate,0.3343,2.5907,2.5907,0.2638,1,1,1,solo,solo,group-3,386,386,3791
DDXPLUS_288612,DDXPlus,Complex,0.4634,0.0,1.6611,0.2383,0,1,1,group-2,solo,group-3,2286,602,4196
DDXPLUS_289502,DDXPlus,Complex,0.581,0.0,0.0,0.0,0,0,0,group-2,solo,group-3,2474,783,4479
DDXPLUS_290776,DDXPlus,Complex,0.4616,0.4817,2.1368,0.26,1,1,1,group-2,solo,group-3,2076,468,3846
DDXPLUS_29229,DDXPlus,Complex,0.4808,0.0,0.0,0.2447,0,0,1,group-2,solo,group-3,2224,473,4087
DDXPLUS_292837,DDXPlus,Complex,0.384,0.0,0.0,0.0,0,0,0,solo,solo,group-3,419,419,3834
DDXPLUS_293597,DDXPlus,Complex,0.624,0.2107,1.4245,0.2107,1,1,1,group-3,solo,group-3,4746,702,4746
DDXPLUS_293848,DDXPlus,Complex,0.492,0.0,0.0,0.0,0,0,0,group-2,solo,group-3,2218,465,4094
DDXPLUS_293895,DDXPlus,Complex,0.802,0.0898,1.224,0.1936,1,1,1,MDT,solo,group-3,11131,817,5166
DDXPLUS_294222,DDXPlus,Moderate,0.227,4.0816,4.0816,0.2906,1,1,1,solo,solo,group-3,245,245,3441
DDXPLUS_294383,DDXPlus,Complex,0.3942,1.7241,1.7241,0.0,1,1,0,solo,solo,group-3,580,580,4227
DDXPLUS_294614,DDXPlus,Complex,0.4441,0.0,0.0,0.0,0,0,0,group-2,solo,group-3,2280,483,4188
DDXPLUS_296218,DDXPlus,Complex,0.541,0.4216,1.6835,0.2312,1,1,1,group-2,solo,group-3,2372,594,4326
DDXPLUS_297154,DDXPlus,Moderate,0.181,1.8484,1.8484,0.3108,1,1,1,solo,solo,group-3,541,541,3217
DDXPLUS_297521,DDXPlus,Complex,0.3906,0.0,0.0,0.0,0,0,0,solo,solo,group-3,597,597,3792
DDXPLUS_297616,DDXPlus,Complex,0.598,0.0,1.2658,0.0,0,1,0,group-2,solo,group-3,2563,790,4614
DDXPLUS_299013,DDXPlus,Complex,0.4164,0.4384,2.2472,0.2386,1,1,1,group-2,solo,group-3,2281,445,4191
DDXPLUS_29914,DDXPlus,Moderate,0.275,2.71,2.71,0.2946,1,1,1,solo,solo,group-3,369,369,3395
DDXPLUS_299424,DDXPlus,Complex,0.4237,0.4686,1.7606,0.252,1,1,1,group-2,solo,group-3,2134,568,3968
DDXPLUS_299835,DDXPlus,Complex,0.413,0.5482,0.0,0.2863,1,0,1,group-2,solo,group-3,1824,397,3493
DDXPLUS_300921,DDXPlus,Complex,0.4386,0.4533,2.3474,0.2452,1,1,1,group-2,solo,group-3,2206,426,4078
DDXPLUS_301901,DDXPlus,Complex,0.5697,0.411,1.497,0.2263,1,1,1,group-2,solo,group-3,2433,668,4419
DDXPLUS_302223,DDXPlus,Moderate,0.3466,0.0,0.0,0.0,0,0,0,solo,solo,group-3,364,364,3765
DDXPLUS_302550,DDXPlus,Complex,0.4267,0.0,0.0,0.2526,0,0,1,group-2,solo,group-3,2156,421,3959
DDXPLUS_303348,DDXPlus,Complex,0.5093,0.0,0.0,0.0,0,0,0,group-2,solo,group-3,2408,519,4380
DDXPLUS_303598,DDXPlus,Complex,0.4635,0.4558,1.4837,0.2469,1,1,1,group-2,solo,group-3,2194,674,4050
DDXPLUS_304087,DDXPlus,Complex,0.4436,0.4831,2.4096,0.2583,1,1,1,group-2,solo,group-3,2070,415,3872
DDXPLUS_304177,DDXPlus,Complex,0.7727,0.1986,1.0753,0.1986,1,1,1,group-3,solo,group-3,5034,930,5034
DDXPLUS_305060,DDXPlus,Complex,0.384,0.0,0.0,0.0,0,0,0,solo,solo,group-3,709,709,4160
DDXPLUS_305208,DDXPlus,Complex,0.408,0.0,2.381,0.0,0,1,0,group-2,solo,group-3,2134,420,3965
DDXPLUS_305678,DDXPlus,Complex,0.698,0.1983,1.2594,0.1983,1,1,1,group-3,solo,group-3,5042,794,5042
DDXPLUS_306128,DDXPlus,Complex,0.4535,0.0,1.4793,0.0,0,1,0,group-2,solo,group-3,2361,676,4311
DDXPLUS_307354,DDXPlus,Moderate,0.1871,2.331,2.331,0.2762,1,1,1,solo,solo,group-3,429,429,3621
DDXPLUS_307482,DDXPlus,Complex,0.4636,0.4425,2.2371,0.2405,1,1,1,group-2,solo,group-3,2260,447,4158
DDXPLUS_309092,DDXPlus,Complex,0.5308,0.4248,0.0,0.2326,1,0,1,group-2,solo,group-3,2354,540,4299
DDXPLUS_309935,DDXPlus,Complex,0.5596,0.0,1.6529,0.224,0,1,1,group-2,solo,group-3,2463,605,4464
DDXPLUS_309968,DDXPlus,Complex,0.4808,0.4283,2.0121,0.2345,1,1,1,group-2,solo,group-3,2335,497,4265
DDXPLUS_310346,DDXPlus,Simple,0.0888,7.4074,7.4074,0.3305,1,1,1,solo,solo,group-3,135,135,3026
DDXPLUS_310594,DDXPlus,Complex,0.4039,0.0,1.8215,0.0,0,1,0,group-2,solo,group-3,2104,549,3924
DDXPLUS_310853,DDXPlus,Complex,0.5289,0.0,0.0,0.0,0,0,0,group-2,solo,group-3,2444,777,4434
DDXPLUS_311316,DDXPlus,Complex,0.558,0.3839,1.6584,0.2138,1,1,1,group-2,solo,group-3,2605,603,4677
DDXPLUS_311500,DDXPlus,Complex,0.5135,0.0,0.0,0.0,0,0,0,group-2,solo,group-3,2346,526,4287
DDXPLUS_312437,DDXPlus,Moderate,0.3496,2.008,2.008,0.2779,1,1,1,solo,solo,group-3,498,498,3598
DDXPLUS_313200,DDXPlus,Complex,0.4197,0.4464,2.1322,0.2422,1,1,1,group-2,solo,group-3,2240,469,4128
DDXPLUS_313271,DDXPlus,Complex,0.4691,0.4301,2.0877,0.0,1,1,0,group-2,solo,group-3,2325,479,4257
DDXPLUS_314170,DDXPlus,Moderate,0.3342,2.7933,2.7933,0.2767,1,1,1,solo,solo,group-3,358,358,3614
DDXPLUS_315110,DDXPlus,Complex,0.6363,0.0,0.0,0.0,0,0,0,group-3,solo,group-3,4473,591,4473
DDXPLUS_315857,DDXPlus,Complex,0.4289,0.0,0.0,0.0,0,0,0,group-2,solo,group-3,2142,549,3952
DDXPLUS_317361,DDXPlus,Complex,0.5511,0.4277,1.9841,0.234,1,1,1,group-2,solo,group-3,2338,504,4274
DDXPLUS_317572,DDXPlus,Complex,0.6548,0.0,0.0,0.0,0,0,0,group-3,solo,group-3,4723,670,4723
DDXPLUS_318123,DDXPlus,Complex,0.495,0.4484,1.5385,0.2431,1,1,1,group-2,solo,group-3,2230,650,4114
DDXPLUS_318156,DDXPlus,Complex,0.6355,0.2131,1.2107,0.2131,1,1,1,group-3,solo,group-3,4692,826,4692
DDXPLUS_318623,DDXPlus,Complex,0.5042,0.4448,0.0,0.0,1,0,0,group-2,solo,group-3,2248,555,4140
DDXPLUS_31864,DDXPlus,Complex,0.4308,0.0,0.0,0.0,0,0,0,group-2,solo,group-3,2066,470,3835
DDXPLUS_319770,DDXPlus,Complex,0.732,0.0,0.0,0.0,0,0,0,group-3,solo,group-3,4989,836,4989
DDXPLUS_320011,DDXPlus,Moderate,0.1637,3.4247,3.4247,0.0,1,1,0,solo,solo,group-3,292,292,3510
DDXPLUS_320075,DDXPlus,Complex,0.7413,0.2014,1.3699,0.2014,1,1,1,group-3,solo,group-3,4965,730,4965
DDXPLUS_321817,DDXPlus,Moderate,0.3049,0.0,0.0,0.0,0,0,0,solo,solo,group-3,362,362,3792
DDXPLUS_322010,DDXPlus,Complex,0.537,0.0,1.3441,0.2291,0,1,1,group-2,solo,group-3,2398,744,4365
DDXPLUS_322519,DDXPlus,Moderate,0.2024,0.0,0.0,0.2859,0,0,1,solo,solo,group-3,269,269,3498
DDXPLUS_322659,DDXPlus,Complex,0.443,0.0,1.4993,0.0,0,1,0,group-2,solo,group-3,2325,667,4237
DDXPLUS_323368,DDXPlus,Complex,0.4767,0.4386,1.6026,0.2388,1,1,1,group-2,solo,group-3,2280,624,4188
DDXPLUS_323697,DDXPlus,Complex,0.4971,0.0,1.2346,0.0,0,1,0,group-2,solo,group-3,2431,810,4416
DDXPLUS_323710,DDXPlus,Complex,0.3771,2.6596,2.6596,0.2522,1,1,1,solo,solo,group-3,376,376,3965
DDXPLUS_325743,DDXPlus,Moderate,0.3537,1.8587,1.8587,0.2566,1,1,1,solo,solo,group-3,538,538,3897
DDXPLUS_326859,DDXPlus,Complex,0.4943,0.444,1.7422,0.0,1,1,0,group-2,solo,group-3,2252,574,4127
DDXPLUS_327493,DDXPlus,Moderate,0.3446,0.0,0.0,0.0,0,0,0,solo,solo,group-3,360,360,3873
DDXPLUS_328270,DDXPlus,Complex,0.5786,0.0,1.8416,0.2303,0,1,1,group-2,solo,group-3,2382,543,4342
DDXPLUS_328325,DDXPlus,Complex,0.367,2.4038,2.4038,0.2753,1,1,1,solo,solo,group-3,416,416,3633
DDXPLUS_328767,DDXPlus,Complex,0.45,0.4766,2.4155,0.2554,1,1,1,group-2,solo,group-3,2098,414,3915
DDXPLUS_329077,DDXPlus,Complex,0.774,0.0,0.0,0.0,0,0,0,group-3,solo,group-3,5106,1020,5106
DDXPLUS_329792,DDXPlus,Complex,0.5073,0.4566,1.6667,0.2509,1,1,1,group-2,solo,group-3,2190,600,3985
DDXPLUS_330500,DDXPlus,Complex,0.3926,2.331,2.331,0.2565,1,1,1,solo,solo,group-3,429,429,3899
DDXPLUS_332232,DDXPlus,Complex,0.4298,0.4338,1.4514,0.0,1,1,0,group-2,solo,group-3,2305,689,4218
DDXPLUS_332404,DDXPlus,Complex,0.6028,0.2136,1.1891,0.2136,1,1,1,group-3,solo,group-3,4682,841,4682
DDXPLUS_333599,DDXPlus,Complex,0.4109,0.5066,2.4752,0.2682,1,1,1,group-2,solo,group-3,1974,404,3729
DDXPLUS_333974,DDXPlus,Moderate,0.1502,0.0,0.0,0.3516,0,0,1,solo,solo,group-3,204,204,2844
DDXPLUS_334371,DDXPlus,Complex,0.5114,0.0,1.6,0.2405,0,1,1,group-2,solo,group-3,2264,625,4158
DDXPLUS_335461,DDXPlus,Moderate,0.3366,2.0704,2.0704,0.2641,1,1,1,solo,solo,group-3,483,483,3786
DDXPLUS_335672,DDXPlus,Complex,0.6335,0.2163,1.2005,0.2163,1,1,1,group-3,solo,group-3,4623,833,4623
DDXPLUS_335830,DDXPlus,Complex,0.4947,0.4002,1.2887,0.2213,1,1,1,group-2,solo,group-3,2499,776,4518
DDXPLUS_336156,DDXPlus,Complex,0.5152,0.4214,0.0,0.231,1,0,1,group-2,solo,group-3,2373,545,4329
DDXPLUS_336524,DDXPlus,Complex,0.7327,0.0,1.0537,0.0,0,1,0,group-3,solo,group-3,4980,949,4980
DDXPLUS_336571,DDXPlus,Complex,0.5022,0.4314,2.0833,0.2356,1,1,1,group-2,solo,group-3,2318,480,4245
DDXPLUS_336984,DDXPlus,Moderate,0.3343,2.1186,2.1186,0.2665,1,1,1,solo,solo,group-3,472,472,3753
DDXPLUS_338188,DDXPlus,Complex,0.5228,0.0,0.0,0.0,0,0,0,group-2,solo,group-3,2256,497,4152
DDXPLUS_338620,DDXPlus,Moderate,0.2903,3.3557,3.3557,0.2847,1,1,1,solo,solo,group-3,298,298,3513
DDXPLUS_338648,DDXPlus,Complex,0.4308,0.4554,2.079,0.2462,1,1,1,group-2,solo,group-3,2196,481,4062
DDXPLUS_338813,DDXPlus,Complex,0.6637,0.2168,1.6584,0.2168,1,1,1,group-3,solo,group-3,4613,603,4613
DDXPLUS_339091,DDXPlus,Complex,0.5522,0.0,1.9881,0.0,0,1,0,group-2,solo,group-3,2377,503,4335
DDXPLUS_342338,DDXPlus,Moderate,0.1194,7.1942,7.1942,0.3224,1,1,1,solo,solo,group-3,139,139,3102
DDXPLUS_343697,DDXPlus,Complex,0.4595,0.4726,0.0,0.2594,1,0,1,group-2,solo,group-3,2116,450,3855
DDXPLUS_345128,DDXPlus,Complex,0.623,0.219,1.5129,0.219,1,1,1,group-3,solo,group-3,4566,661,4566
DDXPLUS_34646,DDXPlus,Moderate,0.2134,3.0769,3.0769,0.3059,1,1,1,solo,solo,group-3,325,325,3269
DDXPLUS_347144,DDXPlus,Moderate,0.1214,0.0,0.0,0.0,0,0,0,solo,solo,group-3,208,208,2994
DDXPLUS_348526,DDXPlus,Complex,0.7374,0.203,1.0299,0.203,1,1,1,group-3,solo,group-3,4925,971,4925
DDXPLUS_349705,DDXPlus,Moderate,0.3095,1.9763,1.9763,0.2714,1,1,1,solo,solo,group-3,506,506,3684
DDXPLUS_351846,DDXPlus,Complex,0.806,0.0,0.0,0.0,0,0,0,MDT,solo,group-3,11360,1109,5271
DDXPLUS_354296,DDXPlus,Complex,0.762,0.0,0.0,0.0,0,0,0,group-3,solo,group-3,5114,910,5114
DDXPLUS_355165,DDXPlus,Complex,0.4439,0.4892,1.9763,0.2638,1,1,1,group-2,solo,group-3,2044,506,3791
DDXPLUS_355781,DDXPlus,Complex,0.4592,0.4643,2.3641,0.2501,1,1,1,group-2,solo,group-3,2154,423,3998
DDXPLUS_355915,DDXPlus,Complex,0.406,0.0,0.0,0.0,0,0,0,group-2,solo,group-3,2229,487,4113
DDXPLUS_356594,DDXPlus,Complex,0.7669,0.1943,1.2804,0.1943,1,1,1,group-3,solo,group-3,5146,781,5146
DDXPLUS_358039,DDXPlus,Moderate,0.1348,4.2194,4.2194,0.3199,1,1,1,solo,solo,group-3,237,237,3126
DDXPLUS_359161,DDXPlus,Moderate,0.3224,2.1598,2.1598,0.2561,1,1,1,solo,solo,group-3,463,463,3905
DDXPLUS_359289,DDXPlus,Complex,0.3978,2.4876,2.4876,0.2621,1,1,1,solo,solo,group-3,402,402,3815
DDXPLUS_360179,DDXPlus,Complex,0.5124,0.439,1.4265,0.2389,1,1,1,group-2,solo,group-3,2278,701,4185
DDXPLUS_360702,DDXPlus,Complex,0.4109,0.4912,1.8083,0.2616,1,1,1,group-2,solo,group-3,2036,553,3822
DDXPLUS_361147,DDXPlus,Complex,0.5266,0.4695,2.1142,0.2523,1,1,1,group-2,solo,group-3,2130,473,3963
DDXPLUS_361230,DDXPlus,Moderate,0.1349,4.6083,4.6083,0.3101,1,1,1,solo,solo,group-3,217,217,3225
DDXPLUS_361800,DDXPlus,Complex,0.4869,0.0,1.7513,0.0,0,1,0,group-2,solo,group-3,2278,571,4186
DDXPLUS_362320,DDXPlus,Moderate,0.3016,2.2676,2.2676,0.2796,1,1,1,solo,solo,group-3,441,441,3576
DDXPLUS_362629,DDXPlus,Complex,0.5503,0.4284,1.8657,0.2342,1,1,1,group-2,solo,group-3,2334,536,4269
DDXPLUS_362641,DDXPlus,Complex,0.4212,0.0,2.1008,0.2491,0,1,1,group-2,solo,group-3,2164,476,4014
DDXPLUS_362664,DDXPlus,Moderate,0.3058,0.0,0.0,0.0,0,0,0,solo,solo,group-3,335,335,3547
DDXPLUS_362683,DDXPlus,Complex,0.5472,0.0,1.4006,0.0,0,1,0,group-2,solo,group-3,2445,714,4437
DDXPLUS_36378,DDXPlus,Moderate,0.2117,4.1841,4.1841,0.2974,1,1,1,solo,solo,group-3,239,239,3363
DDXPLUS_3644,DDXPlus,Complex,0.4027,0.0,0.0,0.0,0,0,0,group-2,solo,group-3,2400,503,4368
DDXPLUS_36448,DDXPlus,Complex,0.3936,2.4331,2.4331,0.2578,1,1,1,solo,solo,group-3,411,411,3879
DDXPLUS_366128,DDXPlus,Complex,0.5248,0.4621,0.0,0.2526,1,0,1,group-2,solo,group-3,2164,495,3959
DDXPLUS_366184,DDXPlus,Complex,0.6445,0.0,1.2136,0.0,0,1,0,group-3,solo,group-3,4668,824,4668
DDXPLUS_366772,DDXPlus,Complex,0.3771,1.9342,1.9342,0.2606,1,1,1,solo,solo,group-3,517,517,3837
DDXPLUS_3676,DDXPlus,Complex,0.728,0.2005,1.1455,0.2005,1,1,1,group-3,solo,group-3,4987,873,4987
DDXPLUS_368504,DDXPlus,Complex,0.3672,2.0661,2.0661,0.2625,1,1,1,solo,solo,group-3,484,484,3810
DDXPLUS_368980,DDXPlus,Moderate,0.3225,2.2222,2.2222,0.2508,1,1,1,solo,solo,group-3,450,450,3988
DDXPLUS_369591,DDXPlus,Moderate,0.275,0.0,0.0,0.2865,0,0,1,solo,solo,group-3,290,290,3491
DDXPLUS_369763,DDXPlus,Complex,0.4301,0.0,0.0,0.0,0,0,0,group-2,solo,group-3,2172,605,4026
DDXPLUS_369990,DDXPlus,Complex,0.3685,2.1978,2.1978,0.2455,1,1,1,solo,solo,group-3,455,455,4074
DDXPLUS_370158,DDXPlus,Complex,0.6016,0.0,0.0,0.0,0,0,0,group-3,solo,group-3,4295,556,4295
DDXPLUS_371285,DDXPlus,Simple,0.0868,0.0,0.0,0.0,0,0,0,solo,solo,group-3,132,132,3041
DDXPLUS_372003,DDXPlus,Moderate,0.2261,2.9326,2.9326,0.2654,1,1,1,solo,solo,group-3,341,341,3768
DDXPLUS_372760,DDXPlus,Complex,0.7374,0.196,1.1765,0.196,1,1,1,group-3,solo,group-3,5103,850,5103
DDXPLUS_373158,DDXPlus,Moderate,0.2906,2.3364,2.3364,0.279,1,1,1,solo,solo,group-3,428,428,3584
DDXPLUS_373692,DDXPlus,Complex,0.3686,2.3529,2.3529,0.2543,1,1,1,solo,solo,group-3,425,425,3933
DDXPLUS_373998,DDXPlus,Moderate,0.3212,0.0,0.0,0.2771,0,0,1,solo,solo,group-3,360,360,3609
DDXPLUS_374084,DDXPlus,Complex,0.4019,0.4713,1.6722,0.2532,1,1,1,group-2,solo,group-3,2122,598,3950
DDXPLUS_375710,DDXPlus,Complex,0.7234,0.0,0.0,0.0,0,0,0,group-3,solo,group-3,4800,789,4800
DDXPLUS_3763,DDXPlus,Complex,0.4562,0.0,0.0,0.0,0,0,0,group-2,solo,group-3,2330,646,4263
DDXPLUS_376812,DDXPlus,Complex,0.4282,0.478,1.9531,0.256,1,1,1,group-2,solo,group-3,2092,512,3906
DDXPLUS_378074,DDXPlus,Moderate,0.273,3.2468,3.2468,0.2974,1,1,1,solo,solo,group-3,308,308,3363
DDXPLUS_378218,DDXPlus,Moderate,0.3364,1.9608,1.9608,0.2695,1,1,1,solo,solo,group-3,510,510,3711
DDXPLUS_379001,DDXPlus,Complex,0.3981,0.0,0.0,0.0,0,0,0,solo,solo,group-3,424,424,4169
DDXPLUS_379079,DDXPlus,Complex,0.4876,0.455,2.2727,0.246,1,1,1,group-2,solo,group-3,2198,440,4065
DDXPLUS_380112,DDXPlus,Complex,0.3803,2.5189,2.5189,0.2582,1,1,1,solo,solo,group-3,397,397,3873
DDXPLUS_38019,DDXPlus,Complex,0.6593,0.2002,1.0537,0.2002,1,1,1,group-3,solo,group-3,4995,949,4995
DDXPLUS_380393,DDXPlus,Complex,0.4082,0.4554,2.3148,0.2499,1,1,1,group-2,solo,group-3,2196,432,4001
DDXPLUS_382366,DDXPlus,Moderate,0.1828,3.8023,3.8023,0.3041,1,1,1,solo,solo,group-3,263,263,3288
DDXPLUS_382566,DDXPlus,Complex,0.62,0.2233,1.2438,0.2233,1,1,1,group-3,solo,group-3,4479,804,4479
DDXPLUS_383183,DDXPlus,Complex,0.5363,0.4029,1.7513,0.2227,1,1,1,group-2,solo,group-3,2482,571,4491
DDXPLUS_383713,DDXPlus,Moderate,0.3069,2.457,2.457,0.2592,1,1,1,solo,solo,group-3,407,407,3858
DDXPLUS_383817,DDXPlus,Complex,0.3928,0.0,0.0,0.2503,0,0,1,solo,solo,group-3,478,478,3995
DDXPLUS_384529,DDXPlus,Moderate,0.3293,2.0534,2.0534,0.2634,1,1,1,solo,solo,group-3,487,487,3797
DDXPLUS_385631,DDXPlus,Complex,0.79,0.1899,1.0753,0.1899,1,1,1,group-3,solo,group-3,5265,930,5265
DDXPLUS_385645,DDXPlus,Complex,0.5095,0.0,2.1053,0.2523,0,1,1,group-2,solo,group-3,2130,475,3963
DDXPLUS_385753,DDXPlus,Complex,0.5248,0.4409,1.9881,0.2452,1,1,1,group-2,solo,group-3,2268,503,4078
DDXPLUS_386501,DDXPlus,Complex,0.4616,0.0,0.0,0.0,0,0,0,group-2,solo,group-3,2320,514,4247
DDXPLUS_386608,DDXPlus,Moderate,0.2722,0.0,0.0,0.0,0,0,0,solo,solo,group-3,543,543,3708
DDXPLUS_387185,DDXPlus,Moderate,0.1501,6.4103,6.4103,0.3136,1,1,1,solo,solo,group-3,156,156,3189
DDXPLUS_387316,DDXPlus,Complex,0.7689,0.1944,1.2151,0.1944,1,1,1,group-3,solo,group-3,5145,823,5145
DDXPLUS_387365,DDXPlus,Moderate,0.3398,1.9268,1.9268,0.2669,1,1,1,solo,solo,group-3,519,519,3747
DDXPLUS_387751,DDXPlus,Complex,0.6229,0.0,0.0,0.0,0,0,0,group-3,solo,group-3,4424,711,4424
DDXPLUS_389342,DDXPlus,Moderate,0.2923,1.9724,1.9724,0.2582,1,1,1,solo,solo,group-3,507,507,3873
DDXPLUS_389937,DDXPlus,Complex,0.4521,0.0,1.6892,0.0,0,1,0,group-2,solo,group-3,2184,592,4043
DDXPLUS_390480,DDXPlus,Moderate,0.3475,3.1153,3.1153,0.2735,1,1,1,solo,solo,group-3,321,321,3656
DDXPLUS_390608,DDXPlus,Complex,0.3766,1.5649,1.5649,0.2568,1,1,1,solo,solo,group-3,639,639,3894
DDXPLUS_392427,DDXPlus,Complex,0.5093,0.4566,1.4451,0.2467,1,1,1,group-2,solo,group-3,2190,692,4053
DDXPLUS_393035,DDXPlus,Complex,0.5786,0.4024,1.4641,0.2224,1,1,1,group-2,solo,group-3,2485,683,4497
DDXPLUS_393181,DDXPlus,Complex,0.3771,1.9157,1.9157,0.2586,1,1,1,solo,solo,group-3,522,522,3867
DDXPLUS_394404,DDXPlus,Complex,0.5439,0.0,0.0,0.0,0,0,0,group-2,solo,group-3,2326,627,4257
DDXPLUS_394418,DDXPlus,Complex,0.4462,0.4822,2.2523,0.2623,1,1,1,group-2,solo,group-3,2074,444,3812
DDXPLUS_394456,DDXPlus,Moderate,0.3137,1.9157,1.9157,0.2723,1,1,1,solo,solo,group-3,522,522,3672
DDXPLUS_39486,DDXPlus,Complex,0.4686,0.0,1.5699,0.2329,0,1,1,group-2,solo,group-3,2350,637,4293
DDXPLUS_395953,DDXPlus,Complex,0.4019,0.4708,2.0408,0.2529,1,1,1,group-2,solo,group-3,2124,490,3954
DDXPLUS_396458,DDXPlus,Simple,0.0868,0.0,0.0,0.0,0,0,0,solo,solo,group-3,240,240,3239
DDXPLUS_396869,DDXPlus,Complex,0.4984,0.4303,1.8904,0.2379,1,1,1,group-2,solo,group-3,2324,529,4204
DDXPLUS_397847,DDXPlus,Complex,0.6088,0.0,0.0,0.0,0,0,0,group-3,solo,group-3,4644,587,4644
DDXPLUS_398335,DDXPlus,Complex,0.415,0.4604,1.5649,0.2484,1,1,1,group-2,solo,group-3,2172,639,4026
DDXPLUS_3992,DDXPlus,Complex,0.4879,0.0,1.6694,0.0,0,1,0,group-2,solo,group-3,2344,599,4284
DDXPLUS_399360,DDXPlus,Complex,0.4409,0.4613,2.2779,0.2488,1,1,1,group-2,solo,group-3,2168,439,4020
DDXPLUS_401447,DDXPlus,Complex,0.4325,0.4581,1.5974,0.2473,1,1,1,group-2,solo,group-3,2183,626,4044
DDXPLUS_401860,DDXPlus,Complex,0.5195,0.4149,1.2937,0.0,1,1,0,group-2,solo,group-3,2410,773,4384
DDXPLUS_402584,DDXPlus,Moderate,0.1022,0.0,0.0,0.0,0,0,0,solo,solo,group-3,201,201,2947
DDXPLUS_403075,DDXPlus,Complex,0.396,2.5316,2.5316,0.2581,1,1,1,solo,solo,group-3,395,395,3874
DDXPLUS_403329,DDXPlus,Complex,0.492,0.0,1.9268,0.2435,0,1,1,group-2,solo,group-3,2226,519,4106
DDXPLUS_403377,DDXPlus,Moderate,0.3495,3.3223,3.3223,0.2712,1,1,1,solo,solo,group-3,301,301,3687
DDXPLUS_403407,DDXPlus,Moderate,0.305,1.7986,1.7986,0.0,1,1,0,solo,solo,group-3,556,556,3929
DDXPLUS_403875,DDXPlus,Complex,0.7163,0.0,1.0953,0.0,0,1,0,group-3,solo,group-3,4950,913,4950
DDXPLUS_405474,DDXPlus,Complex,0.5876,0.3812,1.3831,0.2126,1,1,1,group-2,solo,group-3,2623,723,4704
DDXPLUS_406026,DDXPlus,Complex,0.4542,0.435,1.634,0.2371,1,1,1,group-2,solo,group-3,2299,612,4218
DDXPLUS_406081,DDXPlus,Moderate,0.319,1.9305,1.9305,0.2896,1,1,1,solo,solo,group-3,518,518,3453
DDXPLUS_407053,DDXPlus,Moderate,0.353,2.2989,2.2989,0.2496,1,1,1,solo,solo,group-3,435,435,4006
DDXPLUS_407924,DDXPlus,Moderate,0.179,2.8409,2.8409,0.296,1,1,1,solo,solo,group-3,352,352,3378
DDXPLUS_407935,DDXPlus,Moderate,0.2882,2.8736,2.8736,0.2763,1,1,1,solo,solo,group-3,348,348,3619
DDXPLUS_40876,DDXPlus,Complex,0.5044,0.4196,1.387,0.2302,1,1,1,group-2,solo,group-3,2383,721,4344
DDXPLUS_409030,DDXPlus,Complex,0.3939,1.9646,1.9646,0.2543,1,1,1,solo,solo,group-3,509,509,3932
DDXPLUS_409104,DDXPlus,Complex,0.4397,0.4955,0.0,0.2635,1,0,1,group-2,solo,group-3,2018,421,3795
DDXPLUS_409107,DDXPlus,Complex,0.5421,0.0,0.0,0.0,0,0,0,group-2,solo,group-3,2130,477,3924
DDXPLUS_409337,DDXPlus,Complex,0.4478,0.4365,0.0,0.2387,1,0,1,group-2,solo,group-3,2291,525,4189
DDXPLUS_410157,DDXPlus,Complex,0.6254,0.0,0.0,0.0,0,0,0,group-3,solo,group-3,4743,644,4743
DDXPLUS_411022,DDXPlus,Moderate,0.3036,3.0488,3.0488,0.2847,1,1,1,solo,solo,group-3,328,328,3513
DDXPLUS_411375,DDXPlus,Moderate,0.1674,0.0,0.0,0.0,0,0,0,solo,solo,group-3,213,213,3210
DDXPLUS_412140,DDXPlus,Complex,0.365,2.7027,2.7027,0.2625,1,1,1,solo,solo,group-3,370,370,3809
DDXPLUS_412314,DDXPlus,Moderate,0.2761,3.0864,3.0864,0.2693,1,1,1,solo,solo,group-3,324,324,3714
DDXPLUS_412716,DDXPlus,Complex,0.6393,0.0,1.1723,0.0,0,1,0,group-3,solo,group-3,4508,853,4508
DDXPLUS_413280,DDXPlus,Moderate,0.2574,3.8911,3.8911,0.2732,1,1,1,solo,solo,group-3,257,257,3660
DDXPLUS_413445,DDXPlus,Moderate,0.3537,2.4752,2.4752,0.2518,1,1,1,solo,solo,group-3,404,404,3972
DDXPLUS_414650,DDXPlus,Moderate,0.303,2.2124,2.2124,0.2671,1,1,1,solo,solo,group-3,452,452,3744
DDXPLUS_41746,DDXPlus,Complex,0.7294,0.2033,1.2937,0.2033,1,1,1,group-3,solo,group-3,4920,773,4920
DDXPLUS_417901,DDXPlus,Complex,0.361,0.0,0.0,0.0,0,0,0,solo,solo,group-3,590,590,3879
DDXPLUS_417923,DDXPlus,Complex,0.806,0.0919,1.046,0.1963,1,1,1,MDT,solo,group-3,10885,956,5094
DDXPLUS_418037,DDXPlus,Complex,0.4739,0.431,1.5106,0.2354,1,1,1,group-2,solo,group-3,2320,662,4248
DDXPLUS_418693,DDXPlus,Complex,0.5851,0.4112,1.845,0.2264,1,1,1,group-2,solo,group-3,2432,542,4416
DDXPLUS_419056,DDXPlus,Complex,0.4102,0.4417,0.0,0.2402,1,0,1,group-2,solo,group-3,2264,424,4164
DDXPLUS_422331,DDXPlus,Moderate,0.2372,2.2371,2.2371,0.0,1,1,0,solo,solo,group-3,447,447,3711
DDXPLUS_422816,DDXPlus,Complex,0.6867,0.2002,0.0,0.2002,1,0,1,group-3,solo,group-3,4995,760,4995
DDXPLUS_42287,DDXPlus,Complex,0.6597,0.0,1.6556,0.0,0,1,0,group-3,solo,group-3,4644,604,4644
DDXPLUS_42395,DDXPlus,Complex,0.5397,0.4444,1.4451,0.2414,1,1,1,group-2,solo,group-3,2250,692,4143
DDXPLUS_424897,DDXPlus,Complex,0.4657,0.4363,1.773,0.2378,1,1,1,group-2,solo,group-3,2292,564,4206
DDXPLUS_425852,DDXPlus,Complex,0.5746,0.0,1.8868,0.0,0,1,0,group-2,solo,group-3,2455,530,4452
DDXPLUS_426633,DDXPlus,Complex,0.7347,0.1988,1.2706,0.1988,1,1,1,group-3,solo,group-3,5031,787,5031
DDXPLUS_426800,DDXPlus,Complex,0.4501,0.4686,0.0,0.0,1,0,0,group-2,solo,group-3,2134,443,3946
DDXPLUS_42831,DDXPlus,Complex,0.4542,0.439,1.7153,0.2389,1,1,1,group-2,solo,group-3,2278,583,4185
DDXPLUS_428631,DDXPlus,Complex,0.4477,0.4405,1.3661,0.2396,1,1,1,group-2,solo,group-3,2270,732,4173
DDXPLUS_429596,DDXPlus,Moderate,0.2903,2.3364,2.3364,0.2591,1,1,1,solo,solo,group-3,428,428,3860
DDXPLUS_431288,DDXPlus,Moderate,0.1849,3.6765,3.6765,0.2894,1,1,1,solo,solo,group-3,272,272,3456
DDXPLUS_431549,DDXPlus,Complex,0.4361,0.0,0.0,0.0,0,0,0,group-2,solo,group-3,2323,595,4254
DDXPLUS_432503,DDXPlus,Complex,0.7903,0.0,1.224,0.0,0,1,0,group-3,solo,group-3,5316,817,5316
DDXPLUS_433204,DDXPlus,Moderate,0.2117,3.8911,3.8911,0.2912,1,1,1,solo,solo,group-3,257,257,3434
DDXPLUS_433412,DDXPlus,Complex,0.439,0.0,0.0,0.0,0,0,0,group-2,solo,group-3,2300,557,4217
DDXPLUS_433740,DDXPlus,Complex,0.4397,0.4695,2.2222,0.2523,1,1,1,group-2,solo,group-3,2130,450,3964
DDXPLUS_43438,DDXPlus,Complex,0.5969,0.4062,0.0,0.2258,1,0,1,group-2,solo,group-3,2462,622,4429
DDXPLUS_436443,DDXPlus,Complex,0.5421,0.4191,1.9802,0.23,1,1,1,group-2,solo,group-3,2386,505,4347
DDXPLUS_437033,DDXPlus,Moderate,0.1849,3.8023,3.8023,0.3134,1,1,1,solo,solo,group-3,263,263,3191
DDXPLUS_437235,DDXPlus,Complex,0.4807,0.0,1.9342,0.2272,0,1,1,group-2,solo,group-3,2422,517,4401
DDXPLUS_440591,DDXPlus,Complex,0.3997,1.6667,1.6667,0.2509,1,1,1,solo,solo,group-3,600,600,3986
DDXPLUS_441238,DDXPlus,Moderate,0.1349,3.4247,3.4247,0.3252,1,1,1,solo,solo,group-3,292,292,3075
DDXPLUS_441754,DDXPlus,Complex,0.4368,0.0,1.5152,0.0,0,1,0,group-2,solo,group-3,2156,660,3954
DDXPLUS_441816,DDXPlus,Moderate,0.2882,2.8409,2.8409,0.3054,1,1,1,solo,solo,group-3,352,352,3274
DDXPLUS_441928,DDXPlus,Complex,0.5544,0.0,0.0,0.0,0,0,0,group-2,solo,group-3,2412,546,4386
DDXPLUS_442220,DDXPlus,Moderate,0.3338,1.497,1.497,0.0,1,1,0,solo,solo,group-3,668,668,3936
DDXPLUS_442789,DDXPlus,Complex,0.5636,0.0,1.7241,0.2252,0,1,1,group-2,solo,group-3,2447,580,4440
DDXPLUS_443132,DDXPlus,Complex,0.4409,0.0,2.3753,0.0,0,1,0,group-2,solo,group-3,2122,421,3951
DDXPLUS_443155,DDXPlus,Complex,0.81,0.0879,1.2165,0.1908,1,1,1,MDT,solo,group-3,11380,822,5241
DDXPLUS_443689,DDXPlus,Complex,0.586,0.3994,1.6978,0.221,1,1,1,group-2,solo,group-3,2504,589,4524
DDXPLUS_443931,DDXPlus,Complex,0.4478,0.4448,0.0,0.2415,1,0,1,group-2,solo,group-3,2248,609,4140
DDXPLUS_444360,DDXPlus,Complex,0.4943,0.4448,1.5552,0.2415,1,1,1,group-2,solo,group-3,2248,643,4140
DDXPLUS_444823,DDXPlus,Complex,0.4671,0.4333,2.2321,0.2364,1,1,1,group-2,solo,group-3,2308,448,4230
DDXPLUS_444946,DDXPlus,Complex,0.3977,2.5189,2.5189,0.2697,1,1,1,solo,solo,group-3,397,397,3708
DDXPLUS_445028,DDXPlus,Moderate,0.237,0.0,0.0,0.2813,0,0,1,solo,solo,group-3,394,394,3555
DDXPLUS_445067,DDXPlus,Complex,0.5208,0.0,1.8382,0.0,0,1,0,group-2,solo,group-3,2430,544,4413
DDXPLUS_445531,DDXPlus,Complex,0.792,0.1952,0.0,0.1952,1,0,1,group-3,solo,group-3,5124,900,5124
DDXPLUS_446660,DDXPlus,Moderate,0.321,1.9646,1.9646,0.2701,1,1,1,solo,solo,group-3,509,509,3702
DDXPLUS_447365,DDXPlus,Moderate,0.2353,1.9881,1.9881,0.2741,1,1,1,solo,solo,group-3,503,503,3648
DDXPLUS_447525,DDXPlus,Complex,0.4612,0.4655,0.0,0.2506,1,0,1,group-2,solo,group-3,2148,429,3990
DDXPLUS_447548,DDXPlus,Complex,0.7489,0.1963,1.0417,0.1963,1,1,1,group-3,solo,group-3,5094,960,5094
DDXPLUS_447591,DDXPlus,Moderate,0.1828,2.8169,2.8169,0.303,1,1,1,solo,solo,group-3,355,355,3300
DDXPLUS_450011,DDXPlus,Complex,0.4678,0.4318,1.7575,0.2357,1,1,1,group-2,solo,group-3,2316,569,4242
DDXPLUS_451424,DDXPlus,Complex,0.3866,1.5848,1.5848,0.0,1,1,0,solo,solo,group-3,631,631,4068
DDXPLUS_451955,DDXPlus,Complex,0.6637,0.0,1.171,0.0,0,1,0,group-3,solo,group-3,4734,854,4734
DDXPLUS_452312,DDXPlus,Complex,0.86,0.0819,0.9862,0.1716,1,1,1,MDT,solo,group-3,12208,1014,5827
DDXPLUS_452315,DDXPlus,Moderate,0.1656,2.4752,2.4752,0.0,1,1,0,solo,solo,group-3,404,404,3270
DDXPLUS_452798,DDXPlus,Complex,0.6174,0.2171,0.0,0.2171,1,0,1,group-3,solo,group-3,4606,809,4606
DDXPLUS_454671,DDXPlus,Complex,0.5268,0.4617,1.912,0.249,1,1,1,group-2,solo,group-3,2166,523,4016
DDXPLUS_456447,DDXPlus,Complex,0.4039,0.4735,2.2936,0.2541,1,1,1,group-2,solo,group-3,2112,436,3936
DDXPLUS_456542,DDXPlus,Complex,0.4846,0.4437,1.8762,0.241,1,1,1,group-2,solo,group-3,2254,533,4149
DDXPLUS_456832,DDXPlus,Complex,0.3905,0.0,0.0,0.0,0,0,0,solo,solo,group-3,542,542,3918
DDXPLUS_457045,DDXPlus,Complex,0.604,0.2218,1.6077,0.2218,1,1,1,group-3,solo,group-3,4509,622,4509
DDXPLUS_458553,DDXPlus,Moderate,0.3532,0.0,0.0,0.2603,0,0,1,solo,solo,group-3,406,406,3841
DDXPLUS_458790,DDXPlus,Complex,0.7356,0.2074,1.4771,0.2074,1,1,1,group-3,solo,group-3,4821,677,4821
DDXPLUS_458850,DDXPlus,Complex,0.4401,0.4355,0.0,0.2374,1,0,1,group-2,solo,group-3,2296,464,4212
DDXPLUS_458966,DDXPlus,Complex,0.674,0.2137,1.4859,0.2137,1,1,1,group-3,solo,group-3,4680,673,4680
DDXPLUS_459915,DDXPlus,Complex,0.732,0.1991,1.0493,0.1991,1,1,1,group-3,solo,group-3,5022,953,5022
DDXPLUS_460278,DDXPlus,Complex,0.4943,0.0,1.8315,0.0,0,1,0,group-2,solo,group-3,2298,546,4215
DDXPLUS_462711,DDXPlus,Complex,0.5096,0.4448,2.0161,0.2445,1,1,1,group-2,solo,group-3,2248,496,4090
DDXPLUS_462846,DDXPlus,Complex,0.598,0.0,1.6529,0.0,0,1,0,group-2,solo,group-3,2462,605,4461
DDXPLUS_46815,DDXPlus,Complex,0.4094,0.4421,0.0,0.2403,1,0,1,group-2,solo,group-3,2262,446,4161
DDXPLUS_468263,DDXPlus,Moderate,0.1501,6.3694,6.3694,0.3183,1,1,1,solo,solo,group-3,157,157,3142
DDXPLUS_468821,DDXPlus,Moderate,0.3344,2.9674,2.9674,0.28,1,1,1,solo,solo,group-3,337,337,3571
DDXPLUS_469273,DDXPlus,Moderate,0.1369,4.3103,4.3103,0.2937,1,1,1,solo,solo,group-3,232,232,3405
DDXPLUS_469937,DDXPlus,Complex,0.5062,0.425,1.7153,0.2326,1,1,1,group-2,solo,group-3,2353,583,4299
DDXPLUS_47033,DDXPlus,Moderate,0.1654,5.291,5.291,0.3018,1,1,1,solo,solo,group-3,189,189,3313
DDXPLUS_470997,DDXPlus,Complex,0.4462,0.4826,1.6779,0.258,1,1,1,group-2,solo,group-3,2072,596,3876
DDXPLUS_47145,DDXPlus,Complex,0.5263,0.0,0.0,0.0,0,0,0,group-2,solo,group-3,2256,506,4150
DDXPLUS_471610,DDXPlus,Complex,0.6221,0.2173,1.2315,0.2173,1,1,1,group-3,solo,group-3,4602,812,4602
DDXPLUS_472141,DDXPlus,Complex,0.57,0.3994,1.2376,0.221,1,1,1,group-2,solo,group-3,2504,808,4524
DDXPLUS_472803,DDXPlus,Complex,0.4521,0.0,0.0,0.0,0,0,0,group-2,solo,group-3,2104,426,3923
DDXPLUS_47295,DDXPlus,Complex,0.728,0.2018,1.3038,0.2018,1,1,1,group-3,solo,group-3,4955,767,4955
DDXPLUS_473350,DDXPlus,Complex,0.3955,2.1459,2.1459,0.2685,1,1,1,solo,solo,group-3,466,466,3725
DDXPLUS_474113,DDXPlus,Complex,0.703,0.0,0.0,0.0,0,0,0,group-3,solo,group-3,4893,827,4893
DDXPLUS_474174,DDXPlus,Complex,0.5156,0.4165,1.8587,0.2288,1,1,1,group-2,solo,group-3,2401,538,4371
DDXPLUS_47543,DDXPlus,Complex,0.3935,1.9268,1.9268,0.2514,1,1,1,solo,solo,group-3,519,519,3978
DDXPLUS_475890,DDXPlus,Complex,0.3671,2.0747,2.0747,0.0,1,1,0,solo,solo,group-3,482,482,3886
DDXPLUS_4759,DDXPlus,Complex,0.4521,0.0,1.9646,0.2512,0,1,1,group-2,solo,group-3,2142,509,3981
DDXPLUS_4761,DDXPlus,Moderate,0.3418,0.0,0.0,0.0,0,0,0,solo,solo,group-3,356,356,3810
DDXPLUS_48017,DDXPlus,Complex,0.3804,2.5063,2.5063,0.2533,1,1,1,solo,solo,group-3,399,399,3948
DDXPLUS_480820,DDXPlus,Complex,0.4082,0.4478,2.3095,0.2428,1,1,1,group-2,solo,group-3,2233,433,4119
DDXPLUS_481448,DDXPlus,Complex,0.4518,0.4798,0.0,0.0,1,0,0,group-2,solo,group-3,2084,466,3894
DDXPLUS_482793,DDXPlus,Complex,0.734,0.0,0.0,0.0,0,0,0,group-3,solo,group-3,4977,886,4977
DDXPLUS_483463,DDXPlus,Complex,0.3754,2.5773,2.5773,0.2596,1,1,1,solo,solo,group-3,388,388,3852
DDXPLUS_483515,DDXPlus,Moderate,0.2984,2.0921,2.0921,0.266,1,1,1,solo,solo,group-3,478,478,3759
DDXPLUS_484641,DDXPlus,Complex,0.5001,0.0,0.0,0.0,0,0,0,group-2,solo,group-3,2342,630,4281
DDXPLUS_485049,DDXPlus,Complex,0.463,0.4704,2.3419,0.2527,1,1,1,group-2,solo,group-3,2126,427,3958
DDXPLUS_485831,DDXPlus,Complex,0.6713,0.2215,1.5773,0.2215,1,1,1,group-3,solo,group-3,4515,634,4515
DDXPLUS_486372,DDXPlus,Complex,0.365,0.0,0.0,0.2484,0,0,1,solo,solo,group-3,430,430,4026
DDXPLUS_486492,DDXPlus,Complex,0.6114,0.0,0.0,0.0,0,0,0,group-3,solo,group-3,4560,605,4560
DDXPLUS_488082,DDXPlus,Complex,0.5728,0.416,1.912,0.2286,1,1,1,group-2,solo,group-3,2404,523,4374
DDXPLUS_488128,DDXPlus,Complex,0.3804,2.0833,2.0833,0.0,1,1,0,solo,solo,group-3,480,480,3804
DDXPLUS_488656,DDXPlus,Complex,0.4478,0.0,2.2523,0.2495,0,1,1,group-2,solo,group-3,2160,444,4008
DDXPLUS_490525,DDXPlus,Moderate,0.3498,1.7953,1.7953,0.0,1,1,0,solo,solo,group-3,557,557,3576
DDXPLUS_49117,DDXPlus,Complex,0.504,0.3646,1.2136,0.2048,1,1,1,group-2,solo,group-3,2743,824,4883
DDXPLUS_491574,DDXPlus,Moderate,0.3203,1.8727,1.8727,0.0,1,1,0,solo,solo,group-3,534,534,3947
DDXPLUS_492393,DDXPlus,Complex,0.6035,0.0,0.0,0.0,0,0,0,group-3,solo,group-3,4161,563,4161
DDXPLUS_494211,DDXPlus,Moderate,0.2425,0.0,0.0,0.2764,0,0,1,solo,solo,group-3,260,260,3618
DDXPLUS_494309,DDXPlus,Moderate,0.3252,0.0,0.0,0.2539,0,0,1,solo,solo,group-3,361,361,3938
DDXPLUS_494842,DDXPlus,Complex,0.543,0.4122,1.6949,0.2269,1,1,1,group-2,solo,group-3,2426,590,4407
DDXPLUS_495008,DDXPlus,Complex,0.838,0.0,0.0,0.0,0,0,0,MDT,solo,group-3,11763,940,5498
DDXPLUS_496181,DDXPlus,Moderate,0.3511,1.6103,1.6103,0.0,1,1,0,solo,solo,group-3,621,621,3885
DDXPLUS_496702,DDXPlus,Complex,0.7013,0.2042,1.1038,0.2042,1,1,1,group-3,solo,group-3,4898,906,4898
DDXPLUS_496784,DDXPlus,Complex,0.6613,0.1994,0.0,0.1994,1,0,1,group-3,solo,group-3,5016,771,5016
DDXPLUS_497733,DDXPlus,Complex,0.3767,0.0,0.0,0.0,0,0,0,solo,solo,group-3,604,604,4055
DDXPLUS_49859,DDXPlus,Complex,0.4636,0.473,1.6529,0.2559,1,1,1,group-2,solo,group-3,2114,605,3908
DDXPLUS_499523,DDXPlus,Complex,0.4933,0.41,1.7986,0.2259,1,1,1,group-2,solo,group-3,2439,556,4427
DDXPLUS_499839,DDXPlus,Moderate,0.3034,2.1277,2.1277,0.282,1,1,1,solo,solo,group-3,470,470,3546
DDXPLUS_500242,DDXPlus,Complex,0.4151,0.4902,1.6863,0.2612,1,1,1,group-2,solo,group-3,2040,593,3828
DDXPLUS_500462,DDXPlus,Complex,0.4973,0.409,1.8349,0.2254,1,1,1,group-2,solo,group-3,2445,545,4437
DDXPLUS_501301,DDXPlus,Complex,0.5766,0.0,1.8051,0.0,0,1,0,group-2,solo,group-3,2410,554,4383
DDXPLUS_501830,DDXPlus,Complex,0.3927,0.0,0.0,0.0,0,0,0,solo,solo,group-3,400,400,3861
DDXPLUS_502080,DDXPlus,Moderate,0.2248,2.9762,2.9762,0.3216,1,1,1,solo,solo,group-3,336,336,3109
DDXPLUS_502432,DDXPlus,Complex,0.4614,0.4591,2.1097,0.2483,1,1,1,group-2,solo,group-3,2178,474,4028
DDXPLUS_50278,DDXPlus,Moderate,0.3311,0.0,0.0,0.0,0,0,0,solo,solo,group-3,403,403,3879
DDXPLUS_504151,DDXPlus,Moderate,0.179,0.0,0.0,0.2934,0,0,1,solo,solo,group-3,224,224,3408
DDXPLUS_504356,DDXPlus,Complex,0.4369,0.0,0.0,0.0,0,0,0,group-2,solo,group-3,2290,686,4203
DDXPLUS_504367,DDXPlus,Complex,0.4416,0.4669,1.4903,0.2513,1,1,1,group-2,solo,group-3,2142,671,3980
DDXPLUS_504577,DDXPlus,Complex,0.4015,0.0,1.8018,0.0,0,1,0,group-2,solo,group-3,2180,555,4038
DDXPLUS_504834,DDXPlus,Complex,0.4522,0.4748,1.8116,0.2546,1,1,1,group-2,solo,group-3,2106,552,3927
DDXPLUS_507095,DDXPlus,Complex,0.4789,0.4575,2.1097,0.2492,1,1,1,group-2,solo,group-3,2186,474,4013
DDXPLUS_508180,DDXPlus,Complex,0.6529,0.221,1.6529,0.221,1,1,1,group-3,solo,group-3,4525,605,4525
DDXPLUS_50865,DDXPlus,Complex,0.4053,0.4369,0.0,0.2379,1,0,1,group-2,solo,group-3,2289,447,4203
DDXPLUS_509330,DDXPlus,Moderate,0.2575,2.681,2.681,0.2888,1,1,1,solo,solo,group-3,373,373,3463
DDXPLUS_509390,DDXPlus,Complex,0.7767,0.1905,1.2361,0.1905,1,1,1,group-3,solo,group-3,5249,809,5249
DDXPLUS_509442,DDXPlus,Complex,0.5203,0.4545,1.2723,0.2458,1,1,1,group-2,solo,group-3,2200,786,4069
DDXPLUS_509873,DDXPlus,Complex,0.804,0.0,1.2151,0.0,0,1,0,MDT,solo,group-3,11375,823,5091
DDXPLUS_510241,DDXPlus,Complex,0.6588,0.0,1.2642,0.0,0,1,0,group-3,solo,group-3,4701,791,4701
DDXPLUS_510409,DDXPlus,Complex,0.4286,0.0,0.0,0.0,0,0,0,group-2,solo,group-3,2070,419,3873
DDXPLUS_510570,DDXPlus,Complex,0.5225,0.4394,0.0,0.2391,1,0,1,group-2,solo,group-3,2276,484,4183
DDXPLUS_511301,DDXPlus,Complex,0.5866,0.0,1.4006,0.0,0,1,0,group-2,solo,group-3,2563,714,4614
DDXPLUS_511599,DDXPlus,Moderate,0.2743,1.8116,1.8116,0.26,1,1,1,solo,solo,group-3,552,552,3846
DDXPLUS_512278,DDXPlus,Complex,0.7354,0.1946,1.0267,0.1946,1,1,1,group-3,solo,group-3,5139,974,5139
DDXPLUS_512470,DDXPlus,Moderate,0.3444,0.0,0.0,0.0,0,0,0,solo,solo,group-3,403,403,3816
DDXPLUS_512995,DDXPlus,Complex,0.4746,0.4757,2.2936,0.255,1,1,1,group-2,solo,group-3,2102,436,3921
DDXPLUS_513137,DDXPlus,Complex,0.3771,2.7027,2.7027,0.2541,1,1,1,solo,solo,group-3,370,370,3936
DDXPLUS_513699,DDXPlus,Complex,0.5895,0.0,1.5924,0.2242,0,1,1,group-2,solo,group-3,2462,628,4461
DDXPLUS_515125,DDXPlus,Complex,0.4388,0.4708,0.0,0.2529,1,0,1,group-2,solo,group-3,2124,608,3954
DDXPLUS_516490,DDXPlus,Moderate,0.2217,0.0,0.0,0.0,0,0,0,solo,solo,group-3,360,360,3609
DDXPLUS_517119,DDXPlus,Complex,0.5807,0.3738,1.5848,0.0,1,1,0,group-2,solo,group-3,2675,631,4782
DDXPLUS_517138,DDXPlus,Complex,0.602,0.0,1.1198,0.0,0,1,0,group-3,solo,group-3,4739,893,4739
DDXPLUS_517551,DDXPlus,Complex,0.441,0.0,1.9011,0.0,0,1,0,group-2,solo,group-3,2186,526,4046
DDXPLUS_518528,DDXPlus,Complex,0.4184,0.4352,0.0,0.2372,1,0,1,group-2,solo,group-3,2298,521,4215
DDXPLUS_518744,DDXPlus,Complex,0.4163,0.4808,1.6026,0.2572,1,1,1,group-2,solo,group-3,2080,624,3888
DDXPLUS_518931,DDXPlus,Complex,0.3843,2.4691,2.4691,0.2539,1,1,1,solo,solo,group-3,405,405,3939
DDXPLUS_519311,DDXPlus,Complex,0.7473,0.1904,1.0204,0.1904,1,1,1,group-3,solo,group-3,5253,980,5253
DDXPLUS_520090,DDXPlus,Complex,0.3827,2.2371,2.2371,0.2604,1,1,1,solo,solo,group-3,447,447,3840
DDXPLUS_520478,DDXPlus,Complex,0.5921,0.0,0.0,0.0,0,0,0,group-2,solo,group-3,2477,592,4485
DDXPLUS_520487,DDXPlus,Moderate,0.2942,2.6954,2.6954,0.2748,1,1,1,solo,solo,group-3,371,371,3639
DDXPLUS_520505,DDXPlus,Complex,0.4849,0.4348,2.0661,0.2371,1,1,1,group-2,solo,group-3,2300,484,4218
DDXPLUS_521510,DDXPlus,Complex,0.3689,0.0,0.0,0.2749,0,0,1,solo,solo,group-3,384,384,3638
DDXPLUS_524393,DDXPlus,Moderate,0.3209,1.773,1.773,0.2578,1,1,1,solo,solo,group-3,564,564,3879
DDXPLUS_524621,DDXPlus,Complex,0.365,1.7825,1.7825,0.2693,1,1,1,solo,solo,group-3,561,561,3714
DDXPLUS_524809,DDXPlus,Moderate,0.3465,0.0,0.0,0.0,0,0,0,solo,solo,group-3,379,379,3771
DDXPLUS_526281,DDXPlus,Complex,0.7823,0.1911,1.003,0.1911,1,1,1,group-3,solo,group-3,5233,997,5233
DDXPLUS_526521,DDXPlus,Moderate,0.1656,0.0,0.0,0.3264,0,0,1,solo,solo,group-3,211,211,3064
DDXPLUS_527217,DDXPlus,Complex,0.7207,0.1986,1.2107,0.1986,1,1,1,group-3,solo,group-3,5036,826,5036
DDXPLUS_527500,DDXPlus,Complex,0.3598,0.0,0.0,0.2592,0,0,1,solo,solo,group-3,360,360,3858
DDXPLUS_528207,DDXPlus,Complex,0.4214,0.0,0.0,0.0,0,0,0,group-2,solo,group-3,2158,444,4005
DDXPLUS_529060,DDXPlus,Moderate,0.3069,2.5189,2.5189,0.2693,1,1,1,solo,solo,group-3,397,397,3714
DDXPLUS_529546,DDXPlus,Moderate,0.3014,3.2787,3.2787,0.2864,1,1,1,solo,solo,group-3,305,305,3492
DDXPLUS_529687,DDXPlus,Complex,0.5553,0.4314,0.0,0.2356,1,0,1,group-2,solo,group-3,2318,589,4245
DDXPLUS_531905,DDXPlus,Complex,0.4342,0.4496,0.0,0.2441,1,0,1,group-2,solo,group-3,2224,562,4097
DDXPLUS_533008,DDXPlus,Complex,0.498,0.4255,0.0,0.2329,1,0,1,group-2,solo,group-3,2350,476,4293
DDXPLUS_534249,DDXPlus,Complex,0.7807,0.1968,1.0846,0.1968,1,1,1,group-3,solo,group-3,5082,922,5082
DDXPLUS_534946,DDXPlus,Complex,0.4536,0.0,1.6584,0.2395,0,1,1,group-2,solo,group-3,2272,603,4175
DDXPLUS_535286,DDXPlus,Complex,0.4303,0.4845,2.457,0.2589,1,1,1,group-2,solo,group-3,2064,407,3863
DDXPLUS_535497,DDXPlus,Complex,0.5421,0.4444,1.7391,0.2414,1,1,1,group-2,solo,group-3,2250,575,4143
DDXPLUS_537984,DDXPlus,Moderate,0.3494,2.1368,2.1368,0.2726,1,1,1,solo,solo,group-3,468,468,3669
DDXPLUS_537999,DDXPlus,Complex,0.5401,0.4193,1.4493,0.23,1,1,1,group-2,solo,group-3,2385,690,4347
DDXPLUS_539702,DDXPlus,Complex,0.4264,0.4533,0.0,0.2453,1,0,1,group-2,solo,group-3,2206,430,4077
DDXPLUS_540724,DDXPlus,Complex,0.572,0.4108,1.7212,0.2263,1,1,1,group-2,solo,group-3,2434,581,4419
DDXPLUS_541389,DDXPlus,Moderate,0.3051,1.6667,1.6667,0.2515,1,1,1,solo,solo,group-3,600,600,3976
DDXPLUS_542623,DDXPlus,Complex,0.4736,0.0,0.0,0.0,0,0,0,group-2,solo,group-3,2156,502,3991
DDXPLUS_54265,DDXPlus,Moderate,0.2897,2.0661,2.0661,0.0,1,1,0,solo,solo,group-3,484,484,3807
DDXPLUS_543435,DDXPlus,Complex,0.4846,0.0,2.0367,0.2342,0,1,1,group-2,solo,group-3,2333,491,4269
DDXPLUS_543817,DDXPlus,Complex,0.7315,0.2058,1.4205,0.2058,1,1,1,group-3,solo,group-3,4860,704,4860
DDXPLUS_544182,DDXPlus,Moderate,0.3188,2.9851,2.9851,0.2777,1,1,1,solo,solo,group-3,335,335,3601
DDXPLUS_545296,DDXPlus,Complex,0.3572,0.0,0.0,0.0,0,0,0,solo,solo,group-3,605,605,4041
DDXPLUS_545404,DDXPlus,Moderate,0.2721,0.0,0.0,0.2712,0,0,1,solo,solo,group-3,328,328,3687
DDXPLUS_545623,DDXPlus,Complex,0.4408,0.0,0.0,0.0,0,0,0,group-2,solo,group-3,2180,702,4037
DDXPLUS_547167,DDXPlus,Complex,0.464,0.4095,1.8349,0.2272,1,1,1,group-2,solo,group-3,2442,545,4402
DDXPLUS_547346,DDXPlus,Complex,0.4495,0.0,0.0,0.0,0,0,0,group-2,solo,group-3,2222,583,4100
DDXPLUS_547965,DDXPlus,Complex,0.3747,1.3477,1.3477,0.241,1,1,1,solo,solo,group-3,742,742,4149
DDXPLUS_548349,DDXPlus,Complex,0.5041,0.0,0.0,0.0,0,0,0,group-2,solo,group-3,2377,507,4335
DDXPLUS_548716,DDXPlus,Moderate,0.1022,0.0,0.0,0.0,0,0,0,solo,solo,group-3,158,158,3175
DDXPLUS_549147,DDXPlus,Complex,0.4264,0.4873,1.7513,0.26,1,1,1,group-2,solo,group-3,2052,571,3846
DDXPLUS_550186,DDXPlus,Complex,0.4287,0.4735,0.0,0.2548,1,0,1,group-2,solo,group-3,2112,417,3925
DDXPLUS_550721,DDXPlus,Complex,0.4234,0.46,2.0534,0.2483,1,1,1,group-2,solo,group-3,2174,487,4028
DDXPLUS_550815,DDXPlus,Complex,0.4739,0.4296,1.8868,0.0,1,1,0,group-2,solo,group-3,2328,530,4260
DDXPLUS_551041,DDXPlus,Moderate,0.2963,1.7857,1.7857,0.2726,1,1,1,solo,solo,group-3,560,560,3669
DDXPLUS_551335,DDXPlus,Complex,0.864,0.0,0.9852,0.1765,0,1,1,MDT,solo,group-3,12340,1015,5667
DDXPLUS_552083,DDXPlus,Moderate,0.3384,1.5974,1.5974,0.0,1,1,0,solo,solo,group-3,626,626,3762
DDXPLUS_55215,DDXPlus,Complex,0.3926,1.9531,1.9531,0.257,1,1,1,solo,solo,group-3,512,512,3891
DDXPLUS_552225,DDXPlus,Complex,0.822,0.0855,1.1416,0.1839,1,1,1,MDT,solo,group-3,11698,876,5439
DDXPLUS_552528,DDXPlus,Complex,0.5046,0.4292,1.3123,0.2346,1,1,1,group-2,solo,group-3,2330,762,4263
DDXPLUS_552990,DDXPlus,Complex,0.4325,0.4766,1.5748,0.2637,1,1,1,group-2,solo,group-3,2098,635,3792
DDXPLUS_554110,DDXPlus,Complex,0.3618,2.7397,2.7397,0.2695,1,1,1,solo,solo,group-3,365,365,3711
DDXPLUS_554946,DDXPlus,Complex,0.7609,0.2061,1.3316,0.2061,1,1,1,group-3,solo,group-3,4851,751,4851
DDXPLUS_555277,DDXPlus,Complex,0.592,0.3798,1.4472,0.212,1,1,1,group-2,solo,group-3,2633,691,4717
DDXPLUS_556884,DDXPlus,Complex,0.3855,2.2124,2.2124,0.2455,1,1,1,solo,solo,group-3,452,452,4074
DDXPLUS_557799,DDXPlus,Complex,0.824,0.0853,1.1198,0.1841,1,1,1,MDT,solo,group-3,11718,893,5433
DDXPLUS_558220,DDXPlus,Moderate,0.2134,4.3478,4.3478,0.2982,1,1,1,solo,solo,group-3,230,230,3354
DDXPLUS_55944,DDXPlus,Complex,0.5271,0.0,1.5291,0.0,0,1,0,group-2,solo,group-3,2290,654,4164
DDXPLUS_559913,DDXPlus,Complex,0.479,0.0,0.0,0.0,0,0,0,group-2,solo,group-3,2138,579,3975
DDXPLUS_560413,DDXPlus,Complex,0.5134,0.0,0.0,0.0,0,0,0,group-2,solo,group-3,2296,556,4212
DDXPLUS_560534,DDXPlus,Complex,0.3649,2.1322,2.1322,0.2757,1,1,1,solo,solo,group-3,469,469,3627
DDXPLUS_561287,DDXPlus,Complex,0.6179,0.2184,1.4347,0.2184,1,1,1,group-3,solo,group-3,4578,697,4578
DDXPLUS_561877,DDXPlus,Complex,0.5437,0.4337,1.6234,0.0,1,1,0,group-2,solo,group-3,2306,616,4208
DDXPLUS_561927,DDXPlus,Complex,0.6866,0.2231,0.0,0.2231,1,0,1,group-3,solo,group-3,4482,665,4482
DDXPLUS_562074,DDXPlus,Complex,0.448,0.0,0.0,0.2359,0,0,1,group-2,solo,group-3,2313,522,4239
DDXPLUS_562515,DDXPlus,Complex,0.736,0.1998,1.3021,0.1998,1,1,1,group-3,solo,group-3,5004,768,5004
DDXPLUS_562823,DDXPlus,Complex,0.3886,0.0,0.0,0.0,0,0,0,solo,solo,group-3,406,406,4062
DDXPLUS_563370,DDXPlus,Moderate,0.3159,2.0576,2.0576,0.258,1,1,1,solo,solo,group-3,486,486,3876
DDXPLUS_563408,DDXPlus,Moderate,0.2258,2.2422,2.2422,0.299,1,1,1,solo,solo,group-3,446,446,3344
DDXPLUS_563498,DDXPlus,Moderate,0.3188,3.4722,3.4722,0.2688,1,1,1,solo,solo,group-3,288,288,3720
DDXPLUS_563764,DDXPlus,Complex,0.703,0.21,1.3441,0.21,1,1,1,group-3,solo,group-3,4761,744,4761
DDXPLUS_5643,DDXPlus,Complex,0.7433,0.0,1.0858,0.0,0,1,0,group-3,solo,group-3,4998,921,4998
DDXPLUS_564422,DDXPlus,Complex,0.5113,0.4322,1.845,0.2359,1,1,1,group-2,solo,group-3,2314,542,4239
DDXPLUS_564433,DDXPlus,Moderate,0.1849,4.065,4.065,0.2899,1,1,1,solo,solo,group-3,246,246,3450
DDXPLUS_564576,DDXPlus,Moderate,0.3365,2.6667,2.6667,0.2518,1,1,1,solo,solo,group-3,375,375,3971
DDXPLUS_565335,DDXPlus,Complex,0.5358,0.4225,1.9194,0.2323,1,1,1,group-2,solo,group-3,2367,521,4304
DDXPLUS_565524,DDXPlus,Complex,0.4798,0.0,1.8484,0.0,0,1,0,group-2,solo,group-3,2411,541,4386
DDXPLUS_565564,DDXPlus,Complex,0.6,0.0,1.199,0.0,0,1,0,group-3,solo,group-3,4569,834,4569
DDXPLUS_565741,DDXPlus,Complex,0.4082,0.4726,1.4472,0.2537,1,1,1,group-2,solo,group-3,2116,691,3942
DDXPLUS_566705,DDXPlus,Complex,0.568,0.3858,0.0,0.2148,1,0,1,group-2,solo,group-3,2592,642,4656
DDXPLUS_567815,DDXPlus,Complex,0.4582,0.4312,2.0877,0.2354,1,1,1,group-2,solo,group-3,2319,479,4248
DDXPLUS_56873,DDXPlus,Complex,0.6173,0.2169,1.139,0.2169,1,1,1,group-3,solo,group-3,4611,878,4611
DDXPLUS_568919,DDXPlus,Complex,0.394,0.0,0.0,0.0,0,0,0,solo,solo,group-3,402,402,3619
DDXPLUS_56971,DDXPlus,Complex,0.3992,0.0,0.0,0.0,0,0,0,solo,solo,group-3,426,426,4026
DDXPLUS_569915,DDXPlus,Complex,0.7927,0.1939,1.2121,0.1939,1,1,1,group-3,solo,group-3,5157,825,5157
DDXPLUS_570637,DDXPlus,Complex,0.4456,0.4808,2.6738,0.2572,1,1,1,group-2,solo,group-3,2080,374,3888
DDXPLUS_570947,DDXPlus,Complex,0.4498,0.4748,2.1552,0.2546,1,1,1,group-2,solo,group-3,2106,464,3927
DDXPLUS_571679,DDXPlus,Complex,0.3571,1.8657,1.8657,0.2556,1,1,1,solo,solo,group-3,536,536,3912
DDXPLUS_572097,DDXPlus,Complex,0.3979,1.7271,1.7271,0.2482,1,1,1,solo,solo,group-3,579,579,4029
DDXPLUS_572865,DDXPlus,Complex,0.6026,0.231,1.7921,0.231,1,1,1,group-3,solo,group-3,4329,558,4329
DDXPLUS_573142,DDXPlus,Complex,0.5806,0.0,1.7953,0.0,0,1,0,group-2,solo,group-3,2338,557,4253
DDXPLUS_57406,DDXPlus,Complex,0.3906,1.3089,1.3089,0.2514,1,1,1,solo,solo,group-3,764,764,3978
DDXPLUS_574344,DDXPlus,Moderate,0.303,1.9802,1.9802,0.2598,1,1,1,solo,solo,group-3,505,505,3849
DDXPLUS_578572,DDXPlus,Complex,0.3599,0.0,0.0,0.0,0,0,0,solo,solo,group-3,384,384,3900
DDXPLUS_578698,DDXPlus,Complex,0.6966,0.2101,0.0,0.2101,1,0,1,group-3,solo,group-3,4759,679,4759
DDXPLUS_578881,DDXPlus,Complex,0.5571,0.0,0.0,0.0,0,0,0,group-2,solo,group-3,2408,571,4379
DDXPLUS_579452,DDXPlus,Complex,0.5677,0.4087,1.3423,0.2252,1,1,1,group-2,solo,group-3,2447,745,4440
DDXPLUS_580582,DDXPlus,Complex,0.828,0.0,1.1173,0.0,0,1,0,MDT,solo,group-3,11632,895,5377
DDXPLUS_581874,DDXPlus,Moderate,0.3336,1.5456,1.5456,0.0,1,1,0,solo,solo,group-3,647,647,3969
DDXPLUS_583030,DDXPlus,Complex,0.6033,0.2035,0.0,0.2035,1,0,1,group-3,solo,group-3,4914,730,4914
DDXPLUS_583170,DDXPlus,Complex,0.4461,0.4726,2.2831,0.2573,1,1,1,group-2,solo,group-3,2116,438,3887
DDXPLUS_583405,DDXPlus,Moderate,0.2134,4.2553,4.2553,0.31,1,1,1,solo,solo,group-3,235,235,3226
DDXPLUS_584211,DDXPlus,Moderate,0.3418,0.0,0.0,0.0,0,0,0,solo,solo,group-3,584,584,4061
DDXPLUS_585037,DDXPlus,Moderate,0.2987,2.6596,2.6596,0.2639,1,1,1,solo,solo,group-3,376,376,3789
DDXPLUS_585273,DDXPlus,Moderate,0.275,2.045,2.045,0.2879,1,1,1,solo,solo,group-3,489,489,3473
DDXPLUS_585382,DDXPlus,Complex,0.5723,0.4016,1.7361,0.2221,1,1,1,group-2,solo,group-3,2490,576,4503
DDXPLUS_58620,DDXPlus,Complex,0.4947,0.0,1.4771,0.0,0,1,0,group-2,solo,group-3,2434,677,4420
DDXPLUS_587982,DDXPlus,Complex,0.4535,0.4237,2.0325,0.2321,1,1,1,group-2,solo,group-3,2360,492,4309
DDXPLUS_58811,DDXPlus,Complex,0.419,0.0,0.0,0.0,0,0,0,group-2,solo,group-3,2180,480,4017
DDXPLUS_589449,DDXPlus,Moderate,0.2423,0.0,0.0,0.2874,0,0,1,solo,solo,group-3,380,380,3480
DDXPLUS_589938,DDXPlus,Complex,0.4309,0.4488,1.7513,0.2433,1,1,1,group-2,solo,group-3,2228,571,4110
DDXPLUS_591916,DDXPlus,Complex,0.6009,0.2179,1.3072,0.2179,1,1,1,group-3,solo,group-3,4590,765,4590
DDXPLUS_592318,DDXPlus,Complex,0.4961,0.0,0.0,0.245,0,0,1,group-2,solo,group-3,2228,487,4082
DDXPLUS_592556,DDXPlus,Complex,0.3794,1.992,1.992,0.2552,1,1,1,solo,solo,group-3,502,502,3918
DDXPLUS_592805,DDXPlus,Complex,0.5175,0.4386,1.2658,0.2388,1,1,1,group-2,solo,group-3,2280,790,4188
DDXPLUS_595101,DDXPlus,Complex,0.563,0.0,0.0,0.0,0,0,0,group-2,solo,group-3,2570,575,4624
DDXPLUS_595628,DDXPlus,Complex,0.3798,2.3474,2.3474,0.0,1,1,0,solo,solo,group-3,426,426,3896
DDXPLUS_596053,DDXPlus,Complex,0.4263,0.4907,2.5189,0.2614,1,1,1,group-2,solo,group-3,2038,397,3825
DDXPLUS_596582,DDXPlus,Complex,0.3752,2.1008,2.1008,0.2541,1,1,1,solo,solo,group-3,476,476,3935
DDXPLUS_597144,DDXPlus,Complex,0.4716,0.4288,0.0,0.0,1,0,0,group-2,solo,group-3,2332,616,4266
DDXPLUS_597882,DDXPlus,Moderate,0.2729,2.1008,2.1008,0.2963,1,1,1,solo,solo,group-3,476,476,3375
DDXPLUS_598669,DDXPlus,Complex,0.405,0.4537,2.0964,0.2455,1,1,1,group-2,solo,group-3,2204,477,4074
DDXPLUS_598723,DDXPlus,Complex,0.546,0.4127,1.9417,0.2271,1,1,1,group-2,solo,group-3,2423,515,4404
DDXPLUS_598908,DDXPlus,Moderate,0.2906,0.0,0.0,0.2673,0,0,1,solo,solo,group-3,344,344,3741
DDXPLUS_599625,DDXPlus,Complex,0.5571,0.4205,0.0,0.0,1,0,0,group-2,solo,group-3,2378,543,4335
DDXPLUS_599678,DDXPlus,Complex,0.4757,0.4299,1.992,0.2349,1,1,1,group-2,solo,group-3,2326,502,4257
DDXPLUS_600251,DDXPlus,Complex,0.4496,0.0,0.0,0.0,0,0,0,group-2,solo,group-3,2274,494,4179
DDXPLUS_600598,DDXPlus,Moderate,0.3015,3.0864,3.0864,0.2793,1,1,1,solo,solo,group-3,324,324,3581
DDXPLUS_601189,DDXPlus,Complex,0.5001,0.0,0.0,0.2296,0,0,1,group-2,solo,group-3,2390,483,4355
DDXPLUS_601492,DDXPlus,Moderate,0.2608,3.1847,3.1847,0.2633,1,1,1,solo,solo,group-3,314,314,3798
DDXPLUS_602988,DDXPlus,Complex,0.5754,0.4198,0.0,0.2304,1,0,1,group-2,solo,group-3,2382,571,4341
DDXPLUS_603633,DDXPlus,Complex,0.4808,0.0,0.0,0.2378,0,0,1,group-2,solo,group-3,2292,447,4206
DDXPLUS_604122,DDXPlus,Complex,0.4521,0.0,0.0,0.0,0,0,0,group-2,solo,group-3,2238,516,4125
DDXPLUS_604253,DDXPlus,Complex,0.5786,0.0,1.6722,0.0,0,1,0,group-2,solo,group-3,2501,598,4519
DDXPLUS_605145,DDXPlus,Complex,0.3951,1.6639,1.6639,0.2511,1,1,1,solo,solo,group-3,601,601,3983
DDXPLUS_606410,DDXPlus,Complex,0.4901,0.0,0.0,0.0,0,0,0,group-2,solo,group-3,2174,459,4029
DDXPLUS_606561,DDXPlus,Complex,0.4877,0.4513,1.9531,0.2455,1,1,1,group-2,solo,group-3,2216,512,4074
DDXPLUS_607757,DDXPlus,Complex,0.3867,2.3148,2.3148,0.2574,1,1,1,solo,solo,group-3,432,432,3885
DDXPLUS_609453,DDXPlus,Complex,0.804,0.0904,1.2937,0.0,1,1,0,MDT,solo,group-3,11058,773,5160
DDXPLUS_60955,DDXPlus,Complex,0.5786,0.0,0.0,0.2308,0,0,1,group-2,solo,group-3,2408,764,4332
DDXPLUS_609709,DDXPlus,Complex,0.4478,0.4488,0.0,0.2433,1,0,1,group-2,solo,group-3,2228,705,4110
DDXPLUS_609889,DDXPlus,Moderate,0.2064,0.0,0.0,0.0,0,0,0,solo,solo,group-3,274,274,3425
DDXPLUS_610410,DDXPlus,Complex,0.5862,0.4382,1.4925,0.2386,1,1,1,group-2,solo,group-3,2282,670,4191
DDXPLUS_610591,DDXPlus,Complex,0.7567,0.1996,1.3569,0.1996,1,1,1,group-3,solo,group-3,5009,737,5009
DDXPLUS_611260,DDXPlus,Complex,0.4151,0.4836,1.8349,0.2584,1,1,1,group-2,solo,group-3,2068,545,3870
DDXPLUS_611349,DDXPlus,Complex,0.4328,0.0,2.1552,0.0,0,1,0,group-2,solo,group-3,2100,464,3917
DDXPLUS_613225,DDXPlus,Complex,0.4303,0.4897,2.1786,0.261,1,1,1,group-2,solo,group-3,2042,459,3832
DDXPLUS_613281,DDXPlus,Complex,0.4229,0.4277,2.1459,0.2338,1,1,1,group-2,solo,group-3,2338,466,4277
DDXPLUS_614329,DDXPlus,Moderate,0.3164,0.0,0.0,0.0,0,0,0,solo,solo,group-3,598,598,3813
DDXPLUS_61463,DDXPlus,Moderate,0.179,4.1494,4.1494,0.3138,1,1,1,solo,solo,group-3,241,241,3187
DDXPLUS_614886,DDXPlus,Moderate,0.2831,2.1053,2.1053,0.0,1,1,0,solo,solo,group-3,475,475,3541
DDXPLUS_615310,DDXPlus,Moderate,0.3423,2.6455,2.6455,0.2682,1,1,1,solo,solo,group-3,378,378,3729
DDXPLUS_616224,DDXPlus,Complex,0.4784,0.4713,2.3041,0.2531,1,1,1,group-2,solo,group-3,2122,434,3951
DDXPLUS_617045,DDXPlus,Complex,0.6047,0.0,1.443,0.0,0,1,0,group-3,solo,group-3,4803,693,4803
DDXPLUS_618778,DDXPlus,Moderate,0.3474,3.012,3.012,0.2728,1,1,1,solo,solo,group-3,332,332,3666
DDXPLUS_618791,DDXPlus,Complex,0.3599,1.8051,1.8051,0.267,1,1,1,solo,solo,group-3,554,554,3746
DDXPLUS_62060,DDXPlus,Complex,0.4696,0.0,1.4347,0.2422,0,1,1,group-2,solo,group-3,2240,697,4128
DDXPLUS_621363,DDXPlus,Complex,0.4289,0.4359,0.0,0.0,1,0,0,group-2,solo,group-3,2294,465,4209
DDXPLUS_621385,DDXPlus,Complex,0.4653,0.4153,1.9417,0.2283,1,1,1,group-2,solo,group-3,2408,515,4380
DDXPLUS_621844,DDXPlus,Moderate,0.3474,3.0581,3.0581,0.2596,1,1,1,solo,solo,group-3,327,327,3852
DDXPLUS_622596,DDXPlus,Moderate,0.2743,2.5316,2.5316,0.2567,1,1,1,solo,solo,group-3,395,395,3896
DDXPLUS_623763,DDXPlus,Complex,0.6507,0.2127,0.0,0.2127,1,0,1,group-3,solo,group-3,4701,640,4701
DDXPLUS_624442,DDXPlus,Moderate,0.231,0.0,0.0,0.2861,0,0,1,solo,solo,group-3,319,319,3495
DDXPLUS_62448,DDXPlus,Moderate,0.2857,1.8149,1.8149,0.0,1,1,0,solo,solo,group-3,551,551,3752
DDXPLUS_62621,DDXPlus,Complex,0.814,0.0,1.0142,0.1828,0,1,1,MDT,solo,group-3,11695,986,5471
DDXPLUS_627147,DDXPlus,Complex,0.4788,0.457,2.1097,0.247,1,1,1,group-2,solo,group-3,2188,474,4049
DDXPLUS_627375,DDXPlus,Complex,0.4825,0.0,0.0,0.0,0,0,0,group-2,solo,group-3,2349,632,4293
DDXPLUS_628830,DDXPlus,Complex,0.5503,0.427,1.3387,0.2336,1,1,1,group-2,solo,group-3,2342,747,4281
DDXPLUS_629431,DDXPlus,Complex,0.4715,0.0,1.9084,0.0,0,1,0,group-2,solo,group-3,2292,524,4206
DDXPLUS_631547,DDXPlus,Complex,0.4775,0.0,1.4245,0.241,0,1,1,group-2,solo,group-3,2254,702,4149
DDXPLUS_631808,DDXPlus,Complex,0.452,0.0,1.7637,0.2426,0,1,1,group-2,solo,group-3,2236,567,4122
DDXPLUS_634559,DDXPlus,Complex,0.7009,0.218,1.5601,0.218,1,1,1,group-3,solo,group-3,4587,641,4587
DDXPLUS_634779,DDXPlus,Complex,0.4934,0.0,1.8904,0.0,0,1,0,group-2,solo,group-3,2252,529,4130
DDXPLUS_63490,DDXPlus,Complex,0.3747,1.8975,1.8975,0.0,1,1,0,solo,solo,group-3,527,527,4128
DDXPLUS_635029,DDXPlus,Complex,0.5268,0.0,0.0,0.0,0,0,0,group-2,solo,group-3,2156,483,3985
DDXPLUS_635560,DDXPlus,Moderate,0.229,4.0161,4.0161,0.2976,1,1,1,solo,solo,group-3,249,249,3360
DDXPLUS_635719,DDXPlus,Moderate,0.1524,4.4643,4.4643,0.2995,1,1,1,solo,solo,group-3,224,224,3339
DDXPLUS_63614,DDXPlus,Moderate,0.3321,3.2468,3.2468,0.267,1,1,1,solo,solo,group-3,308,308,3746
DDXPLUS_63631,DDXPlus,Moderate,0.1022,0.0,0.0,0.0,0,0,0,solo,solo,group-3,202,202,3085
DDXPLUS_636769,DDXPlus,Moderate,0.1501,6.0241,6.0241,0.3058,1,1,1,solo,solo,group-3,166,166,3270
DDXPLUS_63760,DDXPlus,Complex,0.4913,0.4205,1.3298,0.2307,1,1,1,group-2,solo,group-3,2378,752,4335
DDXPLUS_637861,DDXPlus,Complex,0.5611,0.0,1.7825,0.0,0,1,0,group-2,solo,group-3,2444,561,4434
DDXPLUS_637952,DDXPlus,Moderate,0.311,1.8868,1.8868,0.2673,1,1,1,solo,solo,group-3,530,530,3741
DDXPLUS_638720,DDXPlus,Complex,0.4876,0.4757,1.6393,0.255,1,1,1,group-2,solo,group-3,2102,610,3921
DDXPLUS_63931,DDXPlus,Complex,0.6731,0.22,1.6447,0.22,1,1,1,group-3,solo,group-3,4545,608,4545
DDXPLUS_639489,DDXPlus,Complex,0.5463,0.431,1.6584,0.2379,1,1,1,group-2,solo,group-3,2320,603,4203
DDXPLUS_639893,DDXPlus,Moderate,0.2118,4.0816,4.0816,0.3046,1,1,1,solo,solo,group-3,245,245,3283
DDXPLUS_640283,DDXPlus,Complex,0.7374,0.2013,1.287,0.2013,1,1,1,group-3,solo,group-3,4967,777,4967
DDXPLUS_642446,DDXPlus,Complex,0.537,0.0,1.4164,0.0,0,1,0,group-2,solo,group-3,2344,706,4283
DDXPLUS_643035,DDXPlus,Complex,0.5896,0.4153,0.0,0.2283,1,0,1,group-2,solo,group-3,2408,836,4380
DDXPLUS_643054,DDXPlus,Complex,0.3633,1.8149,1.8149,0.2751,1,1,1,solo,solo,group-3,551,551,3635
DDXPLUS_643392,DDXPlus,Complex,0.657,0.0,1.4881,0.0,0,1,0,group-3,solo,group-3,4776,672,4776
DDXPLUS_643960,DDXPlus,Complex,0.5259,0.4014,1.7301,0.2219,1,1,1,group-2,solo,group-3,2491,578,4506
DDXPLUS_644570,DDXPlus,Moderate,0.353,2.6455,2.6455,0.2623,1,1,1,solo,solo,group-3,378,378,3813
DDXPLUS_647684,DDXPlus,Moderate,0.1636,0.0,0.0,0.3162,0,0,1,solo,solo,group-3,208,208,3163
DDXPLUS_648929,DDXPlus,Complex,0.3752,0.0,0.0,0.0,0,0,0,solo,solo,group-3,388,388,3959
DDXPLUS_649449,DDXPlus,Complex,0.4017,0.4645,1.9455,0.2501,1,1,1,group-2,solo,group-3,2153,514,3999
DDXPLUS_64961,DDXPlus,Complex,0.814,0.0867,1.1806,0.1876,1,1,1,MDT,solo,group-3,11534,847,5331
DDXPLUS_649655,DDXPlus,Complex,0.788,0.0,0.9833,0.0,0,1,0,group-3,solo,group-3,5092,1017,5092
DDXPLUS_653101,DDXPlus,Complex,0.4888,0.448,1.8868,0.243,1,1,1,group-2,solo,group-3,2232,530,4115
DDXPLUS_65371,DDXPlus,Complex,0.7509,0.0,1.2151,0.0,0,1,0,group-3,solo,group-3,4963,823,4963
DDXPLUS_655057,DDXPlus,Moderate,0.3466,0.0,0.0,0.0,0,0,0,solo,solo,group-3,375,375,3645
DDXPLUS_655318,DDXPlus,Complex,0.78,0.1949,1.0672,0.1949,1,1,1,group-3,solo,group-3,5130,937,5130
DDXPLUS_655416,DDXPlus,Moderate,0.3116,1.9305,1.9305,0.2779,1,1,1,solo,solo,group-3,518,518,3599
DDXPLUS_656426,DDXPlus,Complex,0.6393,0.0,0.0,0.0,0,0,0,group-3,solo,group-3,4719,690,4719
DDXPLUS_657255,DDXPlus,Complex,0.6687,0.2094,0.0,0.2094,1,0,1,group-3,solo,group-3,4775,895,4775
DDXPLUS_65767,DDXPlus,Complex,0.4113,0.4808,0.0,0.2572,1,0,1,group-2,solo,group-3,2080,421,3888
DDXPLUS_657787,DDXPlus,Complex,0.4091,0.4946,1.938,0.2631,1,1,1,group-2,solo,group-3,2022,516,3801
DDXPLUS_658035,DDXPlus,Moderate,0.1041,6.0976,6.0976,0.3321,1,1,1,solo,solo,group-3,164,164,3011
DDXPLUS_658084,DDXPlus,Complex,0.4149,0.0,0.0,0.0,0,0,0,group-2,solo,group-3,1922,554,3609
DDXPLUS_658174,DDXPlus,Moderate,0.3068,3.0211,3.0211,0.273,1,1,1,solo,solo,group-3,331,331,3663
DDXPLUS_658560,DDXPlus,Complex,0.4914,0.0,0.0,0.0,0,0,0,group-2,solo,group-3,2346,612,4286
DDXPLUS_658662,DDXPlus,Complex,0.458,0.0,0.0,0.0,0,0,0,group-2,solo,group-3,2439,706,4428
DDXPLUS_659702,DDXPlus,Complex,0.4695,0.4378,1.845,0.0,1,1,0,group-2,solo,group-3,2284,542,4194
DDXPLUS_659707,DDXPlus,Complex,0.417,0.5076,1.938,0.2687,1,1,1,group-2,solo,group-3,1970,516,3722
DDXPLUS_660100,DDXPlus,Moderate,0.2271,2.584,2.584,0.0,1,1,0,solo,solo,group-3,387,387,3315
DDXPLUS_660724,DDXPlus,Complex,0.4654,0.0,0.0,0.0,0,0,0,group-2,solo,group-3,2122,487,3877
DDXPLUS_660926,DDXPlus,Complex,0.434,0.4369,1.7301,0.238,1,1,1,group-2,solo,group-3,2289,578,4202
DDXPLUS_661378,DDXPlus,Complex,0.5184,0.457,2.0964,0.2469,1,1,1,group-2,solo,group-3,2188,477,4050
DDXPLUS_662436,DDXPlus,Moderate,0.3466,1.9011,1.9011,0.0,1,1,0,solo,solo,group-3,526,526,3860
DDXPLUS_663178,DDXPlus,Complex,0.4942,0.4638,2.0704,0.2499,1,1,1,group-2,solo,group-3,2156,483,4002
DDXPLUS_664356,DDXPlus,Complex,0.6787,0.2068,1.4641,0.2068,1,1,1,group-3,solo,group-3,4836,683,4836
DDXPLUS_664423,DDXPlus,Complex,0.4615,0.4766,2.3095,0.2554,1,1,1,group-2,solo,group-3,2098,433,3915
DDXPLUS_66664,DDXPlus,Complex,0.4448,0.0,1.3908,0.2362,0,1,1,group-2,solo,group-3,2310,719,4233
DDXPLUS_666675,DDXPlus,Complex,0.614,0.2177,1.7301,0.2177,1,1,1,group-3,solo,group-3,4593,578,4593
DDXPLUS_667332,DDXPlus,Complex,0.5522,0.0,1.9455,0.0,0,1,0,group-2,solo,group-3,2320,514,4248
DDXPLUS_667392,DDXPlus,Complex,0.474,0.3964,0.0,0.2196,1,0,1,group-2,solo,group-3,2523,771,4554
DDXPLUS_668243,DDXPlus,Complex,0.4059,0.4704,1.7544,0.2528,1,1,1,group-2,solo,group-3,2126,570,3956
DDXPLUS_668643,DDXPlus,Complex,0.4614,0.4677,2.2573,0.2516,1,1,1,group-2,solo,group-3,2138,443,3975
DDXPLUS_669052,DDXPlus,Complex,0.4574,0.0,1.845,0.0,0,1,0,group-2,solo,group-3,2006,542,3767
DDXPLUS_670061,DDXPlus,Complex,0.4168,0.4488,0.0,0.2433,1,0,1,group-2,solo,group-3,2228,537,4110
DDXPLUS_670248,DDXPlus,Moderate,0.1542,4.2735,4.2735,0.0,1,1,0,solo,solo,group-3,234,234,3167
DDXPLUS_670483,DDXPlus,Complex,0.3726,0.0,0.0,0.0,0,0,0,solo,solo,group-3,526,526,4125
DDXPLUS_672570,DDXPlus,Moderate,0.3212,1.7513,1.7513,0.2838,1,1,1,solo,solo,group-3,571,571,3524
DDXPLUS_673023,DDXPlus,Moderate,0.281,0.0,0.0,0.0,0,0,0,solo,solo,group-3,411,411,3659
DDXPLUS_673548,DDXPlus,Complex,0.4674,0.4513,1.506,0.2444,1,1,1,group-2,solo,group-3,2216,664,4091
DDXPLUS_673757,DDXPlus,Complex,0.369,2.0619,2.0619,0.2635,1,1,1,solo,solo,group-3,485,485,3795
DDXPLUS_673964,DDXPlus,Complex,0.3786,1.9342,1.9342,0.268,1,1,1,solo,solo,group-3,517,517,3732
DDXPLUS_674004,DDXPlus,Complex,0.5945,0.3911,1.5361,0.2172,1,1,1,group-2,solo,group-3,2557,651,4605
DDXPLUS_674254,DDXPlus,Complex,0.4308,0.4869,2.4691,0.2612,1,1,1,group-2,solo,group-3,2054,405,3829
DDXPLUS_674256,DDXPlus,Complex,0.776,0.1954,1.0152,0.1954,1,1,1,group-3,solo,group-3,5119,985,5119
DDXPLUS_674753,DDXPlus,Complex,0.4017,0.4572,0.0,0.2469,1,0,1,group-2,solo,group-3,2187,495,4050
DDXPLUS_674941,DDXPlus,Complex,0.4939,0.4303,1.6129,0.2351,1,1,1,group-2,solo,group-3,2324,620,4254
DDXPLUS_675428,DDXPlus,Complex,0.4845,0.4363,2.2422,0.2378,1,1,1,group-2,solo,group-3,2292,446,4206
DDXPLUS_675607,DDXPlus,Complex,0.369,1.8416,1.8416,0.26,1,1,1,solo,solo,group-3,543,543,3846
DDXPLUS_676204,DDXPlus,Complex,0.6776,0.2128,1.5267,0.2128,1,1,1,group-3,solo,group-3,4700,655,4700
DDXPLUS_677386,DDXPlus,Moderate,0.1195,4.5249,4.5249,0.0,1,1,0,solo,solo,group-3,221,221,3111
DDXPLUS_677814,DDXPlus,Complex,0.5175,0.4413,1.9417,0.24,1,1,1,group-2,solo,group-3,2266,515,4167
DDXPLUS_678171,DDXPlus,Moderate,0.3343,1.5198,1.5198,0.266,1,1,1,solo,solo,group-3,658,658,3759
DDXPLUS_678394,DDXPlus,Moderate,0.3426,2.7027,2.7027,0.2533,1,1,1,solo,solo,group-3,370,370,3948
DDXPLUS_679080,DDXPlus,Complex,0.4482,0.4888,2.193,0.2607,1,1,1,group-2,solo,group-3,2046,456,3836
DDXPLUS_681427,DDXPlus,Complex,0.7433,0.0,0.0,0.0,0,0,0,group-3,solo,group-3,4983,758,4983
DDXPLUS_681850,DDXPlus,Complex,0.5176,0.4153,1.8519,0.2283,1,1,1,group-2,solo,group-3,2408,540,4380
DDXPLUS_682239,DDXPlus,Moderate,0.3291,2.7701,2.7701,0.2682,1,1,1,solo,solo,group-3,361,361,3729
DDXPLUS_682327,DDXPlus,Complex,0.4887,0.3759,1.4793,0.2102,1,1,1,group-2,solo,group-3,2660,676,4758
DDXPLUS_682601,DDXPlus,Moderate,0.2332,0.0,0.0,0.2727,0,0,1,solo,solo,group-3,346,346,3667
DDXPLUS_682760,DDXPlus,Simple,0.0868,0.0,0.0,0.0,0,0,0,solo,solo,group-3,368,368,3103
DDXPLUS_68351,DDXPlus,Complex,0.545,0.0,1.4663,0.0,0,1,0,group-2,solo,group-3,2298,682,4215
DDXPLUS_683794,DDXPlus,Moderate,0.1348,4.2017,4.2017,0.3265,1,1,1,solo,solo,group-3,238,238,3063
DDXPLUS_684095,DDXPlus,Moderate,0.2258,0.0,0.0,0.2889,0,0,1,solo,solo,group-3,261,261,3461
DDXPLUS_685212,DDXPlus,Complex,0.5699,0.4052,1.7513,0.2237,1,1,1,group-2,solo,group-3,2468,571,4470
DDXPLUS_68573,DDXPlus,Complex,0.4898,0.4608,1.7361,0.2488,1,1,1,group-2,solo,group-3,2170,576,4019
DDXPLUS_688341,DDXPlus,Complex,0.3747,1.5221,1.5221,0.0,1,1,0,solo,solo,group-3,657,657,4065
DDXPLUS_689899,DDXPlus,Complex,0.4234,0.4591,1.845,0.2478,1,1,1,group-2,solo,group-3,2178,542,4035
DDXPLUS_690005,DDXPlus,Moderate,0.2916,2.8169,2.8169,0.2657,1,1,1,solo,solo,group-3,355,355,3763
DDXPLUS_690179,DDXPlus,Complex,0.3774,1.4409,1.4409,0.2438,1,1,1,solo,solo,group-3,694,694,4101
DDXPLUS_691534,DDXPlus,Complex,0.4133,0.469,1.6181,0.2521,1,1,1,group-2,solo,group-3,2132,618,3966
DDXPLUS_691820,DDXPlus,Moderate,0.2942,0.0,0.0,0.2708,0,0,1,solo,solo,group-3,345,345,3693
DDXPLUS_69216,DDXPlus,Moderate,0.3338,1.5798,1.5798,0.0,1,1,0,solo,solo,group-3,633,633,3830
DDXPLUS_693292,DDXPlus,Complex,0.4327,0.0,0.0,0.0,0,0,0,group-2,solo,group-3,2328,581,4259
DDXPLUS_693591,DDXPlus,Complex,0.4959,0.4333,1.4306,0.2365,1,1,1,group-2,solo,group-3,2308,699,4229
DDXPLUS_69404,DDXPlus,Complex,0.5133,0.4196,0.0,0.0,1,0,0,group-2,solo,group-3,2383,563,4344
DDXPLUS_695296,DDXPlus,Complex,0.7653,0.194,1.2674,0.194,1,1,1,group-3,solo,group-3,5154,789,5154
DDXPLUS_695365,DDXPlus,Complex,0.5223,0.4329,1.7422,0.0,1,1,0,group-2,solo,group-3,2310,574,4233
DDXPLUS_69681,DDXPlus,Complex,0.5706,0.4625,1.8484,0.2493,1,1,1,group-2,solo,group-3,2162,541,4011
DDXPLUS_696937,DDXPlus,Complex,0.371,2.2676,2.2676,0.2586,1,1,1,solo,solo,group-3,441,441,3867
DDXPLUS_697205,DDXPlus,Complex,0.4601,0.0,0.0,0.0,0,0,0,group-2,solo,group-3,2323,578,4254
DDXPLUS_697992,DDXPlus,Complex,0.3573,0.0,0.0,0.0,0,0,0,solo,solo,group-3,411,411,3990
DDXPLUS_700187,DDXPlus,Moderate,0.2134,4.5249,4.5249,0.3145,1,1,1,solo,solo,group-3,221,221,3180
DDXPLUS_700279,DDXPlus,Complex,0.4307,0.4608,1.6447,0.2486,1,1,1,group-2,solo,group-3,2170,608,4022
DDXPLUS_701793,DDXPlus,Complex,0.4789,0.0,1.8315,0.255,0,1,1,group-2,solo,group-3,2102,546,3921
DDXPLUS_702269,DDXPlus,Complex,0.3806,1.5699,1.5699,0.2633,1,1,1,solo,solo,group-3,637,637,3798
DDXPLUS_703700,DDXPlus,Moderate,0.3419,0.0,0.0,0.2575,0,0,1,solo,solo,group-3,404,404,3883
DDXPLUS_704041,DDXPlus,Complex,0.4919,0.4505,1.8248,0.2451,1,1,1,group-2,solo,group-3,2220,548,4080
DDXPLUS_704423,DDXPlus,Moderate,0.1564,0.0,0.0,0.3099,0,0,1,solo,solo,group-3,381,381,3227
DDXPLUS_70451,DDXPlus,Moderate,0.1483,0.0,0.0,0.3082,0,0,1,solo,solo,group-3,213,213,3245
DDXPLUS_704983,DDXPlus,Complex,0.788,0.1936,0.9643,0.1936,1,1,1,group-3,solo,group-3,5166,1037,5166
DDXPLUS_707466,DDXPlus,Complex,0.786,0.2055,1.1086,0.2055,1,1,1,group-3,solo,group-3,4866,902,4866
DDXPLUS_70833,DDXPlus,Complex,0.4409,0.0,1.5456,0.2492,0,1,1,group-2,solo,group-3,2174,647,4013
DDXPLUS_708523,DDXPlus,Complex,0.4172,0.4921,1.7301,0.2621,1,1,1,group-2,solo,group-3,2032,578,3816
DDXPLUS_708950,DDXPlus,Complex,0.5474,0.4146,1.2469,0.2281,1,1,1,group-2,solo,group-3,2412,802,4385
DDXPLUS_709767,DDXPlus,Moderate,0.3014,3.5971,3.5971,0.2869,1,1,1,solo,solo,group-3,278,278,3485
DDXPLUS_710455,DDXPlus,Moderate,0.1021,0.0,0.0,0.0,0,0,0,solo,solo,group-3,161,161,3234
DDXPLUS_710776,DDXPlus,Complex,0.3887,1.7036,1.7036,0.2442,1,1,1,solo,solo,group-3,587,587,4095
DDXPLUS_712630,DDXPlus,Complex,0.3644,2.5189,2.5189,0.248,1,1,1,solo,solo,group-3,397,397,4032
DDXPLUS_712664,DDXPlus,Complex,0.4401,0.0,0.0,0.0,0,0,0,group-2,solo,group-3,2290,458,4201
DDXPLUS_713081,DDXPlus,Moderate,0.1389,4.4248,4.4248,0.0,1,1,0,solo,solo,group-3,226,226,3208
DDXPLUS_713619,DDXPlus,Moderate,0.3496,2.0747,2.0747,0.2778,1,1,1,solo,solo,group-3,482,482,3600
DDXPLUS_715877,DDXPlus,Moderate,0.3423,2.8653,2.8653,0.2813,1,1,1,solo,solo,group-3,349,349,3555
DDXPLUS_716682,DDXPlus,Complex,0.602,0.2149,0.0,0.2149,1,0,1,group-3,solo,group-3,4653,631,4653
DDXPLUS_718207,DDXPlus,Complex,0.4635,0.0,0.0,0.0,0,0,0,group-2,solo,group-3,2114,500,3917
DDXPLUS_718925,DDXPlus,Moderate,0.3345,2.3585,2.3585,0.2795,1,1,1,solo,solo,group-3,424,424,3578
DDXPLUS_71930,DDXPlus,Complex,0.5067,0.0,1.4948,0.2222,0,1,1,group-2,solo,group-3,2488,669,4500
DDXPLUS_719496,DDXPlus,Complex,0.778,0.1976,1.0482,0.1976,1,1,1,group-3,solo,group-3,5061,954,5061
DDXPLUS_720720,DDXPlus,Complex,0.79,0.1908,1.1198,0.1908,1,1,1,group-3,solo,group-3,5241,893,5241
DDXPLUS_721335,DDXPlus,Moderate,0.2134,4.5455,4.5455,0.3137,1,1,1,solo,solo,group-3,220,220,3188
DDXPLUS_721872,DDXPlus,Complex,0.6347,0.2027,1.0834,0.2027,1,1,1,group-3,solo,group-3,4934,923,4934
DDXPLUS_722316,DDXPlus,Complex,0.6181,0.2194,1.2484,0.2194,1,1,1,group-3,solo,group-3,4557,801,4557
DDXPLUS_722542,DDXPlus,Complex,0.796,0.1889,1.0215,0.1889,1,1,1,group-3,solo,group-3,5295,979,5295
DDXPLUS_722736,DDXPlus,Moderate,0.2917,1.5015,1.5015,0.2631,1,1,1,solo,solo,group-3,666,666,3801
DDXPLUS_723405,DDXPlus,Complex,0.4367,0.4266,1.3459,0.2355,1,1,1,group-2,solo,group-3,2344,743,4247
DDXPLUS_725597,DDXPlus,Complex,0.39,1.6529,1.6529,0.0,1,1,0,solo,solo,group-3,605,605,4157
DDXPLUS_726435,DDXPlus,Complex,0.3686,1.8975,1.8975,0.2477,1,1,1,solo,solo,group-3,527,527,4037
DDXPLUS_72681,DDXPlus,Complex,0.772,0.2037,1.4205,0.2037,1,1,1,group-3,solo,group-3,4909,704,4909
DDXPLUS_726827,DDXPlus,Complex,0.4368,0.0,2.3474,0.2602,0,1,1,group-2,solo,group-3,2114,426,3843
DDXPLUS_727338,DDXPlus,Complex,0.702,0.0,1.0893,0.0,0,1,0,group-3,solo,group-3,4917,918,4917
DDXPLUS_727646,DDXPlus,Moderate,0.1483,3.2573,3.2573,0.3092,1,1,1,solo,solo,group-3,307,307,3234
DDXPLUS_727856,DDXPlus,Complex,0.3752,0.0,0.0,0.0,0,0,0,solo,solo,group-3,380,380,3867
DDXPLUS_728908,DDXPlus,Complex,0.3781,1.9268,1.9268,0.2704,1,1,1,solo,solo,group-3,519,519,3698
DDXPLUS_729022,DDXPlus,Moderate,0.1194,6.8027,6.8027,0.3265,1,1,1,solo,solo,group-3,147,147,3063
DDXPLUS_729394,DDXPlus,Complex,0.3693,1.9493,1.9493,0.2562,1,1,1,solo,solo,group-3,513,513,3903
DDXPLUS_729623,DDXPlus,Complex,0.5076,0.4579,2.0325,0.0,1,1,0,group-2,solo,group-3,2184,492,4043
DDXPLUS_730385,DDXPlus,Complex,0.6866,0.2188,0.0,0.2188,1,0,1,group-3,solo,group-3,4570,759,4570
DDXPLUS_730677,DDXPlus,Complex,0.393,0.0,0.0,0.2572,0,0,1,solo,solo,group-3,619,619,3888
DDXPLUS_731046,DDXPlus,Complex,0.467,0.4335,2.1598,0.2364,1,1,1,group-2,solo,group-3,2307,463,4230
DDXPLUS_731970,DDXPlus,Complex,0.6349,0.2156,1.5748,0.2156,1,1,1,group-3,solo,group-3,4638,635,4638
DDXPLUS_73223,DDXPlus,Complex,0.3948,2.4038,2.4038,0.2552,1,1,1,solo,solo,group-3,416,416,3919
DDXPLUS_733547,DDXPlus,Complex,0.8,0.0,0.0,0.0,0,0,0,MDT,solo,group-3,11457,821,5244
DDXPLUS_734248,DDXPlus,Complex,0.4631,0.4803,1.4085,0.2572,1,1,1,group-2,solo,group-3,2082,710,3888
DDXPLUS_734650,DDXPlus,Moderate,0.2201,2.1097,2.1097,0.0,1,1,0,solo,solo,group-3,474,474,3633
DDXPLUS_735003,DDXPlus,Complex,0.4542,0.4398,2.2883,0.2393,1,1,1,group-2,solo,group-3,2274,437,4179
DDXPLUS_736155,DDXPlus,Complex,0.4633,0.4554,1.8975,0.2462,1,1,1,group-2,solo,group-3,2196,527,4062
DDXPLUS_737561,DDXPlus,Complex,0.653,0.2189,1.2255,0.2189,1,1,1,group-3,solo,group-3,4569,816,4569
DDXPLUS_738509,DDXPlus,Complex,0.4692,0.4613,0.0,0.0,1,0,0,group-2,solo,group-3,2168,462,4019
DDXPLUS_738557,DDXPlus,Complex,0.4321,0.4316,1.5152,0.2356,1,1,1,group-2,solo,group-3,2317,660,4245
DDXPLUS_738614,DDXPlus,Moderate,0.3035,0.0,0.0,0.2836,0,0,1,solo,solo,group-3,308,308,3526
DDXPLUS_739105,DDXPlus,Complex,0.609,0.0,0.0,0.0,0,0,0,group-3,solo,group-3,4677,631,4677
DDXPLUS_739526,DDXPlus,Complex,0.3773,0.0,0.0,0.0,0,0,0,solo,solo,group-3,385,385,4025
DDXPLUS_739832,DDXPlus,Complex,0.4615,0.4596,0.0,0.248,1,0,1,group-2,solo,group-3,2176,550,4032
DDXPLUS_740000,DDXPlus,Complex,0.525,0.4529,1.5337,0.2451,1,1,1,group-2,solo,group-3,2208,652,4080
DDXPLUS_740384,DDXPlus,Moderate,0.3552,2.4272,2.4272,0.256,1,1,1,solo,solo,group-3,412,412,3906
DDXPLUS_740653,DDXPlus,Complex,0.4481,0.4638,1.5823,0.2498,1,1,1,group-2,solo,group-3,2156,632,4003
DDXPLUS_741967,DDXPlus,Complex,0.598,0.0,1.6207,0.2155,0,1,1,group-2,solo,group-3,2581,617,4640
DDXPLUS_742295,DDXPlus,Complex,0.5679,0.4,1.2376,0.2213,1,1,1,group-2,solo,group-3,2500,808,4518
DDXPLUS_742845,DDXPlus,Complex,0.4913,0.4006,1.3908,0.2216,1,1,1,group-2,solo,group-3,2496,719,4513
DDXPLUS_742950,DDXPlus,Complex,0.492,0.4437,2.1834,0.241,1,1,1,group-2,solo,group-3,2254,458,4149
DDXPLUS_743387,DDXPlus,Complex,0.5726,0.0,1.3089,0.0,0,1,0,group-2,solo,group-3,2352,764,4265
DDXPLUS_743471,DDXPlus,Moderate,0.3356,2.6247,2.6247,0.2641,1,1,1,solo,solo,group-3,381,381,3786
DDXPLUS_743867,DDXPlus,Complex,0.4401,0.0,0.0,0.0,0,0,0,group-2,solo,group-3,2339,425,4277
DDXPLUS_744029,DDXPlus,Complex,0.5351,0.4202,1.7699,0.2305,1,1,1,group-2,solo,group-3,2380,565,4338
DDXPLUS_744430,DDXPlus,Moderate,0.3474,3.2787,3.2787,0.2772,1,1,1,solo,solo,group-3,305,305,3608
DDXPLUS_744515,DDXPlus,Complex,0.461,0.4521,1.5528,0.2447,1,1,1,group-2,solo,group-3,2212,644,4086
DDXPLUS_745439,DDXPlus,Complex,0.3672,0.0,0.0,0.0,0,0,0,solo,solo,group-3,396,396,3822
DDXPLUS_745751,DDXPlus,Complex,0.4793,0.4163,1.7762,0.2288,1,1,1,group-2,solo,group-3,2402,563,4371
DDXPLUS_74604,DDXPlus,Complex,0.3734,1.8182,1.8182,0.2533,1,1,1,solo,solo,group-3,550,550,3948
DDXPLUS_748503,DDXPlus,Complex,0.3927,1.6807,1.6807,0.0,1,1,0,solo,solo,group-3,595,595,3930
DDXPLUS_750864,DDXPlus,Complex,0.4615,0.4621,1.5244,0.2506,1,1,1,group-2,solo,group-3,2164,656,3990
DDXPLUS_751072,DDXPlus,Complex,0.3845,1.6949,1.6949,0.2483,1,1,1,solo,solo,group-3,590,590,4028
DDXPLUS_751755,DDXPlus,Moderate,0.3377,1.9881,1.9881,0.0,1,1,0,solo,solo,group-3,503,503,3993
DDXPLUS_75203,DDXPlus,Moderate,0.2876,0.0,0.0,0.2654,0,0,1,solo,solo,group-3,598,598,3768
DDXPLUS_752064,DDXPlus,Complex,0.812,0.0868,0.0,0.1933,1,0,1,MDT,solo,group-3,11524,838,5172
DDXPLUS_752511,DDXPlus,Moderate,0.1981,4.7393,4.7393,0.3231,1,1,1,solo,solo,group-3,211,211,3095
DDXPLUS_752934,DDXPlus,Complex,0.4012,0.4454,2.3095,0.2417,1,1,1,group-2,solo,group-3,2245,433,4137
DDXPLUS_753583,DDXPlus,Complex,0.4675,0.4509,2.2075,0.0,1,1,0,group-2,solo,group-3,2218,453,4095
DDXPLUS_753963,DDXPlus,Complex,0.6194,0.2271,1.6584,0.2271,1,1,1,group-3,solo,group-3,4404,603,4404
DDXPLUS_754213,DDXPlus,Complex,0.4012,0.4798,2.3256,0.2568,1,1,1,group-2,solo,group-3,2084,430,3894
DDXPLUS_754605,DDXPlus,Complex,0.3955,2.6178,2.6178,0.2621,1,1,1,solo,solo,group-3,382,382,3816
DDXPLUS_755169,DDXPlus,Complex,0.3754,1.6639,1.6639,0.2541,1,1,1,solo,solo,group-3,601,601,3936
DDXPLUS_755606,DDXPlus,Complex,0.4746,0.0,0.0,0.2412,0,0,1,group-2,solo,group-3,2252,454,4146
DDXPLUS_755817,DDXPlus,Complex,0.6907,0.205,1.25,0.205,1,1,1,group-3,solo,group-3,4878,800,4878
DDXPLUS_755958,DDXPlus,Moderate,0.2288,2.9499,2.9499,0.2877,1,1,1,solo,solo,group-3,339,339,3476
DDXPLUS_756077,DDXPlus,Complex,0.3847,0.0,0.0,0.0,0,0,0,solo,solo,group-3,588,588,4185
DDXPLUS_756141,DDXPlus,Complex,0.5268,0.4363,0.0,0.0,1,0,0,group-2,solo,group-3,2292,490,4206
DDXPLUS_756605,DDXPlus,Complex,0.367,1.8692,1.8692,0.2527,1,1,1,solo,solo,group-3,535,535,3957
DDXPLUS_757169,DDXPlus,Complex,0.3936,2.5316,2.5316,0.2646,1,1,1,solo,solo,group-3,395,395,3779
DDXPLUS_757415,DDXPlus,Complex,0.4053,0.4596,2.2831,0.248,1,1,1,group-2,solo,group-3,2176,438,4032
DDXPLUS_758506,DDXPlus,Complex,0.4521,0.0,2.0,0.0,0,1,0,group-2,solo,group-3,2218,500,4095
DDXPLUS_758672,DDXPlus,Complex,0.4133,0.0,1.6155,0.0,0,1,0,group-2,solo,group-3,2190,619,4053
DDXPLUS_758825,DDXPlus,Complex,0.6056,0.2303,1.6694,0.2303,1,1,1,group-3,solo,group-3,4343,599,4343
DDXPLUS_761082,DDXPlus,Complex,0.4637,0.4558,1.9763,0.2464,1,1,1,group-2,solo,group-3,2194,506,4059
DDXPLUS_761104,DDXPlus,Moderate,0.2945,2.809,2.809,0.2612,1,1,1,solo,solo,group-3,356,356,3828
DDXPLUS_761123,DDXPlus,Complex,0.582,0.387,1.6051,0.2172,1,1,1,group-2,solo,group-3,2584,623,4603
DDXPLUS_762717,DDXPlus,Complex,0.694,0.204,1.3038,0.204,1,1,1,group-3,solo,group-3,4902,767,4902
DDXPLUS_763054,DDXPlus,Complex,0.3751,0.0,0.0,0.0,0,0,0,solo,solo,group-3,424,424,3705
DDXPLUS_763410,DDXPlus,Complex,0.4542,0.4421,1.5244,0.2403,1,1,1,group-2,solo,group-3,2262,656,4161
DDXPLUS_763647,DDXPlus,Complex,0.732,0.1944,1.0799,0.1944,1,1,1,group-3,solo,group-3,5145,926,5145
DDXPLUS_764888,DDXPlus,Moderate,0.2861,2.7322,2.7322,0.2746,1,1,1,solo,solo,group-3,366,366,3642
DDXPLUS_765315,DDXPlus,Complex,0.6906,0.2061,1.0953,0.2061,1,1,1,group-3,solo,group-3,4851,913,4851
DDXPLUS_765439,DDXPlus,Complex,0.5002,0.4196,0.0,0.0,1,0,0,group-2,solo,group-3,2383,559,4344
DDXPLUS_766032,DDXPlus,Complex,0.4632,0.4378,2.0492,0.2385,1,1,1,group-2,solo,group-3,2284,488,4193
DDXPLUS_767172,DDXPlus,Complex,0.5421,0.4281,2.0325,0.2368,1,1,1,group-2,solo,group-3,2336,492,4223
DDXPLUS_767311,DDXPlus,Complex,0.485,0.0,1.6393,0.2407,0,1,1,group-2,solo,group-3,2258,610,4155
DDXPLUS_767661,DDXPlus,Moderate,0.1214,0.0,0.0,0.0,0,0,0,solo,solo,group-3,345,345,3243
DDXPLUS_767668,DDXPlus,Moderate,0.3444,3.0303,3.0303,0.2537,1,1,1,solo,solo,group-3,330,330,3942
DDXPLUS_768719,DDXPlus,Complex,0.4153,0.485,2.3364,0.259,1,1,1,group-2,solo,group-3,2062,428,3861
DDXPLUS_769290,DDXPlus,Moderate,0.1214,4.878,4.878,0.3291,1,1,1,solo,solo,group-3,205,205,3039
DDXPLUS_769408,DDXPlus,Complex,0.5067,0.392,1.3072,0.2176,1,1,1,group-2,solo,group-3,2551,765,4595
DDXPLUS_769946,DDXPlus,Complex,0.4081,0.445,2.3095,0.2415,1,1,1,group-2,solo,group-3,2247,433,4141
DDXPLUS_770609,DDXPlus,Complex,0.818,0.0871,1.1013,0.1865,1,1,1,MDT,solo,group-3,11483,908,5361
DDXPLUS_771669,DDXPlus,Complex,0.3592,1.6155,1.6155,0.0,1,1,0,solo,solo,group-3,619,619,4086
DDXPLUS_771827,DDXPlus,Complex,0.5096,0.4634,2.1231,0.2498,1,1,1,group-2,solo,group-3,2158,471,4004
DDXPLUS_772028,DDXPlus,Complex,0.4632,0.4699,1.9724,0.0,1,1,0,group-2,solo,group-3,2128,507,3960
DDXPLUS_772042,DDXPlus,Complex,0.4689,0.4234,2.0243,0.232,1,1,1,group-2,solo,group-3,2362,494,4311
DDXPLUS_772178,DDXPlus,Complex,0.4546,0.444,1.7036,0.2441,1,1,1,group-2,solo,group-3,2252,587,4097
DDXPLUS_7729,DDXPlus,Moderate,0.1061,2.9762,2.9762,0.0,1,1,0,solo,solo,group-3,336,336,2988
DDXPLUS_772961,DDXPlus,Complex,0.4171,0.4517,2.1834,0.2446,1,1,1,group-2,solo,group-3,2214,458,4089
DDXPLUS_77402,DDXPlus,Complex,0.7133,0.2021,1.4065,0.2021,1,1,1,group-3,solo,group-3,4947,711,4947
DDXPLUS_774363,DDXPlus,Moderate,0.2723,0.0,0.0,0.2631,0,0,1,solo,solo,group-3,368,368,3801
DDXPLUS_774619,DDXPlus,Moderate,0.3378,1.5552,1.5552,0.2568,1,1,1,solo,solo,group-3,643,643,3894
DDXPLUS_775467,DDXPlus,Complex,0.461,0.438,1.8349,0.2384,1,1,1,group-2,solo,group-3,2283,545,4194
DDXPLUS_775891,DDXPlus,Moderate,0.1981,4.4053,4.4053,0.2983,1,1,1,solo,solo,group-3,227,227,3352
DDXPLUS_776617,DDXPlus,Complex,0.6731,0.2228,1.292,0.2228,1,1,1,group-3,solo,group-3,4488,774,4488
DDXPLUS_776951,DDXPlus,Complex,0.6855,0.0,1.1876,0.0,0,1,0,group-3,solo,group-3,4786,842,4786
DDXPLUS_777165,DDXPlus,Complex,0.5496,0.3923,1.7271,0.2178,1,1,1,group-2,solo,group-3,2549,579,4592
DDXPLUS_779152,DDXPlus,Complex,0.804,0.0,1.1403,0.192,0,1,1,MDT,solo,group-3,11253,877,5208
DDXPLUS_779440,DDXPlus,Moderate,0.2421,3.1746,3.1746,0.3006,1,1,1,solo,solo,group-3,315,315,3327
DDXPLUS_779825,DDXPlus,Complex,0.5096,0.4625,1.7452,0.0,1,1,0,group-2,solo,group-3,2162,573,4011
DDXPLUS_780902,DDXPlus,Complex,0.5045,0.0,0.0,0.0,0,0,0,group-2,solo,group-3,2336,806,4272
DDXPLUS_780933,DDXPlus,Complex,0.539,0.0,0.0,0.0,0,0,0,group-2,solo,group-3,2411,554,4386
DDXPLUS_782008,DDXPlus,Complex,0.4635,0.448,1.6611,0.243,1,1,1,group-2,solo,group-3,2232,602,4116
DDXPLUS_78294,DDXPlus,Complex,0.566,0.3799,1.2392,0.212,1,1,1,group-2,solo,group-3,2632,807,4716
DDXPLUS_783415,DDXPlus,Complex,0.4825,0.4297,2.0964,0.2347,1,1,1,group-2,solo,group-3,2327,477,4261
DDXPLUS_784492,DDXPlus,Complex,0.718,0.2141,1.387,0.2141,1,1,1,group-3,solo,group-3,4671,721,4671
DDXPLUS_785062,DDXPlus,Complex,0.5073,0.0,1.1737,0.213,0,1,1,group-2,solo,group-3,2617,852,4694
DDXPLUS_788355,DDXPlus,Complex,0.5067,0.3918,1.4085,0.2175,1,1,1,group-2,solo,group-3,2552,710,4598
DDXPLUS_788360,DDXPlus,Moderate,0.1501,5.6818,5.6818,0.0,1,1,0,solo,solo,group-3,176,176,3130
DDXPLUS_788584,DDXPlus,Moderate,0.181,3.1153,3.1153,0.0,1,1,0,solo,solo,group-3,321,321,3255
DDXPLUS_788593,DDXPlus,Complex,0.7643,0.0,0.0,0.0,0,0,0,group-3,solo,group-3,5016,901,5016
DDXPLUS_789554,DDXPlus,Complex,0.7315,0.0,0.0,0.0,0,0,0,group-3,solo,group-3,4904,822,4904
DDXPLUS_790101,DDXPlus,Complex,0.4234,0.0,1.6,0.2446,0,1,1,group-2,solo,group-3,2214,625,4089
DDXPLUS_790309,DDXPlus,Moderate,0.3009,1.8484,1.8484,0.2566,1,1,1,solo,solo,group-3,541,541,3897
DDXPLUS_790932,DDXPlus,Complex,0.4715,0.0,1.3514,0.2403,0,1,1,group-2,solo,group-3,2262,740,4161
DDXPLUS_792085,DDXPlus,Complex,0.4806,0.4604,2.1882,0.2538,1,1,1,group-2,solo,group-3,2172,457,3940
DDXPLUS_792239,DDXPlus,Moderate,0.281,0.0,0.0,0.2769,0,0,1,solo,solo,group-3,388,388,3611
DDXPLUS_792423,DDXPlus,Complex,0.7127,0.2061,1.1001,0.2061,1,1,1,group-3,solo,group-3,4851,909,4851
DDXPLUS_792511,DDXPlus,Complex,0.5553,0.0,0.0,0.0,0,0,0,group-2,solo,group-3,2154,488,3976
DDXPLUS_793262,DDXPlus,Complex,0.6874,0.0,0.0,0.0,0,0,0,group-3,solo,group-3,4746,699,4746
DDXPLUS_794230,DDXPlus,Complex,0.4146,0.45,0.0,0.0,1,0,0,group-2,solo,group-3,2222,566,4100
DDXPLUS_794739,DDXPlus,Complex,0.457,0.444,1.6287,0.2412,1,1,1,group-2,solo,group-3,2252,614,4146
DDXPLUS_794894,DDXPlus,Complex,0.7627,0.0,0.0,0.0,0,0,0,group-3,solo,group-3,4995,745,4995
DDXPLUS_79498,DDXPlus,Complex,0.4133,0.0,0.0,0.2593,0,0,1,group-2,solo,group-3,2058,428,3856
DDXPLUS_795083,DDXPlus,Complex,0.818,0.0858,1.1086,0.1845,1,1,1,MDT,solo,group-3,11651,902,5420
DDXPLUS_795113,DDXPlus,Complex,0.5269,0.0,0.0,0.2467,0,0,1,group-2,solo,group-3,2190,506,4053
DDXPLUS_795774,DDXPlus,Complex,0.5613,0.0,0.0,0.0,0,0,0,group-2,solo,group-3,2352,528,4296
DDXPLUS_796188,DDXPlus,Complex,0.4923,0.0,2.1368,0.0,0,1,0,group-2,solo,group-3,2098,468,3866
DDXPLUS_796456,DDXPlus,Complex,0.7029,0.0,0.0,0.0,0,0,0,group-3,solo,group-3,4758,709,4758
DDXPLUS_798179,DDXPlus,Complex,0.4615,0.4492,2.1834,0.2455,1,1,1,group-2,solo,group-3,2226,458,4073
DDXPLUS_799095,DDXPlus,Complex,0.3888,2.3923,2.3923,0.2451,1,1,1,solo,solo,group-3,418,418,4080
DDXPLUS_799195,DDXPlus,Moderate,0.1849,4.0486,4.0486,0.3039,1,1,1,solo,solo,group-3,247,247,3291
DDXPLUS_801393,DDXPlus,Complex,0.4215,0.0,0.0,0.2437,0,0,1,group-2,solo,group-3,2224,608,4104
DDXPLUS_80211,DDXPlus,Complex,0.4111,0.4735,2.2676,0.2541,1,1,1,group-2,solo,group-3,2112,441,3936
DDXPLUS_803778,DDXPlus,Complex,0.5636,0.4063,1.8018,0.0,1,1,0,group-2,solo,group-3,2461,555,4461
DDXPLUS_804309,DDXPlus,Moderate,0.303,1.8484,1.8484,0.2566,1,1,1,solo,solo,group-3,541,541,3897
DDXPLUS_805302,DDXPlus,Complex,0.4,0.4647,2.457,0.2517,1,1,1,group-2,solo,group-3,2152,407,3973
DDXPLUS_805564,DDXPlus,Moderate,0.3291,0.0,0.0,0.0,0,0,0,solo,solo,group-3,383,383,3703
DDXPLUS_805742,DDXPlus,Complex,0.4298,0.4327,1.8182,0.2361,1,1,1,group-2,solo,group-3,2311,550,4236
DDXPLUS_805889,DDXPlus,Complex,0.6209,0.2315,0.0,0.2315,1,0,1,group-3,solo,group-3,4320,597,4320
DDXPLUS_80723,DDXPlus,Complex,0.6747,0.0,0.0,0.0,0,0,0,group-3,solo,group-3,4872,927,4872
DDXPLUS_80774,DDXPlus,Moderate,0.3014,2.4938,2.4938,0.2893,1,1,1,solo,solo,group-3,401,401,3457
DDXPLUS_808412,DDXPlus,Complex,0.4233,0.0,2.0619,0.0,0,1,0,group-2,solo,group-3,2216,485,4092
DDXPLUS_808673,DDXPlus,Complex,0.4696,0.0,2.1882,0.2341,0,1,1,group-2,solo,group-3,2336,457,4272
DDXPLUS_809244,DDXPlus,Complex,0.4522,0.4378,2.2371,0.2385,1,1,1,group-2,solo,group-3,2284,447,4193
DDXPLUS_810887,DDXPlus,Moderate,0.1349,4.386,4.386,0.0,1,1,0,solo,solo,group-3,228,228,3273
DDXPLUS_811806,DDXPlus,Moderate,0.3119,1.9881,1.9881,0.2709,1,1,1,solo,solo,group-3,503,503,3691
DDXPLUS_812234,DDXPlus,Complex,0.3946,0.0,0.0,0.26,0,0,1,solo,solo,group-3,427,427,3846
DDXPLUS_812690,DDXPlus,Complex,0.5887,0.3922,1.3141,0.2177,1,1,1,group-2,solo,group-3,2550,761,4593
DDXPLUS_812712,DDXPlus,Complex,0.7933,0.1875,1.0515,0.1875,1,1,1,group-3,solo,group-3,5334,951,5334
DDXPLUS_813950,DDXPlus,Moderate,0.2271,0.0,0.0,0.2851,0,0,1,solo,solo,group-3,373,373,3507
DDXPLUS_814333,DDXPlus,Complex,0.4143,0.4363,0.0,0.2376,1,0,1,group-2,solo,group-3,2292,475,4208
DDXPLUS_814441,DDXPlus,Complex,0.3781,2.4272,2.4272,0.0,1,1,0,solo,solo,group-3,412,412,4098
DDXPLUS_814452,DDXPlus,Complex,0.5417,0.0,1.5337,0.0,0,1,0,group-2,solo,group-3,2318,652,4244
DDXPLUS_814983,DDXPlus,Complex,0.4659,0.4158,0.0,0.0,1,0,0,group-2,solo,group-3,2405,505,4377
DDXPLUS_815844,DDXPlus,Complex,0.3613,1.8622,1.8622,0.2467,1,1,1,solo,solo,group-3,537,537,4053
DDXPLUS_815851,DDXPlus,Complex,0.3926,0.0,0.0,0.0,0,0,0,solo,solo,group-3,474,474,3855
DDXPLUS_817143,DDXPlus,Complex,0.392,1.8149,1.8149,0.2532,1,1,1,solo,solo,group-3,551,551,3949
DDXPLUS_817288,DDXPlus,Moderate,0.275,0.0,0.0,0.2911,0,0,1,solo,solo,group-3,307,307,3435
DDXPLUS_817822,DDXPlus,Complex,0.577,0.0,0.0,0.0,0,0,0,group-2,solo,group-3,2264,720,4164
DDXPLUS_817929,DDXPlus,Complex,0.7627,0.0,0.0,0.0,0,0,0,group-3,solo,group-3,5025,755,5025
DDXPLUS_820143,DDXPlus,Complex,0.4416,0.4608,1.6313,0.2494,1,1,1,group-2,solo,group-3,2170,613,4010
DDXPLUS_820201,DDXPlus,Complex,0.6027,0.0,1.2165,0.0,0,1,0,group-3,solo,group-3,4452,822,4452
DDXPLUS_820228,DDXPlus,Simple,0.0888,5.2083,5.2083,0.3224,1,1,1,solo,solo,group-3,192,192,3102
DDXPLUS_820589,DDXPlus,Complex,0.4882,0.4209,1.3405,0.2308,1,1,1,group-2,solo,group-3,2376,746,4332
DDXPLUS_820713,DDXPlus,Complex,0.4694,0.4794,2.1882,0.2567,1,1,1,group-2,solo,group-3,2086,457,3896
DDXPLUS_821020,DDXPlus,Complex,0.794,0.1917,1.2063,0.1917,1,1,1,group-3,solo,group-3,5217,829,5217
DDXPLUS_822408,DDXPlus,Complex,0.4723,0.455,2.1097,0.2487,1,1,1,group-2,solo,group-3,2198,474,4021
DDXPLUS_824510,DDXPlus,Moderate,0.1521,3.1447,3.1447,0.0,1,1,0,solo,solo,group-3,318,318,3163
DDXPLUS_82501,DDXPlus,Complex,0.4635,0.4621,1.5924,0.2491,1,1,1,group-2,solo,group-3,2164,628,4014
DDXPLUS_825160,DDXPlus,Complex,0.7449,0.1975,1.0582,0.1975,1,1,1,group-3,solo,group-3,5064,945,5064
DDXPLUS_82529,DDXPlus,Complex,0.5215,0.4337,2.0161,0.2366,1,1,1,group-2,solo,group-3,2306,496,4227
DDXPLUS_825554,DDXPlus,Complex,0.4916,0.466,2.2883,0.2508,1,1,1,group-2,solo,group-3,2146,437,3987
DDXPLUS_826195,DDXPlus,Complex,0.596,0.0,1.692,0.0,0,1,0,group-2,solo,group-3,2529,591,4563
DDXPLUS_826269,DDXPlus,Complex,0.5114,0.42,0.0,0.0,1,0,0,group-2,solo,group-3,2381,483,4341
DDXPLUS_82638,DDXPlus,Moderate,0.2004,4.2373,4.2373,0.2963,1,1,1,solo,solo,group-3,236,236,3375
DDXPLUS_82659,DDXPlus,Complex,0.5283,0.0,2.008,0.0,0,1,0,group-2,solo,group-3,2332,498,4267
DDXPLUS_827428,DDXPlus,Complex,0.5076,0.4562,2.1053,0.2465,1,1,1,group-2,solo,group-3,2192,475,4056
DDXPLUS_829362,DDXPlus,Complex,0.5633,0.4083,0.0,0.2251,1,0,1,group-2,solo,group-3,2449,532,4443
DDXPLUS_834590,DDXPlus,Complex,0.454,0.4541,2.2624,0.2466,1,1,1,group-2,solo,group-3,2202,442,4055
DDXPLUS_834800,DDXPlus,Complex,0.5671,0.0,0.0,0.0,0,0,0,group-2,solo,group-3,2414,610,4388
DDXPLUS_835605,DDXPlus,Complex,0.82,0.0863,1.1737,0.1884,1,1,1,MDT,solo,group-3,11587,852,5307
DDXPLUS_836216,DDXPlus,Complex,0.525,0.0,0.0,0.0,0,0,0,group-2,solo,group-3,2401,496,4370
DDXPLUS_836628,DDXPlus,Complex,0.3732,2.3095,2.3095,0.258,1,1,1,solo,solo,group-3,433,433,3876
DDXPLUS_836982,DDXPlus,Complex,0.4396,0.4488,1.8657,0.2433,1,1,1,group-2,solo,group-3,2228,536,4110
DDXPLUS_840792,DDXPlus,Moderate,0.1963,2.5381,2.5381,0.3025,1,1,1,solo,solo,group-3,394,394,3306
DDXPLUS_841873,DDXPlus,Complex,0.7026,0.0,0.0,0.0,0,0,0,group-3,solo,group-3,4863,672,4863
DDXPLUS_842890,DDXPlus,Moderate,0.3119,1.7544,1.7544,0.2618,1,1,1,solo,solo,group-3,570,570,3819
DDXPLUS_843005,DDXPlus,Complex,0.7429,0.1968,1.3245,0.1968,1,1,1,group-3,solo,group-3,5082,755,5082
DDXPLUS_843089,DDXPlus,Complex,0.806,0.085,1.1274,0.0,1,1,0,MDT,solo,group-3,11766,887,5421
DDXPLUS_843800,DDXPlus,Complex,0.6287,0.1937,1.2195,0.1937,1,1,1,group-3,solo,group-3,5163,820,5163
DDXPLUS_844275,DDXPlus,Complex,0.4652,0.4392,1.4368,0.239,1,1,1,group-2,solo,group-3,2277,696,4184
DDXPLUS_845711,DDXPlus,Complex,0.816,0.087,1.1507,0.185,1,1,1,MDT,solo,group-3,11499,869,5406
DDXPLUS_845724,DDXPlus,Complex,0.365,0.0,0.0,0.2677,0,0,1,solo,solo,group-3,331,331,3736
DDXPLUS_846044,DDXPlus,Moderate,0.3034,3.2468,3.2468,0.2764,1,1,1,solo,solo,group-3,308,308,3618
DDXPLUS_846715,DDXPlus,Moderate,0.3184,1.5385,1.5385,0.2766,1,1,1,solo,solo,group-3,650,650,3615
DDXPLUS_847540,DDXPlus,Complex,0.5697,0.4191,0.0,0.23,1,0,1,group-2,solo,group-3,2386,772,4347
DDXPLUS_850177,DDXPlus,Complex,0.5279,0.4063,0.0,0.2242,1,0,1,group-2,solo,group-3,2461,818,4461
DDXPLUS_851058,DDXPlus,Complex,0.3645,1.8553,1.8553,0.0,1,1,0,solo,solo,group-3,539,539,4062
DDXPLUS_85177,DDXPlus,Complex,0.4769,0.0,0.0,0.0,0,0,0,group-2,solo,group-3,2358,512,4305
DDXPLUS_852430,DDXPlus,Complex,0.4409,0.0,2.3474,0.0,0,1,0,group-2,solo,group-3,2268,426,4170
DDXPLUS_852981,DDXPlus,Complex,0.4233,0.4794,2.4938,0.2599,1,1,1,group-2,solo,group-3,2086,401,3847
DDXPLUS_853176,DDXPlus,Complex,0.3906,0.0,0.0,0.0,0,0,0,solo,solo,group-3,396,396,3914
DDXPLUS_85468,DDXPlus,Complex,0.788,0.0,0.0,0.0,0,0,0,group-3,solo,group-3,5166,960,5166
DDXPLUS_85501,DDXPlus,Moderate,0.2271,4.0,4.0,0.3055,1,1,1,solo,solo,group-3,250,250,3273
DDXPLUS_855098,DDXPlus,Complex,0.4297,0.444,1.5949,0.2412,1,1,1,group-2,solo,group-3,2252,627,4146
DDXPLUS_856739,DDXPlus,Complex,0.7663,0.1966,1.0582,0.1966,1,1,1,group-3,solo,group-3,5087,945,5087
DDXPLUS_85966,DDXPlus,Moderate,0.3446,1.8519,1.8519,0.0,1,1,0,solo,solo,group-3,540,540,3912
DDXPLUS_859910,DDXPlus,Complex,0.565,0.4019,1.7065,0.2222,1,1,1,group-2,solo,group-3,2488,586,4500
DDXPLUS_86179,DDXPlus,Complex,0.5096,0.4425,1.5552,0.2406,1,1,1,group-2,solo,group-3,2260,643,4157
DDXPLUS_861899,DDXPlus,Complex,0.77,0.2012,1.3089,0.2012,1,1,1,group-3,solo,group-3,4971,764,4971
DDXPLUS_862942,DDXPlus,Moderate,0.3334,2.331,2.331,0.2717,1,1,1,solo,solo,group-3,429,429,3681
DDXPLUS_863605,DDXPlus,Complex,0.5492,0.4333,1.8248,0.2364,1,1,1,group-2,solo,group-3,2308,548,4230
DDXPLUS_864019,DDXPlus,Complex,0.798,0.187,1.0917,0.187,1,1,1,group-3,solo,group-3,5348,916,5348
DDXPLUS_864831,DDXPlus,Complex,0.594,0.0,1.7921,0.0,0,1,0,group-2,solo,group-3,2527,558,4558
DDXPLUS_864850,DDXPlus,Complex,0.4879,0.4509,2.0325,0.2441,1,1,1,group-2,solo,group-3,2218,492,4096
DDXPLUS_865121,DDXPlus,Complex,0.6367,0.2057,0.0,0.2057,1,0,1,group-3,solo,group-3,4862,693,4862
DDXPLUS_865671,DDXPlus,Complex,0.7609,0.2008,1.1161,0.2008,1,1,1,group-3,solo,group-3,4980,896,4980
DDXPLUS_866106,DDXPlus,Complex,0.3929,2.4331,2.4331,0.2476,1,1,1,solo,solo,group-3,411,411,4038
DDXPLUS_866505,DDXPlus,Complex,0.408,0.0,1.7182,0.2478,0,1,1,group-2,solo,group-3,2178,582,4035
DDXPLUS_867756,DDXPlus,Complex,0.4213,0.463,1.5244,0.2495,1,1,1,group-2,solo,group-3,2160,656,4008
DDXPLUS_867812,DDXPlus,Complex,0.4477,0.4369,2.381,0.2379,1,1,1,group-2,solo,group-3,2289,420,4203
DDXPLUS_868203,DDXPlus,Complex,0.4461,0.4695,1.9531,0.2529,1,1,1,group-2,solo,group-3,2130,512,3954
DDXPLUS_868932,DDXPlus,Complex,0.4735,0.4468,2.1739,0.2424,1,1,1,group-2,solo,group-3,2238,460,4125
DDXPLUS_870565,DDXPlus,Complex,0.654,0.0,0.0,0.0,0,0,0,group-3,solo,group-3,4896,687,4896
DDXPLUS_870753,DDXPlus,Complex,0.5511,0.448,1.6026,0.2433,1,1,1,group-2,solo,group-3,2232,624,4110
DDXPLUS_871138,DDXPlus,Moderate,0.1964,4.1152,4.1152,0.306,1,1,1,solo,solo,group-3,243,243,3268
DDXPLUS_871150,DDXPlus,Complex,0.747,0.2006,1.1312,0.2006,1,1,1,group-3,solo,group-3,4986,884,4986
DDXPLUS_871628,DDXPlus,Complex,0.4769,0.4583,1.7036,0.2475,1,1,1,group-2,solo,group-3,2182,587,4041
DDXPLUS_871723,DDXPlus,Moderate,0.1828,4.4843,4.4843,0.309,1,1,1,solo,solo,group-3,223,223,3236
DDXPLUS_872481,DDXPlus,Moderate,0.1502,4.4843,4.4843,0.0,1,1,0,solo,solo,group-3,223,223,3251
DDXPLUS_873487,DDXPlus,Complex,0.4829,0.4409,2.1413,0.2398,1,1,1,group-2,solo,group-3,2268,467,4170
DDXPLUS_874939,DDXPlus,Complex,0.4634,0.4726,0.0,0.2537,1,0,1,group-2,solo,group-3,2116,469,3942
DDXPLUS_8756,DDXPlus,Complex,0.7629,0.2039,1.0929,0.2039,1,1,1,group-3,solo,group-3,4905,915,4905
DDXPLUS_876756,DDXPlus,Complex,0.8,0.0911,1.261,0.1962,1,1,1,MDT,solo,group-3,10977,793,5097
DDXPLUS_877368,DDXPlus,Moderate,0.1542,3.8023,3.8023,0.3038,1,1,1,solo,solo,group-3,263,263,3292
DDXPLUS_878449,DDXPlus,Complex,0.4764,0.0,0.0,0.2531,0,0,1,group-2,solo,group-3,2122,426,3951
DDXPLUS_878532,DDXPlus,Complex,0.5696,0.4355,1.9011,0.2375,1,1,1,group-2,solo,group-3,2296,526,4211
DDXPLUS_878973,DDXPlus,Complex,0.3618,2.6525,2.6525,0.249,1,1,1,solo,solo,group-3,377,377,4016
DDXPLUS_879756,DDXPlus,Complex,0.5651,0.0,1.7794,0.0,0,1,0,group-2,solo,group-3,2340,562,4278
DDXPLUS_88020,DDXPlus,Complex,0.5066,0.448,1.462,0.0,1,1,0,group-2,solo,group-3,2232,684,4117
DDXPLUS_88226,DDXPlus,Complex,0.3907,1.9157,1.9157,0.255,1,1,1,solo,solo,group-3,522,522,3921
DDXPLUS_882341,DDXPlus,Complex,0.6154,0.2116,1.4771,0.2116,1,1,1,group-3,solo,group-3,4725,677,4725
DDXPLUS_882774,DDXPlus,Complex,0.798,0.1986,1.2937,0.1986,1,1,1,group-3,solo,group-3,5034,773,5034
DDXPLUS_883594,DDXPlus,Complex,0.5263,0.0,1.634,0.0,0,1,0,group-2,solo,group-3,2353,612,4299
DDXPLUS_885375,DDXPlus,Complex,0.5203,0.4488,1.4472,0.2433,1,1,1,group-2,solo,group-3,2228,691,4110
DDXPLUS_885851,DDXPlus,Complex,0.4756,0.0,0.0,0.2338,0,0,1,group-2,solo,group-3,2340,650,4278
DDXPLUS_886340,DDXPlus,Complex,0.511,0.0,0.0,0.0,0,0,0,group-2,solo,group-3,2525,657,4557
DDXPLUS_887612,DDXPlus,Moderate,0.2118,3.9526,3.9526,0.0,1,1,0,solo,solo,group-3,253,253,3570
DDXPLUS_890062,DDXPlus,Complex,0.4457,0.469,1.7065,0.2543,1,1,1,group-2,solo,group-3,2132,586,3932
DDXPLUS_890467,DDXPlus,Moderate,0.3014,2.0534,2.0534,0.2769,1,1,1,solo,solo,group-3,487,487,3612
DDXPLUS_891349,DDXPlus,Complex,0.3926,1.7857,1.7857,0.2514,1,1,1,solo,solo,group-3,560,560,3978
DDXPLUS_892057,DDXPlus,Moderate,0.2942,2.0964,2.0964,0.2768,1,1,1,solo,solo,group-3,477,477,3613
DDXPLUS_892362,DDXPlus,Complex,0.5713,0.0,1.6863,0.2155,0,1,1,group-2,solo,group-3,2582,593,4640
DDXPLUS_892766,DDXPlus,Complex,0.5574,0.0,0.0,0.0,0,0,0,group-2,solo,group-3,2182,497,4041
DDXPLUS_89509,DDXPlus,Complex,0.4922,0.4907,1.8975,0.2614,1,1,1,group-2,solo,group-3,2038,527,3825
DDXPLUS_897910,DDXPlus,Complex,0.5909,0.0,0.0,0.0,0,0,0,group-2,solo,group-3,2498,577,4515
DDXPLUS_897956,DDXPlus,Complex,0.6891,0.2103,1.3624,0.2103,1,1,1,group-3,solo,group-3,4755,734,4755
DDXPLUS_898249,DDXPlus,Complex,0.5358,0.4274,1.3755,0.2338,1,1,1,group-2,solo,group-3,2340,727,4278
DDXPLUS_898456,DDXPlus,Complex,0.6895,0.0,0.0,0.0,0,0,0,group-3,solo,group-3,4834,679,4834
DDXPLUS_898951,DDXPlus,Complex,0.4171,0.0,0.0,0.0,0,0,0,group-2,solo,group-3,2070,499,3826
DDXPLUS_899706,DDXPlus,Complex,0.5677,0.4355,1.5244,0.2374,1,1,1,group-2,solo,group-3,2296,656,4213
DDXPLUS_900440,DDXPlus,Complex,0.4053,0.0,0.0,0.0,0,0,0,group-2,solo,group-3,2277,499,4185
DDXPLUS_900697,DDXPlus,Complex,0.4233,0.4476,2.1142,0.2428,1,1,1,group-2,solo,group-3,2234,473,4119
DDXPLUS_900713,DDXPlus,Complex,0.5789,0.4115,1.675,0.2266,1,1,1,group-2,solo,group-3,2430,597,4414
DDXPLUS_900858,DDXPlus,Complex,0.4847,0.4401,2.1277,0.24,1,1,1,group-2,solo,group-3,2272,470,4166
DDXPLUS_901254,DDXPlus,Complex,0.4497,0.0,0.0,0.0,0,0,0,group-2,solo,group-3,2192,480,4056
DDXPLUS_902438,DDXPlus,Complex,0.503,0.4417,2.0325,0.2402,1,1,1,group-2,solo,group-3,2264,492,4164
DDXPLUS_903121,DDXPlus,Complex,0.5866,0.0,1.3055,0.0,0,1,0,group-2,solo,group-3,2530,766,4556
DDXPLUS_90442,DDXPlus,Moderate,0.2597,2.5974,2.5974,0.2762,1,1,1,solo,solo,group-3,385,385,3621
DDXPLUS_904827,DDXPlus,Complex,0.806,0.0859,1.1561,0.1862,1,1,1,MDT,solo,group-3,11635,865,5370
DDXPLUS_906093,DDXPlus,Complex,0.6057,0.2227,0.0,0.2227,1,0,1,group-3,solo,group-3,4491,795,4491
DDXPLUS_906473,DDXPlus,Complex,0.4499,0.444,2.2573,0.2412,1,1,1,group-2,solo,group-3,2252,443,4146
DDXPLUS_906965,DDXPlus,Complex,0.5834,0.4184,1.7094,0.2298,1,1,1,group-2,solo,group-3,2390,585,4351
DDXPLUS_907038,DDXPlus,Complex,0.4346,0.4753,1.5175,0.2548,1,1,1,group-2,solo,group-3,2104,659,3924
DDXPLUS_908359,DDXPlus,Complex,0.3886,1.5337,1.5337,0.2516,1,1,1,solo,solo,group-3,652,652,3975
DDXPLUS_909021,DDXPlus,Complex,0.4101,0.0,0.0,0.0,0,0,0,group-2,solo,group-3,2166,411,4015
DDXPLUS_909191,DDXPlus,Moderate,0.1695,2.7548,2.7548,0.2919,1,1,1,solo,solo,group-3,363,363,3426
DDXPLUS_909419,DDXPlus,Moderate,0.2565,0.0,0.0,0.2979,0,0,1,solo,solo,group-3,308,308,3357
DDXPLUS_909586,DDXPlus,Moderate,0.2524,0.0,0.0,0.2782,0,0,1,solo,solo,group-3,461,461,3594
DDXPLUS_910979,DDXPlus,Complex,0.4696,0.0,0.0,0.0,0,0,0,group-2,solo,group-3,2278,655,4185
DDXPLUS_911442,DDXPlus,Complex,0.3826,0.0,0.0,0.0,0,0,0,solo,solo,group-3,412,412,3807
DDXPLUS_912536,DDXPlus,Complex,0.367,2.7248,2.7248,0.2595,1,1,1,solo,solo,group-3,367,367,3854
DDXPLUS_913648,DDXPlus,Moderate,0.2569,0.0,0.0,0.0,0,0,0,solo,solo,group-3,413,413,3648
DDXPLUS_913757,DDXPlus,Complex,0.579,0.3954,1.7513,0.2192,1,1,1,group-2,solo,group-3,2529,571,4563
DDXPLUS_914023,DDXPlus,Complex,0.4326,0.0,0.0,0.0,0,0,0,group-2,solo,group-3,2086,411,3897
DDXPLUS_914168,DDXPlus,Moderate,0.3419,1.6722,1.6722,0.0,1,1,0,solo,solo,group-3,598,598,3909
DDXPLUS_914546,DDXPlus,Moderate,0.2708,3.0581,3.0581,0.4973,1,1,1,solo,solo,group-3,327,327,2011
DDXPLUS_915459,DDXPlus,Complex,0.5914,0.3906,1.321,0.0,1,1,0,group-2,solo,group-3,2560,757,4608
DDXPLUS_916424,DDXPlus,Complex,0.4941,0.0,0.0,0.0,0,0,0,group-2,solo,group-3,2072,429,3844
DDXPLUS_916473,DDXPlus,Complex,0.464,0.4125,1.5408,0.2271,1,1,1,group-2,solo,group-3,2424,649,4404
DDXPLUS_916906,DDXPlus,Complex,0.3618,0.0,0.0,0.2665,0,0,1,solo,solo,group-3,395,395,3753
DDXPLUS_91798,DDXPlus,Complex,0.638,0.2113,1.3333,0.2113,1,1,1,group-3,solo,group-3,4733,750,4733
DDXPLUS_918226,DDXPlus,Moderate,0.227,3.003,3.003,0.2984,1,1,1,solo,solo,group-3,333,333,3351
DDXPLUS_918376,DDXPlus,Complex,0.5184,0.4525,2.0964,0.2449,1,1,1,group-2,solo,group-3,2210,477,4083
DDXPLUS_918521,DDXPlus,Complex,0.3803,1.6287,1.6287,0.2552,1,1,1,solo,solo,group-3,614,614,3919
DDXPLUS_918552,DDXPlus,Complex,0.4462,0.4488,2.2472,0.0,1,1,0,group-2,solo,group-3,2228,445,4111
DDXPLUS_918799,DDXPlus,Complex,0.3879,1.996,1.996,0.2572,1,1,1,solo,solo,group-3,501,501,3888
DDXPLUS_920415,DDXPlus,Complex,0.4012,0.4464,0.0,0.2422,1,0,1,group-2,solo,group-3,2240,424,4128
DDXPLUS_921033,DDXPlus,Complex,0.806,0.0,0.0,0.0,0,0,0,MDT,solo,group-3,11303,926,5286
DDXPLUS_921518,DDXPlus,Complex,0.8,0.0859,1.1468,0.1838,1,1,1,MDT,solo,group-3,11645,872,5440
DDXPLUS_921924,DDXPlus,Moderate,0.3366,1.8727,1.8727,0.2611,1,1,1,solo,solo,group-3,534,534,3830
DDXPLUS_922668,DDXPlus,Complex,0.5244,0.0,1.5649,0.0,0,1,0,group-2,solo,group-3,2308,639,4230
DDXPLUS_923568,DDXPlus,Complex,0.443,0.45,0.0,0.0,1,0,0,group-2,solo,group-3,2222,499,4101
DDXPLUS_924089,DDXPlus,Complex,0.5964,0.3997,1.7513,0.2212,1,1,1,group-2,solo,group-3,2502,571,4521
DDXPLUS_924462,DDXPlus,Complex,0.776,0.1946,0.996,0.1946,1,1,1,group-3,solo,group-3,5138,1004,5138
DDXPLUS_924752,DDXPlus,Complex,0.788,0.1963,1.1737,0.1963,1,1,1,group-3,solo,group-3,5094,852,5094
DDXPLUS_925198,DDXPlus,Complex,0.4519,0.4902,1.7361,0.2673,1,1,1,group-2,solo,group-3,2040,576,3741
DDXPLUS_926161,DDXPlus,Complex,0.5593,0.3868,1.4948,0.2152,1,1,1,group-2,solo,group-3,2585,669,4647
DDXPLUS_926958,DDXPlus,Moderate,0.1348,5.5249,5.5249,0.3232,1,1,1,solo,solo,group-3,181,181,3094
DDXPLUS_928346,DDXPlus,Complex,0.798,0.1871,0.9533,0.1871,1,1,1,group-3,solo,group-3,5346,1049,5346
DDXPLUS_928583,DDXPlus,Complex,0.4479,0.0,0.0,0.0,0,0,0,group-2,solo,group-3,2237,648,4122
DDXPLUS_928746,DDXPlus,Complex,0.559,0.4052,0.0,0.2237,1,0,1,group-2,solo,group-3,2468,616,4470
DDXPLUS_929211,DDXPlus,Complex,0.5309,0.0,0.0,0.0,0,0,0,group-2,solo,group-3,2200,716,4067
DDXPLUS_929227,DDXPlus,Complex,0.4463,0.4621,2.2727,0.2508,1,1,1,group-2,solo,group-3,2164,440,3988
DDXPLUS_931747,DDXPlus,Complex,0.4785,0.0,0.0,0.2369,0,0,1,group-2,solo,group-3,2302,627,4221
DDXPLUS_932018,DDXPlus,Complex,0.5421,0.0,0.0,0.0,0,0,0,group-2,solo,group-3,2316,507,4242
DDXPLUS_933102,DDXPlus,Moderate,0.2905,1.996,1.996,0.2903,1,1,1,solo,solo,group-3,501,501,3445
DDXPLUS_933204,DDXPlus,Complex,0.5268,0.4468,0.0,0.0,1,0,0,group-2,solo,group-3,2238,489,4124
DDXPLUS_933660,DDXPlus,Moderate,0.3158,0.0,0.0,0.0,0,0,0,solo,solo,group-3,351,351,3807
DDXPLUS_934431,DDXPlus,Moderate,0.1349,3.7037,3.7037,0.3228,1,1,1,solo,solo,group-3,270,270,3098
DDXPLUS_934856,DDXPlus,Moderate,0.3343,1.6722,1.6722,0.2701,1,1,1,solo,solo,group-3,598,598,3702
DDXPLUS_936053,DDXPlus,Moderate,0.3138,0.0,0.0,0.0,0,0,0,solo,solo,group-3,361,361,3744
DDXPLUS_937488,DDXPlus,Complex,0.3906,2.5707,2.5707,0.2461,1,1,1,solo,solo,group-3,389,389,4064
DDXPLUS_93783,DDXPlus,Moderate,0.2881,3.5971,3.5971,0.2773,1,1,1,solo,solo,group-3,278,278,3606
DDXPLUS_938086,DDXPlus,Complex,0.4589,0.4566,1.4837,0.2467,1,1,1,group-2,solo,group-3,2190,674,4053
DDXPLUS_938295,DDXPlus,Complex,0.3845,1.5432,1.5432,0.2532,1,1,1,solo,solo,group-3,648,648,3950
DDXPLUS_939499,DDXPlus,Complex,0.4478,0.4708,1.5083,0.2529,1,1,1,group-2,solo,group-3,2124,663,3954
DDXPLUS_939896,DDXPlus,Complex,0.6846,0.209,1.5314,0.209,1,1,1,group-3,solo,group-3,4785,653,4785
DDXPLUS_940963,DDXPlus,Moderate,0.1981,4.8544,4.8544,0.3102,1,1,1,solo,solo,group-3,206,206,3224
DDXPLUS_943254,DDXPlus,Moderate,0.1175,0.0,0.0,0.0,0,0,0,solo,solo,group-3,204,204,3206
DDXPLUS_943320,DDXPlus,Complex,0.7663,0.1986,1.1834,0.1986,1,1,1,group-3,solo,group-3,5034,845,5034
DDXPLUS_943328,DDXPlus,Complex,0.457,0.4419,1.443,0.2402,1,1,1,group-2,solo,group-3,2263,693,4164
DDXPLUS_943798,DDXPlus,Complex,0.4653,0.4699,1.9342,0.2525,1,1,1,group-2,solo,group-3,2128,517,3960
DDXPLUS_94444,DDXPlus,Complex,0.7633,0.1946,0.0,0.1946,1,0,1,group-3,solo,group-3,5139,999,5139
DDXPLUS_945314,DDXPlus,Complex,0.4325,0.4897,2.2989,0.2638,1,1,1,group-2,solo,group-3,2042,435,3791
DDXPLUS_946484,DDXPlus,Complex,0.7489,0.1984,1.1148,0.1984,1,1,1,group-3,solo,group-3,5040,897,5040
DDXPLUS_946848,DDXPlus,Moderate,0.3099,2.6596,2.6596,0.2675,1,1,1,solo,solo,group-3,376,376,3738
DDXPLUS_947791,DDXPlus,Complex,0.4517,0.4403,2.4752,0.2395,1,1,1,group-2,solo,group-3,2271,404,4176
DDXPLUS_949668,DDXPlus,Complex,0.3772,1.675,1.675,0.2535,1,1,1,solo,solo,group-3,597,597,3945
DDXPLUS_949711,DDXPlus,Complex,0.4149,0.4669,2.3923,0.2513,1,1,1,group-2,solo,group-3,2142,418,3980
DDXPLUS_94975,DDXPlus,Complex,0.6015,0.2293,1.6447,0.2293,1,1,1,group-3,solo,group-3,4362,608,4362
DDXPLUS_950168,DDXPlus,Complex,0.5546,0.408,1.4045,0.2249,1,1,1,group-2,solo,group-3,2451,712,4446
DDXPLUS_951621,DDXPlus,Moderate,0.3243,0.0,0.0,0.0,0,0,0,solo,solo,group-3,496,496,3942
DDXPLUS_952193,DDXPlus,Complex,0.4961,0.0,1.7065,0.0,0,1,0,group-2,solo,group-3,2248,586,4122
DDXPLUS_952329,DDXPlus,Complex,0.4652,0.4444,2.1978,0.2414,1,1,1,group-2,solo,group-3,2250,455,4143
DDXPLUS_952709,DDXPlus,Complex,0.6193,0.0,1.5504,0.0,0,1,0,group-3,solo,group-3,4586,645,4586
DDXPLUS_953460,DDXPlus,Complex,0.4686,0.4488,0.0,0.2449,1,0,1,group-2,solo,group-3,2228,532,4083
DDXPLUS_953801,DDXPlus,Complex,0.4539,0.4817,0.0,0.2576,1,0,1,group-2,solo,group-3,2076,427,3882
DDXPLUS_955407,DDXPlus,Complex,0.4562,0.0,2.2371,0.0,0,1,0,group-2,solo,group-3,2228,447,4110
DDXPLUS_95727,DDXPlus,Complex,0.7182,0.0,1.1641,0.0,0,1,0,group-3,solo,group-3,4863,859,4863
DDXPLUS_95795,DDXPlus,Complex,0.4153,0.4505,1.4556,0.0,1,1,0,group-2,solo,group-3,2220,687,4097
DDXPLUS_958807,DDXPlus,Complex,0.738,0.0,0.0,0.0,0,0,0,group-3,solo,group-3,4938,965,4938
DDXPLUS_958955,DDXPlus,Complex,0.4632,0.4673,2.1552,0.2514,1,1,1,group-2,solo,group-3,2140,464,3977
DDXPLUS_959227,DDXPlus,Complex,0.3613,1.6026,1.6026,0.2514,1,1,1,solo,solo,group-3,624,624,3977
DDXPLUS_962000,DDXPlus,Complex,0.5503,0.0,1.7889,0.2268,0,1,1,group-2,solo,group-3,2428,559,4410
DDXPLUS_962260,DDXPlus,Complex,0.7427,0.1965,0.0,0.1965,1,0,1,group-3,solo,group-3,5088,779,5088
DDXPLUS_963350,DDXPlus,Complex,0.5616,0.4318,1.5221,0.2357,1,1,1,group-2,solo,group-3,2316,657,4242
DDXPLUS_963735,DDXPlus,Complex,0.5306,0.0,0.0,0.0,0,0,0,group-2,solo,group-3,2384,523,4345
DDXPLUS_964215,DDXPlus,Complex,0.4109,0.497,1.8692,0.2641,1,1,1,group-2,solo,group-3,2012,535,3786
DDXPLUS_964783,DDXPlus,Complex,0.5515,0.0,1.3986,0.0,0,1,0,group-2,solo,group-3,2448,715,4440
DDXPLUS_965462,DDXPlus,Complex,0.4776,0.0,1.5798,0.2369,0,1,1,group-2,solo,group-3,2301,633,4221
DDXPLUS_96661,DDXPlus,Complex,0.5183,0.4541,1.5699,0.2456,1,1,1,group-2,solo,group-3,2202,637,4071
DDXPLUS_967221,DDXPlus,Complex,0.4427,0.0,0.0,0.0,0,0,0,group-2,solo,group-3,2427,502,4409
DDXPLUS_967994,DDXPlus,Complex,0.4913,0.0,1.2422,0.2246,0,1,1,group-2,solo,group-3,2456,805,4452
DDXPLUS_968002,DDXPlus,Complex,0.522,0.0,1.2516,0.0,0,1,0,group-2,solo,group-3,2516,799,4541
DDXPLUS_968521,DDXPlus,Complex,0.7133,0.0,1.3423,0.0,0,1,0,group-3,solo,group-3,4971,745,4971
DDXPLUS_968778,DDXPlus,Complex,0.5461,0.4505,1.3351,0.244,1,1,1,group-2,solo,group-3,2220,749,4098
DDXPLUS_969576,DDXPlus,Complex,0.694,0.2063,1.1737,0.2063,1,1,1,group-3,solo,group-3,4848,852,4848
DDXPLUS_969778,DDXPlus,Complex,0.708,0.0,1.0152,0.0,0,1,0,group-3,solo,group-3,5053,985,5053
DDXPLUS_969824,DDXPlus,Complex,0.664,0.0,0.0,0.0,0,0,0,group-3,solo,group-3,4506,635,4506
DDXPLUS_971011,DDXPlus,Complex,0.3839,0.0,0.0,0.0,0,0,0,solo,solo,group-3,417,417,3810
DDXPLUS_971491,DDXPlus,Complex,0.5012,0.0,1.9531,0.2286,0,1,1,group-2,solo,group-3,2404,512,4374
DDXPLUS_971697,DDXPlus,Complex,0.4215,0.4794,0.0,0.2566,1,0,1,group-2,solo,group-3,2086,433,3897
DDXPLUS_974416,DDXPlus,Moderate,0.2575,3.1546,3.1546,0.2934,1,1,1,solo,solo,group-3,317,317,3408
DDXPLUS_97482,DDXPlus,Complex,0.5054,0.4177,1.7699,0.2294,1,1,1,group-2,solo,group-3,2394,565,4359
DDXPLUS_975897,DDXPlus,Complex,0.6406,0.2123,1.2019,0.2123,1,1,1,group-3,solo,group-3,4710,832,4710
DDXPLUS_976702,DDXPlus,Complex,0.748,0.1928,1.0593,0.1928,1,1,1,group-3,solo,group-3,5187,944,5187
DDXPLUS_977107,DDXPlus,Complex,0.4382,0.4288,1.8083,0.2344,1,1,1,group-2,solo,group-3,2332,553,4267
DDXPLUS_978423,DDXPlus,Moderate,0.231,2.1008,2.1008,0.2859,1,1,1,solo,solo,group-3,476,476,3498
DDXPLUS_978954,DDXPlus,Complex,0.3644,2.3202,2.3202,0.2554,1,1,1,solo,solo,group-3,431,431,3915
DDXPLUS_979590,DDXPlus,Complex,0.491,0.4146,2.0121,0.0,1,1,0,group-2,solo,group-3,2412,497,4387
DDXPLUS_980739,DDXPlus,Complex,0.4631,0.4429,2.2124,0.2407,1,1,1,group-2,solo,group-3,2258,452,4154
DDXPLUS_983150,DDXPlus,Complex,0.3981,2.5189,2.5189,0.2693,1,1,1,solo,solo,group-3,397,397,3714
DDXPLUS_98345,DDXPlus,Complex,0.6296,0.0,1.3228,0.0,0,1,0,group-3,solo,group-3,4782,756,4782
DDXPLUS_984746,DDXPlus,Complex,0.477,0.4579,1.7094,0.2473,1,1,1,group-2,solo,group-3,2184,585,4044
DDXPLUS_985266,DDXPlus,Complex,0.394,0.0,0.0,0.265,0,0,1,solo,solo,group-3,376,376,3774
DDXPLUS_986453,DDXPlus,Moderate,0.3137,2.1598,2.1598,0.2769,1,1,1,solo,solo,group-3,463,463,3612
DDXPLUS_986521,DDXPlus,Complex,0.4084,0.0,0.0,0.0,0,0,0,group-2,solo,group-3,2056,437,3852
DDXPLUS_986567,DDXPlus,Complex,0.3772,2.611,2.611,0.2634,1,1,1,solo,solo,group-3,383,383,3797
DDXPLUS_987738,DDXPlus,Complex,0.7627,0.1889,1.0604,0.1889,1,1,1,group-3,solo,group-3,5295,943,5295
DDXPLUS_987801,DDXPlus,Complex,0.6787,0.202,1.1429,0.202,1,1,1,group-3,solo,group-3,4951,875,4951
DDXPLUS_988010,DDXPlus,Complex,0.778,0.1865,1.0787,0.1865,1,1,1,group-3,solo,group-3,5361,927,5361
DDXPLUS_988325,DDXPlus,Complex,0.5327,0.4219,0.0,0.2313,1,0,1,group-2,solo,group-3,2370,536,4323
DDXPLUS_988763,DDXPlus,Moderate,0.2915,2.2624,2.2624,0.2567,1,1,1,solo,solo,group-3,442,442,3896
DDXPLUS_991714,DDXPlus,Complex,0.774,0.0,0.0,0.0,0,0,0,group-3,solo,group-3,4975,746,4975
DDXPLUS_993436,DDXPlus,Complex,0.411,0.0,2.3474,0.249,0,1,1,group-2,solo,group-3,2172,426,4016
DDXPLUS_993689,DDXPlus,Complex,0.503,0.4521,1.7301,0.2447,1,1,1,group-2,solo,group-3,2212,578,4086
DDXPLUS_994491,DDXPlus,Complex,0.5223,0.4472,1.9685,0.2437,1,1,1,group-2,solo,group-3,2236,508,4103
DDXPLUS_994757,DDXPlus,Moderate,0.1981,3.876,3.876,0.2984,1,1,1,solo,solo,group-3,258,258,3351
DDXPLUS_996073,DDXPlus,Moderate,0.1829,2.7933,2.7933,0.3109,1,1,1,solo,solo,group-3,358,358,3216
DDXPLUS_996418,DDXPlus,Complex,0.4101,0.0,0.0,0.0,0,0,0,group-2,solo,group-3,2184,422,4044
DDXPLUS_996536,DDXPlus,Complex,0.408,0.0,0.0,0.0,0,0,0,group-2,solo,group-3,2152,489,3996
DDXPLUS_997213,DDXPlus,Complex,0.3826,2.5381,2.5381,0.2654,1,1,1,solo,solo,group-3,394,394,3768
DDXPLUS_997574,DDXPlus,Complex,0.3948,0.0,0.0,0.0,0,0,0,solo,solo,group-3,525,525,3975
DDXPLUS_998217,DDXPlus,Complex,0.3906,1.9194,1.9194,0.0,1,1,0,solo,solo,group-3,521,521,3723
DDXPLUS_998387,DDXPlus,Complex,0.4543,0.0,0.0,0.0,0,0,0,group-2,solo,group-3,2313,581,4239
DDXPLUS_998673,DDXPlus,Moderate,0.3292,1.8282,1.8282,0.2618,1,1,1,solo,solo,group-3,547,547,3819
DDXPLUS_999805,DDXPlus,Complex,0.4869,0.0,1.7986,0.0,0,1,0,group-2,solo,group-3,2274,556,4179
MAGBENCH_00a9d0ce-1638-4a3d-98a6-59e99938c5db,MedAgentsBench,Simple,0.0457,2.7174,2.7174,0.0,1,1,0,solo,solo,group-3,368,368,2970
MAGBENCH_01024fa5-94ba-4fa4-b322-6e9733f3553f,MedAgentsBench,Simple,0.0217,0.0,0.0,0.0,0,0,0,solo,solo,group-3,144,144,1326
MAGBENCH_0150cd44-7abc-4723-8a8a-c17de3f20004,MedAgentsBench,Simple,0.0577,0.0,0.0,0.0,0,0,0,solo,solo,group-3,301,301,2500
MAGBENCH_01731260-fa5c-45ae-bbf3-5aed1b1cb9b9,MedAgentsBench,Simple,0.0337,3.096,3.096,0.3551,1,1,1,solo,solo,group-3,323,323,2816
MAGBENCH_01c2e93f-70e6-417c-b779-c037ee975bff,MedAgentsBench,Simple,0.0257,0.0,0.0,0.0,0,0,0,solo,solo,group-3,288,288,2824
MAGBENCH_01de6945-cd63-4096-9fda-e70148ee977d,MedAgentsBench,Simple,0.0277,5.0251,5.0251,0.0,1,1,0,solo,solo,group-3,199,199,2507
MAGBENCH_02a06bac-14e5-4bf2-a085-9d14305cd460,MedAgentsBench,Simple,0.0237,0.0,0.0,0.0,0,0,0,solo,solo,group-3,253,253,2495
MAGBENCH_02d36d4b-a89c-4756-b20a-51cb7c392eec,MedAgentsBench,Simple,0.0297,3.6101,3.6101,0.3545,1,1,1,solo,solo,group-3,277,277,2821
MAGBENCH_03486244-ec95-4253-81cf-8035e53ac651,MedAgentsBench,Simple,0.0477,0.0,0.0,0.0,0,0,0,solo,solo,group-3,366,366,3055
MAGBENCH_040be818-df88-4fad-959a-96d3cc4ee9f1,MedAgentsBench,Simple,0.0397,0.0,0.0,0.0,0,0,0,solo,solo,group-3,266,266,2765
MAGBENCH_04c8a800-af32-40fb-b60e-45d64d189679,MedAgentsBench,Simple,0.0277,3.876,3.876,0.3973,1,1,1,solo,solo,group-3,258,258,2517
MAGBENCH_04d0e5cc-1355-4028-8d94-47046d188bd2,MedAgentsBench,Simple,0.0277,0.0,0.0,0.0,0,0,0,solo,solo,group-3,272,272,2540
MAGBENCH_05887319-687e-4b8e-a850-9c4097ceeef7,MedAgentsBench,Simple,0.0397,0.0,0.0,0.3436,0,0,1,solo,solo,group-3,260,260,2910
MAGBENCH_05ae5b1d-15cd-4035-99a7-d6cae3e4909e,MedAgentsBench,Simple,0.0237,6.7568,6.7568,0.4031,1,1,1,solo,solo,group-3,148,148,2481
MAGBENCH_05ff9658-0465-4c93-8ff0-ee980071e67a,MedAgentsBench,Simple,0.0217,0.0,0.0,0.0,0,0,0,solo,solo,group-3,103,103,1466
MAGBENCH_069b7516-54c4-4e5d-acf7-a7c92fdd2a01,MedAgentsBench,Simple,0.0197,4.329,4.329,0.4602,1,1,1,solo,solo,group-3,231,231,2173
MAGBENCH_06bcc20456d81d9d68cb646e92aba0a4718b0088899d09b3effb7a43f52531d3,MedAgentsBench,Simple,0.0457,2.8818,2.8818,0.0,1,1,0,solo,solo,group-3,347,347,2905
MAGBENCH_06c8d324-ca85-489e-a010-da67157a3240,MedAgentsBench,Simple,0.0257,0.0,0.0,0.3608,0,0,1,solo,solo,group-3,277,277,2772
MAGBENCH_070ff387-f612-43ac-a23e-ab3e8ed192b4,MedAgentsBench,Simple,0.0197,0.0,0.0,0.0,0,0,0,solo,solo,group-3,228,228,2751
MAGBENCH_074d6dbc-2825-4387-ada2-01725dd954e2,MedAgentsBench,Simple,0.0197,0.0,0.0,0.0,0,0,0,solo,solo,group-3,297,297,2768
MAGBENCH_07549da1-d7ff-4fc2-85a0-a27023bbb810,MedAgentsBench,Simple,0.0297,0.0,0.0,0.0,0,0,0,solo,solo,group-3,355,355,2737
MAGBENCH_07565ce7-5824-4600-929c-e98c7d21d1d3,MedAgentsBench,Simple,0.0117,3.9062,3.9062,0.0,1,1,0,solo,solo,group-3,256,256,2828
MAGBENCH_07cbc168-01c1-4cb2-8cec-de6c18b9d29d,MedAgentsBench,Simple,0.0764,4.3478,4.3478,0.3353,1,1,1,solo,solo,group-3,230,230,2982
MAGBENCH_07d58883-b752-4898-ab70-a1df892ef7bd,MedAgentsBench,Simple,0.0317,0.0,0.0,0.0,0,0,0,solo,solo,group-3,355,355,2706
MAGBENCH_07de25a2-48ee-4f13-883f-78f9f34656fc,MedAgentsBench,Simple,0.0157,5.2083,5.2083,0.3204,1,1,1,solo,solo,group-3,192,192,3121
MAGBENCH_07f12102-6d93-4392-a50f-fb7424f73683,MedAgentsBench,Simple,0.0317,0.0,0.0,0.0,0,0,0,solo,solo,group-3,228,228,1901
MAGBENCH_081dedb5-37f1-482c-a416-599ac0ab619a,MedAgentsBench,Simple,0.0257,3.4247,3.4247,0.0,1,1,0,solo,solo,group-3,292,292,2801
MAGBENCH_08261677-c2d9-467e-9b36-2860dd82c98c,MedAgentsBench,Simple,0.0457,5.4348,5.4348,0.4088,1,1,1,solo,solo,group-3,184,184,2446
MAGBENCH_084820b0-75b4-43ae-adf9-83fb0e20f4eb,MedAgentsBench,Simple,0.0397,2.907,2.907,0.3374,1,1,1,solo,solo,group-3,344,344,2964
MAGBENCH_086cd30e-0ed9-4b7b-9346-38529b1445b8,MedAgentsBench,Simple,0.0577,0.0,0.0,0.3902,0,0,1,solo,solo,group-3,230,230,2563
MAGBENCH_08f3bf0c-adda-4d6b-9a65-04885defc090,MedAgentsBench,Simple,0.0257,0.0,0.0,0.0,0,0,0,solo,solo,group-3,280,280,2638
MAGBENCH_08fbda3f-1275-4a63-b34b-c57db24dcd70,MedAgentsBench,Simple,0.0297,0.0,0.0,0.0,0,0,0,solo,solo,group-3,276,276,2364
MAGBENCH_0919bffa-ea11-4e1f-9139-4c20fcd1a394,MedAgentsBench,Simple,0.0297,0.0,0.0,0.0,0,0,0,solo,solo,group-3,208,208,2227
MAGBENCH_0943ce96-d94b-4a3b-8db8-a93ad80ce094,MedAgentsBench,Simple,0.0377,0.0,0.0,0.0,0,0,0,solo,solo,group-3,253,253,2955
MAGBENCH_098dae62-49e8-426a-a58e-8fecf341cd05,MedAgentsBench,Simple,0.0157,0.0,0.0,0.0,0,0,0,solo,solo,group-3,175,175,1757
MAGBENCH_0_biomedical_engineer,MedAgentsBench,Simple,0.0297,5.4054,5.4054,0.4312,1,1,1,solo,solo,group-3,185,185,2319
MAGBENCH_0_speech_pathologist,MedAgentsBench,Simple,0.0317,0.0,0.0,0.0,0,0,0,solo,solo,group-3,406,406,2746
MAGBENCH_0acff0e8-a28e-4c44-ba99-7bf1ea71951f,MedAgentsBench,Simple,0.0357,0.0,0.0,0.0,0,0,0,solo,solo,group-3,360,360,2958
MAGBENCH_0adb3713-fdcf-4c09-96c3-a0d2423f9684,MedAgentsBench,Simple,0.051,0.0,0.0,0.0,0,0,0,solo,solo,group-3,151,151,2588
MAGBENCH_0ba46472-54a7-4bb9-9802-a0546e24cede,MedAgentsBench,Simple,0.0637,0.0,0.0,0.0,0,0,0,solo,solo,group-3,460,460,2792
MAGBENCH_0bf8959c-a410-42df-bde1-678d021599d9,MedAgentsBench,Simple,0.0317,0.0,0.0,0.0,0,0,0,solo,solo,group-3,212,212,2879
MAGBENCH_0c1957b7-636d-4450-9a54-46f34f086cf5,MedAgentsBench,Simple,0.0257,0.0,0.0,0.0,0,0,0,solo,solo,group-3,304,304,2467
MAGBENCH_0c29466abbbf184f53ddd854e2bff1f38fab636e5b5783c69b454154e9c2184f,MedAgentsBench,Simple,0.0277,10.3093,10.3093,0.3914,1,1,1,solo,solo,group-3,97,97,2555
MAGBENCH_0c826104-685f-4601-beb6-d9d102c15cbd,MedAgentsBench,Simple,0.0457,0.0,0.0,0.0,0,0,0,solo,solo,group-3,273,273,2982
MAGBENCH_0d106c90-f1d1-4255-8979-04fce15f34b2,MedAgentsBench,Simple,0.0297,0.0,0.0,0.0,0,0,0,solo,solo,group-3,218,218,2701
MAGBENCH_0d4f60ed-dd1c-4e67-9f18-91f79a392d09,MedAgentsBench,Simple,0.0097,0.0,0.0,0.0,0,0,0,solo,solo,group-3,224,224,2926
MAGBENCH_0d75a2e6-67c5-46d4-a888-3912e99ee80f,MedAgentsBench,Simple,0.0217,0.0,0.0,0.0,0,0,0,solo,solo,group-3,199,199,1840
MAGBENCH_0dc0ca33-9495-4e3e-a692-eda92b5202da,MedAgentsBench,Simple,0.0277,0.0,0.0,0.3679,0,0,1,solo,solo,group-3,349,349,2718
MAGBENCH_0e7c7436-6b35-4b36-b2f2-914d34992d11,MedAgentsBench,Simple,0.0217,0.0,0.0,0.0,0,0,0,solo,solo,group-3,167,167,2566
MAGBENCH_0ec4a50e-3eb2-44e9-97c5-527a8c6fdd68,MedAgentsBench,Simple,0.0337,3.6364,3.6364,0.409,1,1,1,solo,solo,group-3,275,275,2445
MAGBENCH_0ef697711cc73936fd7896b19a55ee6cf2ec2f2e38dbb8e57b09b0ccbc1d1b44,MedAgentsBench,Simple,0.0917,0.0,0.0,0.0,0,0,0,solo,solo,group-3,350,350,2932
MAGBENCH_0f2b4bd8-8032-44cf-bf8e-ff24900ded1e,MedAgentsBench,Simple,0.0817,3.937,3.937,0.3313,1,1,1,solo,solo,group-3,254,254,3018
MAGBENCH_0f2fc319-7fca-4f39-b2e9-be49e7abe79d,MedAgentsBench,Simple,0.0117,3.3557,3.3557,0.3587,1,1,1,solo,solo,group-3,298,298,2788
MAGBENCH_0f49668c-7988-48a6-ba11-ad49aa561259,MedAgentsBench,Moderate,0.1277,2.6667,2.6667,0.0,1,1,0,solo,solo,group-3,375,375,3255
MAGBENCH_0f589144-f2e9-4377-850f-9dc2aaf127da,MedAgentsBench,Simple,0.0517,0.0,0.0,0.0,0,0,0,solo,solo,group-3,190,190,2469
MAGBENCH_0f86c441-70a5-466d-b59f-1512fe88cbfd,MedAgentsBench,Simple,0.0617,0.0,0.0,0.3111,0,0,1,solo,solo,group-3,411,411,3214
MAGBENCH_0fd14a5dcafa4c3054ea03245a10aa1262fb88bf4906cfcec09f73bee06b163c,MedAgentsBench,Simple,0.0937,0.0,0.0,0.0,0,0,0,solo,solo,group-3,307,307,3246
MAGBENCH_10,MedAgentsBench,Moderate,0.3137,0.0,0.0,0.0,0,0,0,solo,solo,group-3,684,684,3949
MAGBENCH_1001,MedAgentsBench,Complex,0.385,0.0,0.0,0.0,0,0,0,solo,solo,group-3,676,676,3721
MAGBENCH_1006,MedAgentsBench,Moderate,0.133,0.0,0.0,0.2973,0,0,1,solo,solo,group-3,379,379,3364
MAGBENCH_100_biomedical_engineer,MedAgentsBench,Simple,0.0237,0.0,0.0,0.369,0,0,1,solo,solo,group-3,188,188,2710
MAGBENCH_100d2a31-8f28-4500-99c9-67690fe15625,MedAgentsBench,Simple,0.0157,0.0,0.0,0.0,0,0,0,solo,solo,group-3,261,261,2663
MAGBENCH_1015,MedAgentsBench,Moderate,0.1977,2.2371,2.2371,0.2904,1,1,1,solo,solo,group-3,447,447,3444
MAGBENCH_1019,MedAgentsBench,Moderate,0.1877,0.0,0.0,0.0,0,0,0,solo,solo,group-3,501,501,3465
MAGBENCH_101_clinical_psychologist,MedAgentsBench,Simple,0.0497,0.0,0.0,0.0,0,0,0,solo,solo,group-3,279,279,2352
MAGBENCH_102,MedAgentsBench,Moderate,0.279,0.0,0.0,0.0,0,0,0,solo,solo,group-3,607,607,3723
MAGBENCH_1026,MedAgentsBench,Complex,0.4037,0.0,0.0,0.0,0,0,0,group-2,solo,group-3,2060,601,3727
MAGBENCH_1027,MedAgentsBench,Moderate,0.1777,2.1322,2.1322,0.2992,1,1,1,solo,solo,group-3,469,469,3342
MAGBENCH_102_clinical_psychologist,MedAgentsBench,Simple,0.0457,2.7624,2.7624,0.0,1,1,0,solo,solo,group-3,362,362,2577
MAGBENCH_102_occupational_therapist,MedAgentsBench,Simple,0.0217,5.5249,5.5249,0.4589,1,1,1,solo,solo,group-3,181,181,2179
MAGBENCH_102cc189-c373-4850-a523-676b18741b16,MedAgentsBench,Simple,0.0137,0.0,0.0,0.0,0,0,0,solo,solo,group-3,119,119,2152
MAGBENCH_103_clinical_laboratory_scientist,MedAgentsBench,Simple,0.0277,0.0,0.0,0.0,0,0,0,solo,solo,group-3,305,305,2550
MAGBENCH_103_occupational_therapist,MedAgentsBench,Simple,0.0377,5.3476,5.3476,0.369,1,1,1,solo,solo,group-3,187,187,2710
MAGBENCH_103_speech_pathologist,MedAgentsBench,Simple,0.0237,0.0,0.0,0.0,0,0,0,solo,solo,group-3,276,276,2618
MAGBENCH_1041,MedAgentsBench,Moderate,0.2057,2.1834,2.1834,0.3142,1,1,1,solo,solo,group-3,458,458,3183
MAGBENCH_1042,MedAgentsBench,Moderate,0.2177,0.0,0.0,0.0,0,0,0,solo,solo,group-3,457,457,3477
MAGBENCH_1043,MedAgentsBench,Moderate,0.1637,2.2222,2.2222,0.2939,1,1,1,solo,solo,group-3,450,450,3402
MAGBENCH_1047,MedAgentsBench,Complex,0.3804,0.0,0.0,0.0,0,0,0,solo,solo,group-3,690,690,4200
MAGBENCH_105,MedAgentsBench,Moderate,0.3424,1.7391,1.7391,0.2527,1,1,1,solo,solo,group-3,575,575,3957
MAGBENCH_10548670,MedAgentsBench,Complex,0.4057,0.0,1.1669,0.2246,0,1,1,group-2,solo,group-3,2482,857,4452
MAGBENCH_1057,MedAgentsBench,Moderate,0.227,0.0,0.0,0.0,0,0,0,solo,solo,group-3,553,553,3537
MAGBENCH_105_clinical_laboratory_scientist,MedAgentsBench,Simple,0.0377,4.6512,4.6512,0.3571,1,1,1,solo,solo,group-3,215,215,2800
MAGBENCH_105_occupational_therapist,MedAgentsBench,Simple,0.0517,7.874,7.874,0.4087,1,1,1,solo,solo,group-3,127,127,2447
MAGBENCH_106,MedAgentsBench,Moderate,0.293,0.0,0.0,0.0,0,0,0,solo,solo,group-3,529,529,3523
MAGBENCH_1062,MedAgentsBench,Moderate,0.2097,0.0,0.0,0.0,0,0,0,solo,solo,group-3,472,472,3392
MAGBENCH_1067,MedAgentsBench,Moderate,0.1817,2.0921,2.0921,0.3033,1,1,1,solo,solo,group-3,478,478,3297
MAGBENCH_1069,MedAgentsBench,Moderate,0.235,0.0,0.0,0.281,0,0,1,solo,solo,group-3,487,487,3559
MAGBENCH_106_clinical_laboratory_scientist,MedAgentsBench,Simple,0.0457,6.5789,6.5789,0.3493,1,1,1,solo,solo,group-3,152,152,2863
MAGBENCH_1073,MedAgentsBench,Moderate,0.1117,0.0,0.0,0.0,0,0,0,solo,solo,group-3,444,444,3257
MAGBENCH_10749257,MedAgentsBench,Moderate,0.2957,1.9608,1.9608,0.2905,1,1,1,solo,solo,group-3,510,510,3442
MAGBENCH_1074d0b1-ca5c-4ace-b60d-2c06ceec9a25,MedAgentsBench,Simple,0.0277,0.0,0.0,0.0,0,0,0,solo,solo,group-3,210,210,2537
MAGBENCH_1077,MedAgentsBench,Moderate,0.317,0.0,0.0,0.0,0,0,0,solo,solo,group-3,688,688,4050
MAGBENCH_10781708,MedAgentsBench,Moderate,0.2957,0.0,0.0,0.0,0,0,0,solo,solo,group-3,616,616,3765
MAGBENCH_1079,MedAgentsBench,Moderate,0.3564,0.0,0.0,0.0,0,0,0,solo,solo,group-3,641,641,3664
MAGBENCH_108,MedAgentsBench,Moderate,0.2824,0.0,0.0,0.0,0,0,0,solo,solo,group-3,502,502,3647
MAGBENCH_1080,MedAgentsBench,Moderate,0.1317,0.0,0.0,0.0,0,0,0,solo,solo,group-3,549,549,3317
MAGBENCH_1082,MedAgentsBench,Moderate,0.1817,2.3256,2.3256,0.2922,1,1,1,solo,solo,group-3,430,430,3422
MAGBENCH_10834864,MedAgentsBench,Moderate,0.3237,1.8382,1.8382,0.2586,1,1,1,solo,solo,group-3,544,544,3867
MAGBENCH_1084,MedAgentsBench,Moderate,0.1897,0.0,0.0,0.0,0,0,0,solo,solo,group-3,538,538,3489
MAGBENCH_1086,MedAgentsBench,Moderate,0.2024,0.0,0.0,0.0,0,0,0,solo,solo,group-3,549,549,3617
MAGBENCH_108_clinical_laboratory_scientist,MedAgentsBench,Simple,0.0257,0.0,0.0,0.0,0,0,0,solo,solo,group-3,437,437,3259
MAGBENCH_108_speech_pathologist,MedAgentsBench,Simple,0.0257,0.0,0.0,0.0,0,0,0,solo,solo,group-3,412,412,3111
MAGBENCH_109,MedAgentsBench,Simple,0.0177,0.0,0.0,0.0,0,0,0,solo,solo,group-3,129,129,2607
MAGBENCH_10922093,MedAgentsBench,Complex,0.4057,0.0,1.5337,0.0,0,1,0,group-2,solo,group-3,2148,652,3990
MAGBENCH_1096,MedAgentsBench,Moderate,0.1857,0.0,0.0,0.0,0,0,0,solo,solo,group-3,472,472,3391
MAGBENCH_10966943,MedAgentsBench,Moderate,0.3357,1.7212,1.7212,0.0,1,1,0,solo,solo,group-3,581,581,3450
MAGBENCH_10973547,MedAgentsBench,Complex,0.419,0.0,1.2077,0.2206,0,1,1,group-2,solo,group-3,2510,828,4533
MAGBENCH_10_biomedical_engineer,MedAgentsBench,Simple,0.0337,0.0,0.0,0.0,0,0,0,solo,solo,group-3,452,452,3260
MAGBENCH_10_clinical_laboratory_scientist,MedAgentsBench,Simple,0.0157,8.0645,8.0645,0.4005,1,1,1,solo,solo,group-3,124,124,2497
MAGBENCH_10_speech_pathologist,MedAgentsBench,Simple,0.0257,0.0,0.0,0.0,0,0,0,solo,solo,group-3,231,231,2635
MAGBENCH_10b04be8-a89b-4858-b1b6-8af09fe6a716,MedAgentsBench,Simple,0.0297,3.1348,3.1348,0.3741,1,1,1,solo,solo,group-3,319,319,2673
MAGBENCH_10b14133-7f8a-43dd-ab66-b0cfd0c784c2,MedAgentsBench,Simple,0.037,0.0,0.0,0.0,0,0,0,solo,solo,group-3,289,289,2888
MAGBENCH_110,MedAgentsBench,Complex,0.3837,1.4881,1.4881,0.251,1,1,1,solo,solo,group-3,672,672,3984
MAGBENCH_1100,MedAgentsBench,Moderate,0.297,0.0,0.0,0.0,0,0,0,solo,solo,group-3,603,603,3764
MAGBENCH_1102,MedAgentsBench,Complex,0.3977,0.0,0.0,0.2396,0,0,1,solo,solo,group-3,795,795,4174
MAGBENCH_11035130,MedAgentsBench,Complex,0.419,0.0,1.3405,0.2315,0,1,1,group-2,solo,group-3,2368,746,4320
MAGBENCH_1104,MedAgentsBench,Moderate,0.3117,0.0,0.0,0.0,0,0,0,solo,solo,group-3,543,543,3703
MAGBENCH_1106,MedAgentsBench,Complex,0.3897,0.0,0.0,0.0,0,0,0,solo,solo,group-3,652,652,3930
MAGBENCH_11079675,MedAgentsBench,Complex,0.4057,0.0,0.0,0.0,0,0,0,group-2,solo,group-3,2434,708,4419
MAGBENCH_1109,MedAgentsBench,Complex,0.4324,0.3627,1.0384,0.2039,1,1,1,group-2,solo,group-3,2757,963,4905
MAGBENCH_110_occupational_therapist,MedAgentsBench,Simple,0.0557,5.0,5.0,0.4367,1,1,1,solo,solo,group-3,200,200,2290
MAGBENCH_1110,MedAgentsBench,Moderate,0.189,0.0,0.0,0.0,0,0,0,solo,solo,group-3,506,506,3270
MAGBENCH_1116,MedAgentsBench,Complex,0.3717,1.3123,1.3123,0.2444,1,1,1,solo,solo,group-3,762,762,4092
MAGBENCH_1118,MedAgentsBench,Moderate,0.167,3.1447,3.1447,0.3025,1,1,1,solo,solo,group-3,318,318,3306
MAGBENCH_111_biomedical_engineer,MedAgentsBench,Simple,0.0797,0.0,0.0,0.3694,0,0,1,solo,solo,group-3,227,227,2707
MAGBENCH_1121,MedAgentsBench,Moderate,0.3237,0.0,0.0,0.0,0,0,0,solo,solo,group-3,633,633,3753
MAGBENCH_1122,MedAgentsBench,Moderate,0.329,1.6367,1.6367,0.2581,1,1,1,solo,solo,group-3,611,611,3874
MAGBENCH_1127,MedAgentsBench,Moderate,0.1804,0.0,0.0,0.0,0,0,0,solo,solo,group-3,451,451,3350
MAGBENCH_1129,MedAgentsBench,Complex,0.4057,0.0,0.7722,0.0,0,1,0,group-2,solo,group-3,3381,1295,5701
MAGBENCH_112_clinical_laboratory_scientist,MedAgentsBench,Simple,0.0357,2.5907,2.5907,0.3291,1,1,1,solo,solo,group-3,386,386,3039
MAGBENCH_1132,MedAgentsBench,Complex,0.4724,0.0,0.0,0.0,0,0,0,group-2,solo,group-3,2433,939,4419
MAGBENCH_1134,MedAgentsBench,Moderate,0.225,0.0,0.0,0.0,0,0,0,solo,solo,group-3,518,518,3441
MAGBENCH_1138,MedAgentsBench,Moderate,0.239,0.0,0.0,0.0,0,0,0,solo,solo,group-3,505,505,3708
MAGBENCH_113_speech_pathologist,MedAgentsBench,Simple,0.0237,0.0,0.0,0.0,0,0,0,solo,solo,group-3,316,316,3084
MAGBENCH_1144,MedAgentsBench,Moderate,0.1317,0.0,0.0,0.0,0,0,0,solo,solo,group-3,331,331,3026
MAGBENCH_11458136,MedAgentsBench,Complex,0.3857,0.0,0.0,0.0,0,0,0,solo,solo,group-3,534,534,3664
MAGBENCH_114_clinical_laboratory_scientist,MedAgentsBench,Simple,0.0277,3.5971,3.5971,0.357,1,1,1,solo,solo,group-3,278,278,2801
MAGBENCH_114_occupational_therapist,MedAgentsBench,Simple,0.0477,0.0,0.0,0.0,0,0,0,solo,solo,group-3,193,193,2593
MAGBENCH_115,MedAgentsBench,Simple,0.0297,3.2154,3.2154,0.3831,1,1,1,solo,solo,group-3,311,311,2610
MAGBENCH_1153,MedAgentsBench,Complex,0.4184,0.0,1.1521,0.0,0,1,0,group-2,solo,group-3,2370,868,4323
MAGBENCH_1154,MedAgentsBench,Moderate,0.191,0.0,0.0,0.0,0,0,0,solo,solo,group-3,365,365,3204
MAGBENCH_115_biomedical_engineer,MedAgentsBench,Simple,0.0317,0.0,0.0,0.0,0,0,0,solo,solo,group-3,268,268,2236
MAGBENCH_115_clinical_laboratory_scientist,MedAgentsBench,Simple,0.0257,0.0,0.0,0.0,0,0,0,solo,solo,group-3,145,145,2078
MAGBENCH_1166,MedAgentsBench,Moderate,0.3217,0.0,0.0,0.0,0,0,0,solo,solo,group-3,562,562,3744
MAGBENCH_1168,MedAgentsBench,Moderate,0.1737,0.0,0.0,0.0,0,0,0,solo,solo,group-3,448,448,3377
MAGBENCH_117,MedAgentsBench,Complex,0.3797,0.0,0.0,0.0,0,0,0,solo,solo,group-3,703,703,3957
MAGBENCH_1174,MedAgentsBench,Moderate,0.3204,0.0,0.0,0.0,0,0,0,solo,solo,group-3,698,698,3969
MAGBENCH_1175,MedAgentsBench,Moderate,0.233,0.0,0.0,0.0,0,0,0,solo,solo,group-3,525,525,3475
MAGBENCH_1176,MedAgentsBench,Complex,0.4057,0.0,0.0,0.0,0,0,0,group-2,solo,group-3,2371,832,4326
MAGBENCH_1186,MedAgentsBench,Moderate,0.229,0.0,0.0,0.271,0,0,1,solo,solo,group-3,547,547,3690
MAGBENCH_1187,MedAgentsBench,Moderate,0.3444,1.4104,1.4104,0.2489,1,1,1,solo,solo,group-3,709,709,4017
MAGBENCH_118_biomedical_engineer,MedAgentsBench,Simple,0.0657,6.4935,6.4935,0.3766,1,1,1,solo,solo,group-3,154,154,2655
MAGBENCH_119,MedAgentsBench,Simple,0.0277,6.1728,6.1728,0.4462,1,1,1,solo,solo,group-3,162,162,2241
MAGBENCH_1190,MedAgentsBench,Simple,0.099,3.0581,3.0581,0.3453,1,1,1,solo,solo,group-3,327,327,2896
MAGBENCH_1191,MedAgentsBench,Moderate,0.2137,1.7331,1.7331,0.0,1,1,0,solo,solo,group-3,577,577,3386
MAGBENCH_1192,MedAgentsBench,Moderate,0.2137,1.938,1.938,0.2805,1,1,1,solo,solo,group-3,516,516,3565
MAGBENCH_11977907,MedAgentsBench,Complex,0.4057,0.0,0.0,0.2325,0,0,1,group-2,solo,group-3,2356,712,4302
MAGBENCH_119_occupational_therapist,MedAgentsBench,Simple,0.0757,0.0,0.0,0.0,0,0,0,solo,solo,group-3,317,317,2824
MAGBENCH_119_speech_pathologist,MedAgentsBench,Simple,0.0377,0.0,0.0,0.3851,0,0,1,solo,solo,group-3,349,349,2597
MAGBENCH_11_biomedical_engineer,MedAgentsBench,Simple,0.0717,5.2083,5.2083,0.4704,1,1,1,solo,solo,group-3,192,192,2126
MAGBENCH_11_speech_pathologist,MedAgentsBench,Simple,0.0317,0.0,0.0,0.0,0,0,0,solo,solo,group-3,269,269,2364
MAGBENCH_11cf5ab90cfd84920837f415fec1ab3548742e3e5f66062479b694e0958fd162,MedAgentsBench,Simple,0.0297,0.0,0.0,0.0,0,0,0,solo,solo,group-3,202,202,2549
MAGBENCH_11efa366-1d2d-48a8-a247-a362a0447140,MedAgentsBench,Simple,0.0297,0.0,0.0,0.0,0,0,0,solo,solo,group-3,221,221,2637
MAGBENCH_12,MedAgentsBench,Moderate,0.257,1.7212,1.7212,0.2716,1,1,1,solo,solo,group-3,581,581,3682
MAGBENCH_120,MedAgentsBench,Moderate,0.319,1.5823,1.5823,0.2609,1,1,1,solo,solo,group-3,632,632,3833
MAGBENCH_1203,MedAgentsBench,Moderate,0.1097,2.2936,2.2936,0.3204,1,1,1,solo,solo,group-3,436,436,3121
MAGBENCH_1204,MedAgentsBench,Simple,0.0217,4.6512,4.6512,0.364,1,1,1,solo,solo,group-3,215,215,2747
MAGBENCH_1208,MedAgentsBench,Moderate,0.1297,0.0,0.0,0.0,0,0,0,solo,solo,group-3,368,368,2568
MAGBENCH_1209,MedAgentsBench,Simple,0.0137,0.0,0.0,0.0,0,0,0,solo,solo,group-3,199,199,2451
MAGBENCH_12090319,MedAgentsBench,Complex,0.4057,0.432,1.3423,0.2357,1,1,1,group-2,solo,group-3,2315,745,4242
MAGBENCH_12094116,MedAgentsBench,Complex,0.4057,0.0,0.0,0.2703,0,0,1,group-2,solo,group-3,1954,520,3699
MAGBENCH_12098035,MedAgentsBench,Complex,0.4057,0.0,1.3966,0.2344,0,1,1,group-2,solo,group-3,2332,716,4266
MAGBENCH_120_biomedical_engineer,MedAgentsBench,Simple,0.0757,0.0,0.0,0.0,0,0,0,solo,solo,group-3,248,248,2425
MAGBENCH_121,MedAgentsBench,Moderate,0.2704,1.7036,1.7036,0.2728,1,1,1,solo,solo,group-3,587,587,3666
MAGBENCH_1211,MedAgentsBench,Moderate,0.1477,0.0,0.0,0.0,0,0,0,solo,solo,group-3,431,431,3208
MAGBENCH_1213,MedAgentsBench,Moderate,0.1257,2.8986,2.8986,0.3694,1,1,1,solo,solo,group-3,345,345,2707
MAGBENCH_12145243,MedAgentsBench,Complex,0.4057,0.4521,1.5106,0.2447,1,1,1,group-2,solo,group-3,2212,662,4086
MAGBENCH_12163782,MedAgentsBench,Complex,0.4057,0.0,0.0,0.0,0,0,0,group-2,solo,group-3,2558,799,4605
MAGBENCH_12172698,MedAgentsBench,Complex,0.4057,0.0,1.23,0.0,0,1,0,group-2,solo,group-3,2350,813,4293
MAGBENCH_12174,MedAgentsBench,Moderate,0.1157,0.0,0.0,0.0,0,0,0,solo,solo,group-3,375,375,3218
MAGBENCH_12176,MedAgentsBench,Moderate,0.1644,0.0,0.0,0.3169,0,0,1,solo,solo,group-3,476,476,3156
MAGBENCH_12178,MedAgentsBench,Moderate,0.135,3.268,3.268,0.3564,1,1,1,solo,solo,group-3,306,306,2806
MAGBENCH_1218,MedAgentsBench,Moderate,0.2257,0.0,0.0,0.0,0,0,0,solo,solo,group-3,539,539,3573
MAGBENCH_12180,MedAgentsBench,Moderate,0.2057,0.0,0.0,0.0,0,0,0,solo,solo,group-3,479,479,3196
MAGBENCH_12182,MedAgentsBench,Moderate,0.1577,2.2779,2.2779,0.3235,1,1,1,solo,solo,group-3,439,439,3091
MAGBENCH_12184,MedAgentsBench,Moderate,0.2244,2.0534,2.0534,0.2902,1,1,1,solo,solo,group-3,487,487,3446
MAGBENCH_12189,MedAgentsBench,Moderate,0.2397,0.0,0.0,0.0,0,0,0,solo,solo,group-3,604,604,3663
MAGBENCH_1219,MedAgentsBench,Moderate,0.3277,1.8149,1.8149,0.2633,1,1,1,solo,solo,group-3,551,551,3798
MAGBENCH_12193,MedAgentsBench,Moderate,0.2777,0.0,0.0,0.0,0,0,0,solo,solo,group-3,564,564,3507
MAGBENCH_121_speech_pathologist,MedAgentsBench,Simple,0.0297,0.0,0.0,0.0,0,0,0,solo,solo,group-3,109,109,2195
MAGBENCH_12202,MedAgentsBench,Moderate,0.2697,1.5898,1.5898,0.0,1,1,0,solo,solo,group-3,629,629,3830
MAGBENCH_12208,MedAgentsBench,Moderate,0.321,0.0,0.0,0.0,0,0,0,solo,solo,group-3,511,511,3525
MAGBENCH_12214,MedAgentsBench,Moderate,0.163,2.3529,2.3529,0.0,1,1,0,solo,solo,group-3,425,425,3300
MAGBENCH_12218,MedAgentsBench,Complex,0.4457,0.4344,1.1891,0.2369,1,1,1,group-2,solo,group-3,2302,841,4221
MAGBENCH_12219,MedAgentsBench,Moderate,0.2217,0.0,0.0,0.0,0,0,0,solo,solo,group-3,550,550,3372
MAGBENCH_12226,MedAgentsBench,Moderate,0.2277,0.0,0.0,0.0,0,0,0,solo,solo,group-3,584,584,3738
MAGBENCH_12227,MedAgentsBench,Moderate,0.2697,1.7544,1.7544,0.0,1,1,0,solo,solo,group-3,570,570,3727
MAGBENCH_12228,MedAgentsBench,Moderate,0.1677,0.0,0.0,0.309,0,0,1,solo,solo,group-3,506,506,3236
MAGBENCH_1223,MedAgentsBench,Simple,0.0857,0.0,0.0,0.0,0,0,0,solo,solo,group-3,288,288,2786
MAGBENCH_12230,MedAgentsBench,Moderate,0.269,1.6502,1.6502,0.269,1,1,1,solo,solo,group-3,606,606,3717
MAGBENCH_12233,MedAgentsBench,Moderate,0.1097,0.0,0.0,0.0,0,0,0,solo,solo,group-3,369,369,3068
MAGBENCH_12234,MedAgentsBench,Moderate,0.107,5.0251,5.0251,0.3228,1,1,1,solo,solo,group-3,199,199,3098
MAGBENCH_12240,MedAgentsBench,Moderate,0.203,0.0,0.0,0.0,0,0,0,solo,solo,group-3,514,514,3663
MAGBENCH_12241,MedAgentsBench,Moderate,0.163,2.2321,2.2321,0.3003,1,1,1,solo,solo,group-3,448,448,3330
MAGBENCH_12249,MedAgentsBench,Moderate,0.1177,2.3585,2.3585,0.3207,1,1,1,solo,solo,group-3,424,424,3118
MAGBENCH_12250,MedAgentsBench,Moderate,0.171,0.0,0.0,0.0,0,0,0,solo,solo,group-3,483,483,3372
MAGBENCH_12251,MedAgentsBench,Moderate,0.1257,2.6667,2.6667,0.2887,1,1,1,solo,solo,group-3,375,375,3464
MAGBENCH_12256,MedAgentsBench,Moderate,0.2657,2.3041,2.3041,0.3241,1,1,1,solo,solo,group-3,434,434,3085
MAGBENCH_12261,MedAgentsBench,Complex,0.4184,0.4502,1.6807,0.2484,1,1,1,group-2,solo,group-3,2221,595,4026
MAGBENCH_12265,MedAgentsBench,Moderate,0.2364,1.8692,1.8692,0.274,1,1,1,solo,solo,group-3,535,535,3650
MAGBENCH_12266,MedAgentsBench,Moderate,0.137,0.0,0.0,0.0,0,0,0,solo,solo,group-3,357,357,2994
MAGBENCH_12268,MedAgentsBench,Moderate,0.2884,0.0,0.0,0.0,0,0,0,solo,solo,group-3,647,647,3915
MAGBENCH_12271,MedAgentsBench,Complex,0.383,1.4006,1.4006,0.249,1,1,1,solo,solo,group-3,714,714,4016
MAGBENCH_12273,MedAgentsBench,Moderate,0.189,0.0,0.0,0.0,0,0,0,solo,solo,group-3,404,404,3426
MAGBENCH_12275,MedAgentsBench,Moderate,0.1404,0.0,0.0,0.0,0,0,0,solo,solo,group-3,456,456,3285
MAGBENCH_12276,MedAgentsBench,Complex,0.4324,0.0,1.3477,0.0,0,1,0,group-2,solo,group-3,2240,742,4092
MAGBENCH_12279,MedAgentsBench,Moderate,0.1057,0.0,0.0,0.3306,0,0,1,solo,solo,group-3,394,394,3025
MAGBENCH_1228,MedAgentsBench,Complex,0.4057,0.0,0.994,0.2189,0,1,1,group-2,solo,group-3,2533,1006,4569
MAGBENCH_12284,MedAgentsBench,Complex,0.4277,0.0,0.0,0.2554,0,0,1,group-2,solo,group-3,2098,620,3915
MAGBENCH_12286,MedAgentsBench,Moderate,0.239,2.1053,2.1053,0.2834,1,1,1,solo,solo,group-3,475,475,3529
MAGBENCH_12290,MedAgentsBench,Moderate,0.1177,0.0,0.0,0.3118,0,0,1,solo,solo,group-3,421,421,3207
MAGBENCH_12292,MedAgentsBench,Moderate,0.1777,0.0,0.0,0.0,0,0,0,solo,solo,group-3,432,432,3093
MAGBENCH_12294,MedAgentsBench,Moderate,0.261,0.0,0.0,0.0,0,0,0,solo,solo,group-3,571,571,3544
MAGBENCH_122_biomedical_engineer,MedAgentsBench,Simple,0.0317,0.0,0.0,0.0,0,0,0,solo,solo,group-3,151,151,2072
MAGBENCH_123,MedAgentsBench,Moderate,0.285,0.0,0.0,0.2662,0,0,1,solo,solo,group-3,596,596,3756
MAGBENCH_1230,MedAgentsBench,Simple,0.0217,0.0,0.0,0.0,0,0,0,solo,solo,group-3,246,246,2718
MAGBENCH_12300,MedAgentsBench,Moderate,0.2477,1.7699,1.7699,0.2653,1,1,1,solo,solo,group-3,565,565,3770
MAGBENCH_12301,MedAgentsBench,Complex,0.4324,0.4363,1.3089,0.2384,1,1,1,group-2,solo,group-3,2292,764,4194
MAGBENCH_12310,MedAgentsBench,Moderate,0.3317,0.0,0.0,0.0,0,0,0,solo,solo,group-3,640,640,3839
MAGBENCH_12316,MedAgentsBench,Moderate,0.197,0.0,0.0,0.0,0,0,0,solo,solo,group-3,436,436,3190
MAGBENCH_12317,MedAgentsBench,Moderate,0.2224,0.0,0.0,0.0,0,0,0,solo,solo,group-3,537,537,3493
MAGBENCH_1232,MedAgentsBench,Simple,0.0617,2.5974,2.5974,0.3176,1,1,1,solo,solo,group-3,385,385,3149
MAGBENCH_12326,MedAgentsBench,Moderate,0.1117,0.0,0.0,0.3798,0,0,1,solo,solo,group-3,345,345,2633
MAGBENCH_1233,MedAgentsBench,Simple,0.0297,0.0,0.0,0.0,0,0,0,solo,solo,group-3,223,223,2172
MAGBENCH_12330,MedAgentsBench,Moderate,0.181,0.0,0.0,0.0,0,0,0,solo,solo,group-3,447,447,3030
MAGBENCH_1234,MedAgentsBench,Simple,0.0617,4.1152,4.1152,0.0,1,1,0,solo,solo,group-3,243,243,2804
MAGBENCH_12341,MedAgentsBench,Moderate,0.113,0.0,0.0,0.0,0,0,0,solo,solo,group-3,405,405,3056
MAGBENCH_12342,MedAgentsBench,Moderate,0.1504,0.0,0.0,0.3098,0,0,1,solo,solo,group-3,329,329,3228
MAGBENCH_12342b20-b7a0-4f14-91ed-c764fc51ed7b,MedAgentsBench,Simple,0.0177,0.0,0.0,0.0,0,0,0,solo,solo,group-3,152,152,2473
MAGBENCH_12343,MedAgentsBench,Complex,0.4057,0.0,0.0,0.0,0,0,0,group-2,solo,group-3,2309,736,4233
MAGBENCH_12348,MedAgentsBench,Moderate,0.219,0.0,0.0,0.0,0,0,0,solo,solo,group-3,534,534,3697
MAGBENCH_1235,MedAgentsBench,Moderate,0.1537,0.0,0.0,0.0,0,0,0,solo,solo,group-3,357,357,3112
MAGBENCH_12352,MedAgentsBench,Complex,0.4357,0.4591,1.4793,0.2478,1,1,1,group-2,solo,group-3,2178,676,4035
MAGBENCH_12355,MedAgentsBench,Moderate,0.1244,3.4483,3.4483,0.3069,1,1,1,solo,solo,group-3,290,290,3258
MAGBENCH_12356,MedAgentsBench,Moderate,0.1697,0.0,0.0,0.0,0,0,0,solo,solo,group-3,394,394,3280
MAGBENCH_12358,MedAgentsBench,Moderate,0.2697,1.8657,1.8657,0.0,1,1,0,solo,solo,group-3,536,536,3764
MAGBENCH_12359,MedAgentsBench,Moderate,0.2497,0.0,0.0,0.0,0,0,0,solo,solo,group-3,552,552,3753
MAGBENCH_12360,MedAgentsBench,Moderate,0.1117,0.0,0.0,0.3191,0,0,1,solo,solo,group-3,355,355,3134
MAGBENCH_12361,MedAgentsBench,Complex,0.363,1.6556,1.6556,0.2501,1,1,1,solo,solo,group-3,604,604,3998
MAGBENCH_12367,MedAgentsBench,Moderate,0.3077,0.0,0.0,0.0,0,0,0,solo,solo,group-3,686,686,3953
MAGBENCH_12368,MedAgentsBench,Moderate,0.2557,1.7361,1.7361,0.2884,1,1,1,solo,solo,group-3,576,576,3468
MAGBENCH_12369,MedAgentsBench,Moderate,0.1784,2.2222,2.2222,0.287,1,1,1,solo,solo,group-3,450,450,3484
MAGBENCH_1237,MedAgentsBench,Complex,0.3617,0.0,0.0,0.0,0,0,0,solo,solo,group-3,622,622,3661
MAGBENCH_12372,MedAgentsBench,Moderate,0.1417,2.3529,2.3529,0.3313,1,1,1,solo,solo,group-3,425,425,3018
MAGBENCH_12373,MedAgentsBench,Moderate,0.2017,1.8939,1.8939,0.0,1,1,0,solo,solo,group-3,528,528,3467
MAGBENCH_12374,MedAgentsBench,Moderate,0.343,0.0,0.0,0.0,0,0,0,solo,solo,group-3,698,698,4104
MAGBENCH_12376,MedAgentsBench,Moderate,0.2677,1.7857,1.7857,0.2752,1,1,1,solo,solo,group-3,560,560,3634
MAGBENCH_12377809,MedAgentsBench,Complex,0.3757,1.4368,1.4368,0.0,1,1,0,solo,solo,group-3,696,696,3975
MAGBENCH_12378,MedAgentsBench,Complex,0.419,0.0,0.0,0.0,0,0,0,group-2,solo,group-3,2158,675,4004
MAGBENCH_12380,MedAgentsBench,Moderate,0.2797,0.0,0.0,0.2962,0,0,1,solo,solo,group-3,516,516,3376
MAGBENCH_12380309,MedAgentsBench,Complex,0.4057,0.0,0.0,0.2523,0,0,1,group-2,solo,group-3,2132,628,3964
MAGBENCH_12381,MedAgentsBench,Moderate,0.1457,0.0,0.0,0.0,0,0,0,solo,solo,group-3,437,437,3533
MAGBENCH_12390,MedAgentsBench,Moderate,0.1457,0.0,0.0,0.0,0,0,0,solo,solo,group-3,397,397,3321
MAGBENCH_123_occupational_therapist,MedAgentsBench,Simple,0.0677,0.0,0.0,0.0,0,0,0,solo,solo,group-3,181,181,2215
MAGBENCH_1240,MedAgentsBench,Simple,0.0997,0.0,0.0,0.0,0,0,0,solo,solo,group-3,321,321,1967
MAGBENCH_12400,MedAgentsBench,Complex,0.383,1.5924,1.5924,0.0,1,1,0,solo,solo,group-3,628,628,3897
MAGBENCH_12402,MedAgentsBench,Moderate,0.2804,2.2075,2.2075,0.2643,1,1,1,solo,solo,group-3,453,453,3783
MAGBENCH_12403,MedAgentsBench,Moderate,0.1504,0.0,0.0,0.0,0,0,0,solo,solo,group-3,314,314,3380
MAGBENCH_12406,MedAgentsBench,Moderate,0.315,1.5267,1.5267,0.2612,1,1,1,solo,solo,group-3,655,655,3829
MAGBENCH_12409,MedAgentsBench,Moderate,0.2104,0.0,0.0,0.0,0,0,0,solo,solo,group-3,452,452,3249
MAGBENCH_12414,MedAgentsBench,Moderate,0.3537,0.0,0.0,0.0,0,0,0,solo,solo,group-3,658,658,4041
MAGBENCH_12416,MedAgentsBench,Moderate,0.293,0.0,0.0,0.2598,0,0,1,solo,solo,group-3,668,668,3849
MAGBENCH_12417,MedAgentsBench,Moderate,0.275,0.0,0.0,0.0,0,0,0,solo,solo,group-3,625,625,3639
MAGBENCH_12418,MedAgentsBench,Moderate,0.1537,2.4631,2.4631,0.296,1,1,1,solo,solo,group-3,406,406,3378
MAGBENCH_1242,MedAgentsBench,Moderate,0.1237,0.0,0.0,0.381,0,0,1,solo,solo,group-3,342,342,2625
MAGBENCH_12420,MedAgentsBench,Moderate,0.2857,1.8051,1.8051,0.0,1,1,0,solo,solo,group-3,554,554,3780
MAGBENCH_1243,MedAgentsBench,Simple,0.0577,0.0,0.0,0.0,0,0,0,solo,solo,group-3,194,194,2211
MAGBENCH_12434,MedAgentsBench,Moderate,0.3004,0.0,0.0,0.0,0,0,0,solo,solo,group-3,625,625,3762
MAGBENCH_12435,MedAgentsBench,Moderate,0.2277,0.0,0.0,0.0,0,0,0,solo,solo,group-3,528,528,3289
MAGBENCH_12436,MedAgentsBench,Moderate,0.175,0.0,0.0,0.0,0,0,0,solo,solo,group-3,443,443,3401
MAGBENCH_1244,MedAgentsBench,Moderate,0.2017,0.0,0.0,0.0,0,0,0,solo,solo,group-3,526,526,3481
MAGBENCH_1245ee8a-b80f-488c-b1a2-2ad91e1484b0,MedAgentsBench,Simple,0.0357,0.0,0.0,0.0,0,0,0,solo,solo,group-3,342,342,2892
MAGBENCH_1246,MedAgentsBench,Moderate,0.325,0.0,0.0,0.0,0,0,0,solo,solo,group-3,677,677,4001
MAGBENCH_12484580,MedAgentsBench,Moderate,0.2597,2.7624,2.7624,0.291,1,1,1,solo,solo,group-3,362,362,3436
MAGBENCH_1249,MedAgentsBench,Simple,0.0217,0.0,0.0,0.0,0,0,0,solo,solo,group-3,160,160,3009
MAGBENCH_1250,MedAgentsBench,Simple,0.0377,0.0,0.0,0.0,0,0,0,solo,solo,group-3,257,257,2400
MAGBENCH_1251,MedAgentsBench,Moderate,0.205,2.7322,2.7322,0.3057,1,1,1,solo,solo,group-3,366,366,3271
MAGBENCH_1259,MedAgentsBench,Moderate,0.3004,0.0,0.0,0.0,0,0,0,solo,solo,group-3,593,593,3686
MAGBENCH_125_biomedical_engineer,MedAgentsBench,Simple,0.0337,0.0,0.0,0.0,0,0,0,solo,solo,group-3,315,315,2164
MAGBENCH_125_speech_pathologist,MedAgentsBench,Simple,0.0777,0.0,0.0,0.0,0,0,0,solo,solo,group-3,159,159,2949
MAGBENCH_126,MedAgentsBench,Simple,0.0357,7.8125,7.8125,0.3532,1,1,1,solo,solo,group-3,128,128,2831
MAGBENCH_1260,MedAgentsBench,Simple,0.0577,0.0,0.0,0.0,0,0,0,solo,solo,group-3,292,292,2861
MAGBENCH_1261,MedAgentsBench,Simple,0.0337,0.0,0.0,0.3986,0,0,1,solo,solo,group-3,192,192,2509
MAGBENCH_1262,MedAgentsBench,Complex,0.4057,0.0,0.0,0.0,0,0,0,group-2,solo,group-3,3436,1336,5867
MAGBENCH_1263,MedAgentsBench,Complex,0.371,0.0,0.0,0.0,0,0,0,solo,solo,group-3,563,563,3708
MAGBENCH_1264,MedAgentsBench,Moderate,0.3297,0.0,0.0,0.0,0,0,0,solo,solo,group-3,529,529,3603
MAGBENCH_1268,MedAgentsBench,Simple,0.0477,0.0,0.0,0.0,0,0,0,solo,solo,group-3,326,326,2629
MAGBENCH_1269,MedAgentsBench,Complex,0.419,0.0,0.0,0.0,0,0,0,group-2,solo,group-3,2460,811,4460
MAGBENCH_126_occupational_therapist,MedAgentsBench,Simple,0.0217,0.0,0.0,0.0,0,0,0,solo,solo,group-3,129,129,2416
MAGBENCH_126_speech_pathologist,MedAgentsBench,Simple,0.0337,0.0,0.0,0.0,0,0,0,solo,solo,group-3,297,297,2461
MAGBENCH_127_occupational_therapist,MedAgentsBench,Simple,0.0297,4.8544,4.8544,0.3632,1,1,1,solo,solo,group-3,206,206,2753
MAGBENCH_127_speech_pathologist,MedAgentsBench,Simple,0.0417,0.0,0.0,0.3926,0,0,1,solo,solo,group-3,141,141,2547
MAGBENCH_1282,MedAgentsBench,Simple,0.0157,0.0,0.0,0.0,0,0,0,solo,solo,group-3,346,346,2800
MAGBENCH_1283,MedAgentsBench,Simple,0.0197,10.6383,10.6383,0.4083,1,1,1,solo,solo,group-3,94,94,2449
MAGBENCH_128_occupational_therapist,MedAgentsBench,Simple,0.0497,5.9172,5.9172,0.394,1,1,1,solo,solo,group-3,169,169,2538
MAGBENCH_128_speech_pathologist,MedAgentsBench,Simple,0.0417,3.3445,3.3445,0.0,1,1,0,solo,solo,group-3,299,299,2715
MAGBENCH_129,MedAgentsBench,Moderate,0.2977,0.0,0.0,0.0,0,0,0,solo,solo,group-3,663,663,3936
MAGBENCH_1292,MedAgentsBench,Moderate,0.1017,2.5707,2.5707,0.3487,1,1,1,solo,solo,group-3,389,389,2868
MAGBENCH_1293,MedAgentsBench,Moderate,0.1037,0.0,0.0,0.0,0,0,0,solo,solo,group-3,373,373,2730
MAGBENCH_1298,MedAgentsBench,Simple,0.0117,0.0,0.0,0.0,0,0,0,solo,solo,group-3,151,151,2949
MAGBENCH_1299,MedAgentsBench,Simple,0.0177,0.0,0.0,0.0,0,0,0,solo,solo,group-3,217,217,2382
MAGBENCH_129_clinical_laboratory_scientist,MedAgentsBench,Simple,0.0277,6.4935,6.4935,0.39,1,1,1,solo,solo,group-3,154,154,2564
MAGBENCH_12_biomedical_engineer,MedAgentsBench,Simple,0.0337,0.0,0.0,0.0,0,0,0,solo,solo,group-3,256,256,2338
MAGBENCH_130,MedAgentsBench,Simple,0.0357,10.8696,10.8696,0.4936,1,1,1,solo,solo,group-3,92,92,2026
MAGBENCH_1302,MedAgentsBench,Simple,0.0357,3.3784,3.3784,0.3668,1,1,1,solo,solo,group-3,296,296,2726
MAGBENCH_1307,MedAgentsBench,Simple,0.0337,0.0,0.0,0.0,0,0,0,solo,solo,group-3,208,208,1950
MAGBENCH_13088525-20c1-4b21-8fba-f48097969211,MedAgentsBench,Simple,0.0177,3.5088,3.5088,0.3469,1,1,1,solo,solo,group-3,285,285,2883
MAGBENCH_130_biomedical_engineer,MedAgentsBench,Simple,0.0317,0.0,0.0,0.0,0,0,0,solo,solo,group-3,446,446,3259
MAGBENCH_131,MedAgentsBench,Moderate,0.185,2.1186,2.1186,0.2837,1,1,1,solo,solo,group-3,472,472,3525
MAGBENCH_1311,MedAgentsBench,Simple,0.0477,2.5575,2.5575,0.0,1,1,0,solo,solo,group-3,391,391,2939
MAGBENCH_1312,MedAgentsBench,Moderate,0.1697,3.4483,3.4483,0.404,1,1,1,solo,solo,group-3,290,290,2475
MAGBENCH_132,MedAgentsBench,Simple,0.0297,5.5866,5.5866,0.3694,1,1,1,solo,solo,group-3,179,179,2707
MAGBENCH_1321,MedAgentsBench,Moderate,0.1717,0.0,0.0,0.0,0,0,0,solo,solo,group-3,295,295,2279
MAGBENCH_1324,MedAgentsBench,Simple,0.0257,3.6101,3.6101,0.396,1,1,1,solo,solo,group-3,277,277,2525
MAGBENCH_1325,MedAgentsBench,Simple,0.0717,0.0,0.0,0.0,0,0,0,solo,solo,group-3,349,349,2672
MAGBENCH_1329,MedAgentsBench,Simple,0.0477,4.8544,4.8544,0.3499,1,1,1,solo,solo,group-3,206,206,2858
MAGBENCH_1329d8ef-9606-4cc5-bc3a-02d150a0e860,MedAgentsBench,Simple,0.0257,0.0,0.0,0.0,0,0,0,solo,solo,group-3,248,248,2588
MAGBENCH_132fec12-271f-4778-93af-042d6ec32a22,MedAgentsBench,Moderate,0.1757,0.0,0.0,0.0,0,0,0,solo,solo,group-3,432,432,3258
MAGBENCH_133,MedAgentsBench,Moderate,0.339,0.0,0.0,0.0,0,0,0,solo,solo,group-3,683,683,3884
MAGBENCH_1332,MedAgentsBench,Simple,0.0117,0.0,0.0,0.0,0,0,0,solo,solo,group-3,188,188,2563
MAGBENCH_1337,MedAgentsBench,Moderate,0.1657,0.0,0.0,0.0,0,0,0,solo,solo,group-3,435,435,2759
MAGBENCH_1338,MedAgentsBench,Moderate,0.159,5.1282,5.1282,0.3782,1,1,1,solo,solo,group-3,195,195,2644
MAGBENCH_133_biomedical_engineer,MedAgentsBench,Simple,0.0257,0.0,0.0,0.0,0,0,0,solo,solo,group-3,199,199,2333
MAGBENCH_133_clinical_laboratory_scientist,MedAgentsBench,Simple,0.0317,8.1301,8.1301,0.3514,1,1,1,solo,solo,group-3,123,123,2846
MAGBENCH_133b6b41-ac32-4d94-b0c8-9004aa2214f4,MedAgentsBench,Simple,0.0177,0.0,0.0,0.0,0,0,0,solo,solo,group-3,88,88,1258
MAGBENCH_133e30cf-e988-44dc-b6ab-6e3eee5f1197,MedAgentsBench,Simple,0.0117,0.0,0.0,0.0,0,0,0,solo,solo,group-3,130,130,2533
MAGBENCH_134,MedAgentsBench,Simple,0.0297,0.0,0.0,0.0,0,0,0,solo,solo,group-3,230,230,2507
MAGBENCH_1340,MedAgentsBench,Simple,0.0097,0.0,0.0,0.0,0,0,0,solo,solo,group-3,152,152,3215
MAGBENCH_1341,MedAgentsBench,Simple,0.0317,0.0,0.0,0.0,0,0,0,solo,solo,group-3,214,214,2714
MAGBENCH_1344,MedAgentsBench,Simple,0.0657,0.0,0.0,0.0,0,0,0,solo,solo,group-3,318,318,2507
MAGBENCH_1345,MedAgentsBench,Simple,0.0137,3.4483,3.4483,0.3766,1,1,1,solo,solo,group-3,290,290,2655
MAGBENCH_1346,MedAgentsBench,Simple,0.0697,0.0,0.0,0.3544,0,0,1,solo,solo,group-3,258,258,2822
MAGBENCH_134_biomedical_engineer,MedAgentsBench,Simple,0.0337,0.0,0.0,0.0,0,0,0,solo,solo,group-3,366,366,2666
MAGBENCH_135,MedAgentsBench,Simple,0.0117,0.0,0.0,0.0,0,0,0,solo,solo,group-3,147,147,2938
MAGBENCH_1351,MedAgentsBench,Moderate,0.1597,3.0211,3.0211,0.3326,1,1,1,solo,solo,group-3,331,331,3007
MAGBENCH_1357,MedAgentsBench,Simple,0.0357,0.0,0.0,0.0,0,0,0,solo,solo,group-3,223,223,2013
MAGBENCH_1359,MedAgentsBench,Simple,0.0197,0.0,0.0,0.3914,0,0,1,solo,solo,group-3,158,158,2555
MAGBENCH_136,MedAgentsBench,Moderate,0.269,1.7361,1.7361,0.0,1,1,0,solo,solo,group-3,576,576,3788
MAGBENCH_1361,MedAgentsBench,Simple,0.0397,4.5455,4.5455,0.0,1,1,0,solo,solo,group-3,220,220,2958
MAGBENCH_1366,MedAgentsBench,Simple,0.0197,0.0,0.0,0.0,0,0,0,solo,solo,group-3,98,98,1049
MAGBENCH_1367,MedAgentsBench,Simple,0.0297,0.0,0.0,0.0,0,0,0,solo,solo,group-3,241,241,1867
MAGBENCH_137,MedAgentsBench,Simple,0.0257,7.0922,7.0922,0.4316,1,1,1,solo,solo,group-3,141,141,2317
MAGBENCH_13775adf-3c9f-46c4-9149-d0a382e24277,MedAgentsBench,Simple,0.0197,4.4843,4.4843,0.427,1,1,1,solo,solo,group-3,223,223,2342
MAGBENCH_137_biomedical_engineer,MedAgentsBench,Simple,0.0317,3.4483,3.4483,0.3654,1,1,1,solo,solo,group-3,290,290,2737
MAGBENCH_138_biomedical_engineer,MedAgentsBench,Simple,0.0277,0.0,0.0,0.0,0,0,0,solo,solo,group-3,164,164,2109
MAGBENCH_139,MedAgentsBench,Simple,0.0517,5.4348,5.4348,0.4031,1,1,1,solo,solo,group-3,184,184,2481
MAGBENCH_139_occupational_therapist,MedAgentsBench,Simple,0.0757,0.0,0.0,0.0,0,0,0,solo,solo,group-3,207,207,2882
MAGBENCH_13_clinical_psychologist,MedAgentsBench,Simple,0.0657,2.8902,2.8902,0.0,1,1,0,solo,solo,group-3,346,346,2809
MAGBENCH_13_speech_pathologist,MedAgentsBench,Simple,0.0257,0.0,0.0,0.0,0,0,0,solo,solo,group-3,289,289,2580
MAGBENCH_140,MedAgentsBench,Simple,0.0317,5.291,5.291,0.3499,1,1,1,solo,solo,group-3,189,189,2858
MAGBENCH_140_biomedical_engineer,MedAgentsBench,Simple,0.0517,0.0,0.0,0.3851,0,0,1,solo,solo,group-3,230,230,2597
MAGBENCH_141,MedAgentsBench,Moderate,0.211,1.938,1.938,0.0,1,1,0,solo,solo,group-3,516,516,3589
MAGBENCH_142,MedAgentsBench,Simple,0.0417,7.1942,7.1942,0.4778,1,1,1,solo,solo,group-3,139,139,2093
MAGBENCH_142_occupational_therapist,MedAgentsBench,Simple,0.0777,6.25,6.25,0.3935,1,1,1,solo,solo,group-3,160,160,2541
MAGBENCH_143,MedAgentsBench,Simple,0.0277,0.0,0.0,0.0,0,0,0,solo,solo,group-3,250,250,2702
MAGBENCH_144,MedAgentsBench,Simple,0.0257,0.0,0.0,0.0,0,0,0,solo,solo,group-3,202,202,2514
MAGBENCH_144_clinical_laboratory_scientist,MedAgentsBench,Simple,0.0297,5.0251,5.0251,0.4167,1,1,1,solo,solo,group-3,199,199,2400
MAGBENCH_145,MedAgentsBench,Complex,0.3884,0.0,0.0,0.2448,0,0,1,solo,solo,group-3,787,787,4085
MAGBENCH_146,MedAgentsBench,Moderate,0.273,0.0,0.0,0.0,0,0,0,solo,solo,group-3,625,625,3870
MAGBENCH_14631523,MedAgentsBench,Complex,0.3717,1.6181,1.6181,0.2568,1,1,1,solo,solo,group-3,618,618,3894
MAGBENCH_14652839,MedAgentsBench,Moderate,0.2797,1.9194,1.9194,0.2697,1,1,1,solo,solo,group-3,521,521,3708
MAGBENCH_14697414,MedAgentsBench,Complex,0.4057,0.3931,1.105,0.2182,1,1,1,group-2,solo,group-3,2544,905,4584
MAGBENCH_146_clinical_laboratory_scientist,MedAgentsBench,Simple,0.0137,4.8309,4.8309,0.3846,1,1,1,solo,solo,group-3,207,207,2600
MAGBENCH_148_clinical_laboratory_scientist,MedAgentsBench,Simple,0.0237,0.0,0.0,0.0,0,0,0,solo,solo,group-3,251,251,2192
MAGBENCH_14_occupational_therapist,MedAgentsBench,Simple,0.0177,0.0,0.0,0.0,0,0,0,solo,solo,group-3,256,256,2354
MAGBENCH_14e05154-05a2-4472-a63e-261d765893ae,MedAgentsBench,Simple,0.0257,0.0,0.0,0.0,0,0,0,solo,solo,group-3,326,326,3025
MAGBENCH_15,MedAgentsBench,Moderate,0.2857,1.7513,1.7513,0.0,1,1,0,solo,solo,group-3,571,571,3770
MAGBENCH_15050326,MedAgentsBench,Complex,0.4057,0.0,1.4514,0.2215,0,1,1,group-2,solo,group-3,2497,689,4515
MAGBENCH_150_occupational_therapist,MedAgentsBench,Simple,0.0317,0.0,0.0,0.0,0,0,0,solo,solo,group-3,247,247,2664
MAGBENCH_152,MedAgentsBench,Moderate,0.2477,0.0,0.0,0.0,0,0,0,solo,solo,group-3,367,367,3240
MAGBENCH_15208005,MedAgentsBench,Complex,0.3737,0.0,0.0,0.0,0,0,0,solo,solo,group-3,537,537,3965
MAGBENCH_153,MedAgentsBench,Complex,0.3637,1.3774,1.3774,0.2361,1,1,1,solo,solo,group-3,726,726,4236
MAGBENCH_153_occupational_therapist,MedAgentsBench,Simple,0.0297,0.0,0.0,0.0,0,0,0,solo,solo,group-3,278,278,2729
MAGBENCH_1546ba77-5320-472a-9b48-ac0a2734f57a,MedAgentsBench,Simple,0.0177,0.0,0.0,0.0,0,0,0,solo,solo,group-3,288,288,2877
MAGBENCH_15488260,MedAgentsBench,Moderate,0.3437,1.7794,1.7794,0.2684,1,1,1,solo,solo,group-3,562,562,3726
MAGBENCH_154_occupational_therapist,MedAgentsBench,Simple,0.0657,0.0,0.0,0.0,0,0,0,solo,solo,group-3,197,197,2473
MAGBENCH_15528969,MedAgentsBench,Complex,0.4057,0.0,1.5361,0.2606,0,1,1,group-2,solo,group-3,2046,651,3837
MAGBENCH_155_occupational_therapist,MedAgentsBench,Simple,0.0517,0.0,0.0,0.0,0,0,0,solo,solo,group-3,208,208,1944
MAGBENCH_156f862e-9e92-4070-b0f0-7beacc93d11b,MedAgentsBench,Simple,0.0237,3.0303,3.0303,0.3852,1,1,1,solo,solo,group-3,330,330,2596
MAGBENCH_157,MedAgentsBench,Moderate,0.1377,1.9157,1.9157,0.3072,1,1,1,solo,solo,group-3,522,522,3255
MAGBENCH_15774570,MedAgentsBench,Complex,0.4057,1.1737,1.5129,0.4647,1,1,1,group-2,solo,group-3,852,661,2152
MAGBENCH_157_clinical_laboratory_scientist,MedAgentsBench,Simple,0.0297,4.4444,4.4444,0.3681,1,1,1,solo,solo,group-3,225,225,2717
MAGBENCH_158,MedAgentsBench,Moderate,0.3177,0.0,0.0,0.0,0,0,0,solo,solo,group-3,683,683,3980
MAGBENCH_158075d9-ce50-4a2c-b201-74b3fea5a513,MedAgentsBench,Simple,0.0317,2.3364,2.3364,0.0,1,1,0,solo,solo,group-3,428,428,2972
MAGBENCH_158_clinical_laboratory_scientist,MedAgentsBench,Simple,0.0137,5.4054,5.4054,0.3827,1,1,1,solo,solo,group-3,185,185,2613
MAGBENCH_15919266,MedAgentsBench,Complex,0.3837,1.7212,1.7212,0.2562,1,1,1,solo,solo,group-3,581,581,3903
MAGBENCH_15995461,MedAgentsBench,Moderate,0.2617,2.3148,2.3148,0.0,1,1,0,solo,solo,group-3,432,432,3409
MAGBENCH_15b83eb8-206b-43e2-a4c4-4ffe3a833f98,MedAgentsBench,Simple,0.0137,0.0,0.0,0.0,0,0,0,solo,solo,group-3,165,165,2292
MAGBENCH_160,MedAgentsBench,Simple,0.0417,7.6923,7.6923,0.4568,1,1,1,solo,solo,group-3,130,130,2189
MAGBENCH_161,MedAgentsBench,Simple,0.0297,0.0,0.0,0.0,0,0,0,solo,solo,group-3,263,263,2715
MAGBENCH_161_clinical_laboratory_scientist,MedAgentsBench,Simple,0.0297,0.0,0.0,0.3751,0,0,1,solo,solo,group-3,276,276,2666
MAGBENCH_16266387,MedAgentsBench,Complex,0.4057,0.0,0.0,0.0,0,0,0,group-2,solo,group-3,2418,771,4394
MAGBENCH_163,MedAgentsBench,Complex,0.3997,0.0,0.0,0.0,0,0,0,solo,solo,group-3,608,608,3917
MAGBENCH_16376460-3aee-4d18-8e7e-73660436d0ec,MedAgentsBench,Simple,0.0257,0.0,0.0,0.0,0,0,0,solo,solo,group-3,228,228,2653
MAGBENCH_16392897,MedAgentsBench,Complex,0.3717,0.0,0.0,0.0,0,0,0,solo,solo,group-3,560,560,3945
MAGBENCH_163_clinical_laboratory_scientist,MedAgentsBench,Simple,0.0377,6.4935,6.4935,0.0,1,1,0,solo,solo,group-3,154,154,2590
MAGBENCH_164,MedAgentsBench,Moderate,0.3537,0.0,0.0,0.2521,0,0,1,solo,solo,group-3,801,801,3967
MAGBENCH_16413ad3-db66-4d30-905b-489baf124bad,MedAgentsBench,Simple,0.0197,4.6083,4.6083,0.3698,1,1,1,solo,solo,group-3,217,217,2704
MAGBENCH_164_occupational_therapist,MedAgentsBench,Simple,0.0357,0.0,0.0,0.0,0,0,0,solo,solo,group-3,221,221,2691
MAGBENCH_165,MedAgentsBench,Simple,0.0297,3.5714,3.5714,0.4257,1,1,1,solo,solo,group-3,280,280,2349
MAGBENCH_16538201,MedAgentsBench,Complex,0.4057,0.0,0.0,0.0,0,0,0,group-2,solo,group-3,2314,678,4239
MAGBENCH_165_clinical_laboratory_scientist,MedAgentsBench,Simple,0.0357,2.7855,2.7855,0.3449,1,1,1,solo,solo,group-3,359,359,2899
MAGBENCH_165c772a-9b32-48fe-b94e-fe949ec9cb9a,MedAgentsBench,Simple,0.0297,0.0,0.0,0.0,0,0,0,solo,solo,group-3,396,396,2911
MAGBENCH_166,MedAgentsBench,Moderate,0.1937,2.6882,2.6882,0.3001,1,1,1,solo,solo,group-3,372,372,3332
MAGBENCH_166_clinical_laboratory_scientist,MedAgentsBench,Simple,0.0377,3.1153,3.1153,0.3214,1,1,1,solo,solo,group-3,321,321,3111
MAGBENCH_16735905,MedAgentsBench,Complex,0.4057,0.0,0.0,0.0,0,0,0,group-2,solo,group-3,2478,785,4484
MAGBENCH_16759fbf-ac94-4ec3-9fde-0702eee3eac5,MedAgentsBench,Simple,0.0237,0.0,0.0,0.0,0,0,0,solo,solo,group-3,179,179,2123
MAGBENCH_16769333,MedAgentsBench,Complex,0.4057,0.0,0.0,0.0,0,0,0,group-2,solo,group-3,2470,620,4473
MAGBENCH_16772913,MedAgentsBench,Complex,0.4057,0.0,0.0,0.2312,0,0,1,group-2,solo,group-3,2372,802,4326
MAGBENCH_16776337,MedAgentsBench,Moderate,0.2437,0.0,0.0,0.2807,0,0,1,solo,solo,group-3,542,542,3563
MAGBENCH_16778275,MedAgentsBench,Moderate,0.3557,1.5337,1.5337,0.2576,1,1,1,solo,solo,group-3,652,652,3882
MAGBENCH_167_occupational_therapist,MedAgentsBench,Simple,0.0337,7.2993,7.2993,0.4165,1,1,1,solo,solo,group-3,137,137,2401
MAGBENCH_16809243,MedAgentsBench,Complex,0.419,0.4931,1.9417,0.2668,1,1,1,group-2,solo,group-3,2028,515,3748
MAGBENCH_16827975,MedAgentsBench,Complex,0.4057,0.0,0.0,0.2123,0,0,1,group-2,solo,group-3,2627,785,4710
MAGBENCH_16962519,MedAgentsBench,Complex,0.4057,0.4638,0.0,0.2499,1,0,1,group-2,solo,group-3,2156,567,4002
MAGBENCH_16971978,MedAgentsBench,Complex,0.419,0.4318,1.4641,0.2357,1,1,1,group-2,solo,group-3,2316,683,4242
MAGBENCH_169_occupational_therapist,MedAgentsBench,Simple,0.0337,0.0,0.0,0.0,0,0,0,solo,solo,group-3,196,196,2375
MAGBENCH_16a4ed7f-088f-4bff-b638-418bad1f9eef,MedAgentsBench,Simple,0.0277,0.0,0.0,0.0,0,0,0,solo,solo,group-3,316,316,2964
MAGBENCH_16b0d12a-6521-4f27-a70f-2726a7a3f6a3,MedAgentsBench,Simple,0.0197,0.0,0.0,0.0,0,0,0,solo,solo,group-3,356,356,3204
MAGBENCH_170,MedAgentsBench,Simple,0.0377,0.0,0.0,0.4019,0,0,1,solo,solo,group-3,260,260,2488
MAGBENCH_17076091,MedAgentsBench,Moderate,0.2797,0.0,0.0,0.0,0,0,0,solo,solo,group-3,562,562,3761
MAGBENCH_170_clinical_laboratory_scientist,MedAgentsBench,Simple,0.0257,0.0,0.0,0.0,0,0,0,solo,solo,group-3,258,258,2221
MAGBENCH_171,MedAgentsBench,Simple,0.0397,6.9444,6.9444,0.8969,1,1,1,solo,solo,group-3,144,144,1115
MAGBENCH_172,MedAgentsBench,Moderate,0.2424,0.0,0.0,0.0,0,0,0,solo,solo,group-3,551,551,3609
MAGBENCH_17208539,MedAgentsBench,Complex,0.4057,0.4344,1.3966,0.237,1,1,1,group-2,solo,group-3,2302,716,4220
MAGBENCH_172_occupational_therapist,MedAgentsBench,Simple,0.0497,0.0,0.0,0.0,0,0,0,solo,solo,group-3,208,208,2615
MAGBENCH_173,MedAgentsBench,Moderate,0.171,0.0,0.0,0.0,0,0,0,solo,solo,group-3,492,492,3274
MAGBENCH_1730e3d6-7a73-4485-bc27-65e8ad61c9bb,MedAgentsBench,Simple,0.0217,0.0,0.0,0.0,0,0,0,solo,solo,group-3,259,259,2318
MAGBENCH_17355582,MedAgentsBench,Complex,0.4057,0.5214,1.9724,0.2743,1,1,1,group-2,solo,group-3,1918,507,3645
MAGBENCH_174,MedAgentsBench,Simple,0.0477,5.0,5.0,0.3965,1,1,1,solo,solo,group-3,200,200,2522
MAGBENCH_17445978,MedAgentsBench,Complex,0.4057,0.41,1.2903,0.2258,1,1,1,group-2,solo,group-3,2439,775,4428
MAGBENCH_175,MedAgentsBench,Simple,0.0917,3.0581,3.0581,0.3804,1,1,1,solo,solo,group-3,327,327,2629
MAGBENCH_175_clinical_laboratory_scientist,MedAgentsBench,Simple,0.0217,4.7619,4.7619,0.3705,1,1,1,solo,solo,group-3,210,210,2699
MAGBENCH_176,MedAgentsBench,Moderate,0.2977,1.6155,1.6155,0.2686,1,1,1,solo,solo,group-3,619,619,3723
MAGBENCH_17691856,MedAgentsBench,Complex,0.4057,0.0,0.0,0.0,0,0,0,group-2,solo,group-3,2292,793,4206
MAGBENCH_179,MedAgentsBench,Complex,0.3577,0.0,0.0,0.0,0,0,0,solo,solo,group-3,706,706,3984
MAGBENCH_179_occupational_therapist,MedAgentsBench,Simple,0.0597,5.0505,5.0505,0.4413,1,1,1,solo,solo,group-3,198,198,2266
MAGBENCH_17cb7e3f-0ca7-4937-a407-76bf9f401143,MedAgentsBench,Simple,0.0997,0.0,0.0,0.0,0,0,0,solo,solo,group-3,400,400,3450
MAGBENCH_18,MedAgentsBench,Moderate,0.3044,1.642,1.642,0.0,1,1,0,solo,solo,group-3,609,609,3845
MAGBENCH_180_occupational_therapist,MedAgentsBench,Simple,0.0537,0.0,0.0,0.0,0,0,0,solo,solo,group-3,168,168,2183
MAGBENCH_181,MedAgentsBench,Simple,0.0377,0.0,0.0,0.0,0,0,0,solo,solo,group-3,230,230,3139
MAGBENCH_18182265,MedAgentsBench,Complex,0.4057,0.0,0.0,0.2342,0,0,1,group-2,solo,group-3,2334,788,4269
MAGBENCH_181_occupational_therapist,MedAgentsBench,Simple,0.0517,0.0,0.0,0.3597,0,0,1,solo,solo,group-3,329,329,2780
MAGBENCH_18222909,MedAgentsBench,Moderate,0.3437,1.634,1.634,0.2465,1,1,1,solo,solo,group-3,612,612,4056
MAGBENCH_18239988,MedAgentsBench,Complex,0.3937,0.0,0.0,0.2275,0,0,1,solo,solo,group-3,774,774,4395
MAGBENCH_18322741,MedAgentsBench,Complex,0.4057,0.0,1.1628,0.0,0,1,0,group-2,solo,group-3,2514,860,4539
MAGBENCH_18378554,MedAgentsBench,Moderate,0.3037,1.7007,1.7007,0.2821,1,1,1,solo,solo,group-3,588,588,3545
MAGBENCH_184,MedAgentsBench,Moderate,0.235,1.7762,1.7762,0.2667,1,1,1,solo,solo,group-3,563,563,3750
MAGBENCH_184_occupational_therapist,MedAgentsBench,Simple,0.049,0.0,0.0,0.0,0,0,0,solo,solo,group-3,353,353,2994
MAGBENCH_18507507,MedAgentsBench,Complex,0.4057,0.5192,0.0,0.2734,1,0,1,group-2,solo,group-3,1926,387,3657
MAGBENCH_18570208,MedAgentsBench,Complex,0.3857,1.4903,1.4903,0.246,1,1,1,solo,solo,group-3,671,671,4065
MAGBENCH_18594195,MedAgentsBench,Complex,0.4057,0.5171,1.7794,0.2726,1,1,1,group-2,solo,group-3,1934,562,3669
MAGBENCH_185_clinical_laboratory_scientist,MedAgentsBench,Simple,0.0217,4.7847,4.7847,0.3574,1,1,1,solo,solo,group-3,209,209,2798
MAGBENCH_185c4942-7886-4e49-b242-6634e83b0efb,MedAgentsBench,Simple,0.0277,0.0,0.0,0.0,0,0,0,solo,solo,group-3,357,357,2490
MAGBENCH_186_clinical_laboratory_scientist,MedAgentsBench,Simple,0.0297,0.0,0.0,0.3444,0,0,1,solo,solo,group-3,342,342,2904
MAGBENCH_187,MedAgentsBench,Moderate,0.133,5.3476,5.3476,0.3441,1,1,1,solo,solo,group-3,187,187,2906
MAGBENCH_18714572,MedAgentsBench,Complex,0.4057,0.0,0.0,0.0,0,0,0,group-2,solo,group-3,2274,781,4179
MAGBENCH_188_clinical_laboratory_scientist,MedAgentsBench,Simple,0.0257,0.0,0.0,0.0,0,0,0,solo,solo,group-3,175,175,2787
MAGBENCH_189,MedAgentsBench,Simple,0.0317,7.2993,7.2993,0.4095,1,1,1,solo,solo,group-3,137,137,2442
MAGBENCH_18926458,MedAgentsBench,Complex,0.407,0.0,1.5015,0.2475,0,1,1,group-2,solo,group-3,2188,666,4041
MAGBENCH_18928979,MedAgentsBench,Moderate,0.3337,1.6639,1.6639,0.0,1,1,0,solo,solo,group-3,601,601,3855
MAGBENCH_18_biomedical_engineer,MedAgentsBench,Simple,0.0357,0.0,0.0,0.0,0,0,0,solo,solo,group-3,259,259,2061
MAGBENCH_18_occupational_therapist,MedAgentsBench,Simple,0.0217,0.0,0.0,0.5206,0,0,1,solo,solo,group-3,180,180,1921
MAGBENCH_18fad4532780a441877ef7a155b05821f43af0ac894e5c98ff8d46102d0074b1,MedAgentsBench,Simple,0.0704,0.0,0.0,0.0,0,0,0,solo,solo,group-3,372,372,3276
MAGBENCH_190,MedAgentsBench,Simple,0.0237,0.0,0.0,0.0,0,0,0,solo,solo,group-3,289,289,2728
MAGBENCH_190_clinical_laboratory_scientist,MedAgentsBench,Simple,0.0217,0.0,0.0,0.0,0,0,0,solo,solo,group-3,358,358,3094
MAGBENCH_191,MedAgentsBench,Moderate,0.1197,2.6247,2.6247,0.3107,1,1,1,solo,solo,group-3,381,381,3219
MAGBENCH_19106867,MedAgentsBench,Moderate,0.2057,0.0,0.0,0.0,0,0,0,solo,solo,group-3,408,408,3265
MAGBENCH_19108857,MedAgentsBench,Complex,0.3884,0.0,0.0,0.0,0,0,0,solo,solo,group-3,629,629,4058
MAGBENCH_1911fe8f86a3a041d4705404cbccf2bd1ffc4c4b8b74c8651a7ce23c9e4a539e,MedAgentsBench,Simple,0.0197,0.0,0.0,0.0,0,0,0,solo,solo,group-3,224,224,2346
MAGBENCH_19142546,MedAgentsBench,Complex,0.4057,0.4214,0.0,0.231,1,0,1,group-2,solo,group-3,2373,631,4329
MAGBENCH_192,MedAgentsBench,Simple,0.0317,0.0,0.0,0.0,0,0,0,solo,solo,group-3,349,349,2945
MAGBENCH_19237087,MedAgentsBench,Complex,0.3637,1.642,1.642,0.2617,1,1,1,solo,solo,group-3,609,609,3821
MAGBENCH_193,MedAgentsBench,Moderate,0.1477,0.0,0.0,0.0,0,0,0,solo,solo,group-3,443,443,3284
MAGBENCH_19302863,MedAgentsBench,Complex,0.4057,0.0,0.0,0.0,0,0,0,group-2,solo,group-3,2436,769,4422
MAGBENCH_19351635,MedAgentsBench,Complex,0.4057,0.0,0.0,0.0,0,0,0,group-2,solo,group-3,2568,847,4620
MAGBENCH_193_clinical_laboratory_scientist,MedAgentsBench,Simple,0.0277,0.0,0.0,0.0,0,0,0,solo,solo,group-3,219,219,2480
MAGBENCH_19430778,MedAgentsBench,Complex,0.419,0.0,1.3123,0.0,0,1,0,group-2,solo,group-3,2407,762,4380
MAGBENCH_195,MedAgentsBench,Moderate,0.2297,1.8416,1.8416,0.3073,1,1,1,solo,solo,group-3,543,543,3254
MAGBENCH_19567e6c-e0f7-4201-816d-23b58786f586,MedAgentsBench,Simple,0.0497,0.0,0.0,0.3245,0,0,1,solo,solo,group-3,281,281,3082
MAGBENCH_19578820,MedAgentsBench,Complex,0.4057,0.0,0.0,0.0,0,0,0,group-2,solo,group-3,2132,591,3966
MAGBENCH_195_clinical_laboratory_scientist,MedAgentsBench,Simple,0.0617,3.0488,3.0488,0.3833,1,1,1,solo,solo,group-3,328,328,2609
MAGBENCH_196_clinical_laboratory_scientist,MedAgentsBench,Simple,0.0457,0.0,0.0,0.0,0,0,0,solo,solo,group-3,282,282,2650
MAGBENCH_197,MedAgentsBench,Simple,0.0517,0.0,0.0,0.0,0,0,0,solo,solo,group-3,208,208,2710
MAGBENCH_197_clinical_laboratory_scientist,MedAgentsBench,Simple,0.0377,7.3529,7.3529,0.4272,1,1,1,solo,solo,group-3,136,136,2341
MAGBENCH_198,MedAgentsBench,Simple,0.0197,7.3529,7.3529,0.3888,1,1,1,solo,solo,group-3,136,136,2572
MAGBENCH_199_clinical_laboratory_scientist,MedAgentsBench,Simple,0.0297,6.5359,6.5359,0.3638,1,1,1,solo,solo,group-3,153,153,2749
MAGBENCH_19_clinical_psychologist,MedAgentsBench,Simple,0.0377,0.0,0.0,0.0,0,0,0,solo,solo,group-3,370,370,2411
MAGBENCH_19_occupational_therapist,MedAgentsBench,Simple,0.0884,3.5971,3.5971,0.3258,1,1,1,solo,solo,group-3,278,278,3069
MAGBENCH_1_clinical_psychologist,MedAgentsBench,Simple,0.0637,5.848,5.848,0.4523,1,1,1,solo,solo,group-3,171,171,2211
MAGBENCH_1a29fc79-3d2d-40a4-82ca-0f2860d9958a,MedAgentsBench,Simple,0.0357,0.0,0.0,0.0,0,0,0,solo,solo,group-3,332,332,3147
MAGBENCH_1a3ceadc-b414-43e2-a674-bf52546b7d89,MedAgentsBench,Simple,0.0197,6.0976,6.0976,0.3675,1,1,1,solo,solo,group-3,164,164,2721
MAGBENCH_1aae91949313b7e4ccf71d047c7f7613b39a1c7793ed45d7bac0cd1a1605f615,MedAgentsBench,Simple,0.0297,0.0,0.0,0.0,0,0,0,solo,solo,group-3,358,358,3178
MAGBENCH_1af1e2c3fac36ae2c1fd1c4b35407a9bd371a3d174ef3f0a40f07f677483c380,MedAgentsBench,Simple,0.0257,0.0,0.0,0.0,0,0,0,solo,solo,group-3,392,392,3202
MAGBENCH_1badc5bb-d61a-48ea-9288-3754612f74a5,MedAgentsBench,Simple,0.0437,0.0,0.0,0.4852,0,0,1,solo,solo,group-3,207,207,2061
MAGBENCH_1bf69f9a-987c-48fc-9356-d62d2148c3a6,MedAgentsBench,Simple,0.0177,3.3113,3.3113,0.0,1,1,0,solo,solo,group-3,302,302,2644
MAGBENCH_1c392503-537c-4926-a3bc-3daf8ddefeb3,MedAgentsBench,Simple,0.0417,0.0,0.0,0.0,0,0,0,solo,solo,group-3,356,356,3014
MAGBENCH_1cecd58f-d0c8-446a-adf8-d07dd796ec0e,MedAgentsBench,Simple,0.0197,0.0,0.0,0.0,0,0,0,solo,solo,group-3,306,306,2357
MAGBENCH_1cf99105-7487-4c44-8c8b-8f8caa90225c,MedAgentsBench,Simple,0.0337,3.2051,3.2051,0.4034,1,1,1,solo,solo,group-3,312,312,2479
MAGBENCH_1e6928e0-01e6-4346-8ea7-25cecbb99932,MedAgentsBench,Simple,0.0177,5.0,5.0,0.3614,1,1,1,solo,solo,group-3,200,200,2767
MAGBENCH_1e9be6b2-83f1-44ff-8491-077a14501d6e,MedAgentsBench,Simple,0.0117,4.9261,4.9261,0.4446,1,1,1,solo,solo,group-3,203,203,2249
MAGBENCH_1ec93a8b-e2dd-4468-bee1-74100f803516,MedAgentsBench,Simple,0.0917,2.5974,2.5974,0.3486,1,1,1,solo,solo,group-3,385,385,2869
MAGBENCH_1f253e11-f50e-40f8-a36a-16101d47d319,MedAgentsBench,Simple,0.0197,5.988,5.988,0.4859,1,1,1,solo,solo,group-3,167,167,2058
MAGBENCH_1f3ebc9657ccc95dabcc68b1e7874941399d201a50c6ba5fb56cee84ac3ab621,MedAgentsBench,Moderate,0.1857,0.0,0.0,0.0,0,0,0,solo,solo,group-3,507,507,3466
MAGBENCH_1f473717-d2b8-489e-969e-be0de6c30e86,MedAgentsBench,Simple,0.0297,4.0816,4.0816,0.3509,1,1,1,solo,solo,group-3,245,245,2850
MAGBENCH_1fc80d00-8929-4d18-9f07-25d005ceec59,MedAgentsBench,Simple,0.0297,0.0,0.0,0.0,0,0,0,solo,solo,group-3,295,295,2958
MAGBENCH_1ff979ad-8930-4ea2-9176-9975e626b233,MedAgentsBench,Simple,0.0337,4.5455,4.5455,0.347,1,1,1,solo,solo,group-3,220,220,2882
MAGBENCH_2,MedAgentsBench,Moderate,0.2737,0.0,0.0,0.2437,0,0,1,solo,solo,group-3,724,724,4104
MAGBENCH_20,MedAgentsBench,Moderate,0.2617,0.0,0.0,0.0,0,0,0,solo,solo,group-3,589,589,3470
MAGBENCH_200_clinical_laboratory_scientist,MedAgentsBench,Simple,0.0217,11.1111,11.1111,0.5855,1,1,1,solo,solo,group-3,90,90,1708
MAGBENCH_201,MedAgentsBench,Moderate,0.349,0.0,0.0,0.0,0,0,0,solo,solo,group-3,553,553,3933
MAGBENCH_20297950,MedAgentsBench,Complex,0.4057,0.0,0.0,0.0,0,0,0,group-2,solo,group-3,2775,825,4932
MAGBENCH_202_clinical_laboratory_scientist,MedAgentsBench,Simple,0.0137,8.7719,8.7719,0.3818,1,1,1,solo,solo,group-3,114,114,2619
MAGBENCH_20306735,MedAgentsBench,Complex,0.4057,0.0,0.0,0.0,0,0,0,group-2,solo,group-3,2370,700,4323
MAGBENCH_20445700-6fe0-4e44-b27c-561d580c5ea9,MedAgentsBench,Simple,0.0217,0.0,0.0,0.0,0,0,0,solo,solo,group-3,293,293,3059
MAGBENCH_205,MedAgentsBench,Moderate,0.301,0.0,0.0,0.0,0,0,0,solo,solo,group-3,676,676,3821
MAGBENCH_20577124,MedAgentsBench,Complex,0.4057,0.0,1.3477,0.2315,0,1,1,group-2,solo,group-3,2368,742,4320
MAGBENCH_205_clinical_laboratory_scientist,MedAgentsBench,Simple,0.0297,7.6923,7.6923,0.5513,1,1,1,solo,solo,group-3,130,130,1814
MAGBENCH_20602784,MedAgentsBench,Moderate,0.3557,0.0,0.0,0.0,0,0,0,solo,solo,group-3,428,428,3876
MAGBENCH_20736887,MedAgentsBench,Complex,0.4057,0.3785,1.1086,0.2113,1,1,1,group-2,solo,group-3,2642,902,4733
MAGBENCH_209_clinical_laboratory_scientist,MedAgentsBench,Moderate,0.1057,4.0161,4.0161,0.3419,1,1,1,solo,solo,group-3,249,249,2925
MAGBENCH_20_clinical_laboratory_scientist,MedAgentsBench,Simple,0.0337,0.0,0.0,0.0,0,0,0,solo,solo,group-3,238,238,2153
MAGBENCH_20_speech_pathologist,MedAgentsBench,Simple,0.0277,0.0,0.0,0.0,0,0,0,solo,solo,group-3,172,172,2668
MAGBENCH_20c4de15-f187-4a56-941f-0aa7bc2702ba,MedAgentsBench,Moderate,0.1164,0.0,0.0,0.0,0,0,0,solo,solo,group-3,384,384,3019
MAGBENCH_20cbdec0-d488-4dcf-9630-2707c948390a,MedAgentsBench,Simple,0.0257,0.0,0.0,0.0,0,0,0,solo,solo,group-3,309,309,2836
MAGBENCH_210,MedAgentsBench,Simple,0.0257,0.0,0.0,0.0,0,0,0,solo,solo,group-3,162,162,2494
MAGBENCH_210_clinical_laboratory_scientist,MedAgentsBench,Simple,0.0337,0.0,0.0,0.0,0,0,0,solo,solo,group-3,271,271,2726
MAGBENCH_211,MedAgentsBench,Complex,0.4057,0.0,0.0,0.0,0,0,0,group-2,solo,group-3,2374,779,4206
MAGBENCH_212,MedAgentsBench,Simple,0.0397,5.2632,5.2632,0.3606,1,1,1,solo,solo,group-3,190,190,2773
MAGBENCH_21228436,MedAgentsBench,Moderate,0.3557,2.3364,2.3364,0.2838,1,1,1,solo,solo,group-3,428,428,3523
MAGBENCH_21252642,MedAgentsBench,Complex,0.3717,1.8484,1.8484,0.2874,1,1,1,solo,solo,group-3,541,541,3480
MAGBENCH_21361755,MedAgentsBench,Complex,0.419,0.3662,1.171,0.2055,1,1,1,group-2,solo,group-3,2731,854,4867
MAGBENCH_213_clinical_laboratory_scientist,MedAgentsBench,Simple,0.0557,0.0,0.0,0.0,0,0,0,solo,solo,group-3,230,230,2683
MAGBENCH_214,MedAgentsBench,Simple,0.0657,5.4348,5.4348,0.4239,1,1,1,solo,solo,group-3,184,184,2359
MAGBENCH_21420186,MedAgentsBench,Complex,0.4057,0.0,0.0,0.0,0,0,0,group-2,solo,group-3,2380,789,4338
MAGBENCH_21481154,MedAgentsBench,Complex,0.4057,0.0,0.0,0.0,0,0,0,group-2,solo,group-3,2144,685,3984
MAGBENCH_215_clinical_laboratory_scientist,MedAgentsBench,Simple,0.0277,4.2373,4.2373,0.3374,1,1,1,solo,solo,group-3,236,236,2964
MAGBENCH_21645374,MedAgentsBench,Complex,0.4057,0.0,1.2516,0.0,0,1,0,group-2,solo,group-3,2440,799,4428
MAGBENCH_2166e021-8b96-47ad-9e4d-fa55a623938b,MedAgentsBench,Simple,0.0557,0.0,0.0,0.0,0,0,0,solo,solo,group-3,413,413,3044
MAGBENCH_21712147,MedAgentsBench,Complex,0.4057,0.3862,1.2107,0.2149,1,1,1,group-2,solo,group-3,2589,826,4653
MAGBENCH_21845457,MedAgentsBench,Complex,0.4057,0.0,0.0,0.0,0,0,0,group-2,solo,group-3,2152,526,3996
MAGBENCH_2188b78d-3d75-48d8-b072-5fa0ba00ea1b,MedAgentsBench,Simple,0.0417,0.0,0.0,0.0,0,0,0,solo,solo,group-3,324,324,2784
MAGBENCH_218_clinical_laboratory_scientist,MedAgentsBench,Simple,0.0317,3.2468,3.2468,0.3638,1,1,1,solo,solo,group-3,308,308,2749
MAGBENCH_219,MedAgentsBench,Moderate,0.3497,0.0,0.0,0.0,0,0,0,solo,solo,group-3,574,574,3855
MAGBENCH_21946341,MedAgentsBench,Complex,0.4057,0.4193,1.3717,0.2301,1,1,1,group-2,solo,group-3,2385,729,4346
MAGBENCH_21952349,MedAgentsBench,Complex,0.3597,0.0,0.0,0.0,0,0,0,solo,solo,group-3,644,644,4038
MAGBENCH_219_clinical_laboratory_scientist,MedAgentsBench,Simple,0.0497,3.2154,3.2154,0.3626,1,1,1,solo,solo,group-3,311,311,2758
MAGBENCH_21_biomedical_engineer,MedAgentsBench,Simple,0.0297,0.0,0.0,0.0,0,0,0,solo,solo,group-3,191,191,2146
MAGBENCH_21_occupational_therapist,MedAgentsBench,Simple,0.0557,0.0,0.0,0.0,0,0,0,solo,solo,group-3,183,183,2534
MAGBENCH_21d61ebe-1fce-4629-b499-37b681908cc0,MedAgentsBench,Simple,0.0477,0.0,0.0,0.0,0,0,0,solo,solo,group-3,388,388,3291
MAGBENCH_220,MedAgentsBench,Simple,0.0277,6.3694,6.3694,0.5311,1,1,1,solo,solo,group-3,157,157,1883
MAGBENCH_22011946,MedAgentsBench,Complex,0.4057,0.4037,1.3812,0.223,1,1,1,group-2,solo,group-3,2477,724,4485
MAGBENCH_22023714,MedAgentsBench,Complex,0.419,0.4617,1.7637,0.2489,1,1,1,group-2,solo,group-3,2166,567,4018
MAGBENCH_2206080a-db6e-484e-a1da-7776cfbfb907,MedAgentsBench,Simple,0.0377,0.0,0.0,0.0,0,0,0,solo,solo,group-3,257,257,2810
MAGBENCH_22075911,MedAgentsBench,Complex,0.4057,0.0,1.6502,0.2453,0,1,1,group-2,solo,group-3,2206,606,4077
MAGBENCH_220_clinical_laboratory_scientist,MedAgentsBench,Simple,0.0297,0.0,0.0,0.0,0,0,0,solo,solo,group-3,305,305,2573
MAGBENCH_221_clinical_laboratory_scientist,MedAgentsBench,Simple,0.0377,3.3113,3.3113,0.3244,1,1,1,solo,solo,group-3,302,302,3083
MAGBENCH_222,MedAgentsBench,Simple,0.0337,2.7855,2.7855,0.388,1,1,1,solo,solo,group-3,359,359,2577
MAGBENCH_223,MedAgentsBench,Moderate,0.227,0.0,0.0,0.0,0,0,0,solo,solo,group-3,491,491,3477
MAGBENCH_22348433,MedAgentsBench,Complex,0.3757,1.675,1.675,0.2672,1,1,1,solo,solo,group-3,597,597,3743
MAGBENCH_22382608,MedAgentsBench,Complex,0.4057,0.3408,0.92,0.1935,1,1,1,group-2,solo,group-3,2934,1087,5169
MAGBENCH_224_clinical_laboratory_scientist,MedAgentsBench,Simple,0.0277,3.8911,3.8911,0.3588,1,1,1,solo,solo,group-3,257,257,2787
MAGBENCH_22522271,MedAgentsBench,Moderate,0.3277,1.5015,1.5015,0.2434,1,1,1,solo,solo,group-3,666,666,4108
MAGBENCH_22532370,MedAgentsBench,Moderate,0.2657,1.7331,1.7331,0.2597,1,1,1,solo,solo,group-3,577,577,3851
MAGBENCH_22537902,MedAgentsBench,Complex,0.4057,0.4163,1.321,0.0,1,1,0,group-2,solo,group-3,2402,757,4371
MAGBENCH_226,MedAgentsBench,Simple,0.0317,7.7519,7.7519,0.4407,1,1,1,solo,solo,group-3,129,129,2269
MAGBENCH_22668852,MedAgentsBench,Complex,0.4324,0.4608,1.4641,0.2491,1,1,1,group-2,solo,group-3,2170,683,4015
MAGBENCH_22758782,MedAgentsBench,Complex,0.4057,0.4196,1.6103,0.2302,1,1,1,group-2,solo,group-3,2383,621,4344
MAGBENCH_228,MedAgentsBench,Complex,0.459,0.3968,1.1962,0.2198,1,1,1,group-2,solo,group-3,2520,836,4550
MAGBENCH_229,MedAgentsBench,Moderate,0.339,0.0,0.0,0.0,0,0,0,solo,solo,group-3,785,785,4247
MAGBENCH_229_clinical_laboratory_scientist,MedAgentsBench,Simple,0.0257,7.2993,7.2993,0.3658,1,1,1,solo,solo,group-3,137,137,2734
MAGBENCH_22_biomedical_engineer,MedAgentsBench,Simple,0.0197,2.994,2.994,0.3358,1,1,1,solo,solo,group-3,334,334,2978
MAGBENCH_22b67281-ec00-460f-8b87-52474874ac6d,MedAgentsBench,Simple,0.0377,3.0488,3.0488,0.3122,1,1,1,solo,solo,group-3,328,328,3203
MAGBENCH_22f37095-b0aa-4603-a72d-8594c37b6f7e,MedAgentsBench,Simple,0.0197,0.0,0.0,0.0,0,0,0,solo,solo,group-3,251,251,2853
MAGBENCH_230,MedAgentsBench,Moderate,0.169,1.9724,1.9724,0.2849,1,1,1,solo,solo,group-3,507,507,3510
MAGBENCH_231,MedAgentsBench,Simple,0.0297,7.7519,7.7519,0.4006,1,1,1,solo,solo,group-3,129,129,2496
MAGBENCH_23177368,MedAgentsBench,Moderate,0.2957,1.9048,1.9048,0.278,1,1,1,solo,solo,group-3,525,525,3597
MAGBENCH_232_clinical_laboratory_scientist,MedAgentsBench,Simple,0.0197,2.8409,2.8409,0.3535,1,1,1,solo,solo,group-3,352,352,2829
MAGBENCH_233443b2-7059-4f82-a321-2b4e1f61733a,MedAgentsBench,Simple,0.0197,5.102,5.102,0.3347,1,1,1,solo,solo,group-3,196,196,2988
MAGBENCH_23359100,MedAgentsBench,Moderate,0.3137,1.5898,1.5898,0.0,1,1,0,solo,solo,group-3,629,629,3957
MAGBENCH_23375036,MedAgentsBench,Moderate,0.2477,1.4948,1.4948,0.0,1,1,0,solo,solo,group-3,669,669,3820
MAGBENCH_234,MedAgentsBench,Moderate,0.1977,2.2523,2.2523,0.3376,1,1,1,solo,solo,group-3,444,444,2962
MAGBENCH_23495128,MedAgentsBench,Complex,0.419,0.0,0.0,0.0,0,0,0,group-2,solo,group-3,2046,418,3837
MAGBENCH_23497210,MedAgentsBench,Complex,0.4057,0.3705,1.0787,0.2076,1,1,1,group-2,solo,group-3,2699,927,4818
MAGBENCH_234_clinical_laboratory_scientist,MedAgentsBench,Simple,0.0397,3.9841,3.9841,0.3697,1,1,1,solo,solo,group-3,251,251,2705
MAGBENCH_235,MedAgentsBench,Moderate,0.323,0.0,0.0,0.0,0,0,0,solo,solo,group-3,594,594,3813
MAGBENCH_23539689,MedAgentsBench,Moderate,0.265,0.0,0.0,0.0,0,0,0,solo,solo,group-3,396,396,3644
MAGBENCH_236,MedAgentsBench,Moderate,0.2857,0.0,0.0,0.0,0,0,0,solo,solo,group-3,611,611,3909
MAGBENCH_23677366,MedAgentsBench,Complex,0.4057,0.3805,1.0941,0.2123,1,1,1,group-2,solo,group-3,2628,914,4710
MAGBENCH_23690198,MedAgentsBench,Complex,0.419,0.0,0.0,0.0,0,0,0,group-2,solo,group-3,2377,753,4335
MAGBENCH_237,MedAgentsBench,Moderate,0.3297,1.6639,1.6639,0.258,1,1,1,solo,solo,group-3,601,601,3876
MAGBENCH_238,MedAgentsBench,Moderate,0.2297,1.938,1.938,0.0,1,1,0,solo,solo,group-3,516,516,3095
MAGBENCH_23870157,MedAgentsBench,Complex,0.419,0.0,1.5221,0.2396,0,1,1,group-2,solo,group-3,2270,657,4173
MAGBENCH_239,MedAgentsBench,Moderate,0.3557,1.5083,1.5083,0.2696,1,1,1,solo,solo,group-3,663,663,3709
MAGBENCH_23916653,MedAgentsBench,Complex,0.4057,0.0,0.0,0.0,0,0,0,group-2,solo,group-3,2388,684,4350
MAGBENCH_23927949-66b8-412b-86ec-8e174fe4ddaf,MedAgentsBench,Simple,0.0277,0.0,0.0,0.0,0,0,0,solo,solo,group-3,396,396,3064
MAGBENCH_23949294,MedAgentsBench,Complex,0.4057,0.0,0.0,0.0,0,0,0,group-2,solo,group-3,2216,687,4093
MAGBENCH_239_clinical_laboratory_scientist,MedAgentsBench,Simple,0.0337,5.7143,5.7143,0.4277,1,1,1,solo,solo,group-3,175,175,2338
MAGBENCH_23e4f458-0d08-4562-8a80-4b5a1a1df64f,MedAgentsBench,Simple,0.0857,2.8169,2.8169,0.3154,1,1,1,solo,solo,group-3,355,355,3171
MAGBENCH_240,MedAgentsBench,Complex,0.3584,1.5337,1.5337,0.2672,1,1,1,solo,solo,group-3,652,652,3743
MAGBENCH_24073931,MedAgentsBench,Complex,0.419,0.3675,0.0,0.2061,1,0,1,group-2,solo,group-3,2721,890,4851
MAGBENCH_241,MedAgentsBench,Moderate,0.3564,0.0,0.0,0.0,0,0,0,solo,solo,group-3,628,628,3986
MAGBENCH_242d1a23-0032-4565-99cc-ebf7d8fc54aa,MedAgentsBench,Simple,0.0157,0.0,0.0,0.0,0,0,0,solo,solo,group-3,400,400,3234
MAGBENCH_243,MedAgentsBench,Moderate,0.2324,0.0,0.0,0.0,0,0,0,solo,solo,group-3,532,532,3603
MAGBENCH_24340838,MedAgentsBench,Complex,0.419,0.0,1.3755,0.2313,0,1,1,group-2,solo,group-3,2369,727,4323
MAGBENCH_24449622,MedAgentsBench,Complex,0.419,0.0,1.3175,0.0,0,1,0,group-2,solo,group-3,2184,759,4044
MAGBENCH_24481006,MedAgentsBench,Moderate,0.3537,1.7094,1.7094,0.2684,1,1,1,solo,solo,group-3,585,585,3726
MAGBENCH_245,MedAgentsBench,Moderate,0.233,1.7857,1.7857,0.0,1,1,0,solo,solo,group-3,560,560,3633
MAGBENCH_24591144,MedAgentsBench,Complex,0.4057,0.0,0.0,0.0,0,0,0,group-2,solo,group-3,2326,647,4257
MAGBENCH_245_clinical_laboratory_scientist,MedAgentsBench,Simple,0.0437,4.6948,4.6948,0.3896,1,1,1,solo,solo,group-3,213,213,2567
MAGBENCH_24625433,MedAgentsBench,Complex,0.4057,0.4314,1.3423,0.0,1,1,0,group-2,solo,group-3,2318,745,4245
MAGBENCH_24669960,MedAgentsBench,Complex,0.419,0.423,1.3193,0.2323,1,1,1,group-2,solo,group-3,2364,758,4304
MAGBENCH_24698298,MedAgentsBench,Complex,0.4324,0.3978,1.2853,0.2203,1,1,1,group-2,solo,group-3,2514,778,4539
MAGBENCH_246_clinical_laboratory_scientist,MedAgentsBench,Simple,0.0437,5.1813,5.1813,0.4032,1,1,1,solo,solo,group-3,193,193,2480
MAGBENCH_24809662,MedAgentsBench,Complex,0.4057,0.4016,1.3495,0.222,1,1,1,group-2,solo,group-3,2490,741,4504
MAGBENCH_24c43902-b574-4f4a-8bb8-6f5a9d5c4880,MedAgentsBench,Simple,0.0197,0.0,0.0,0.0,0,0,0,solo,solo,group-3,346,346,1534
MAGBENCH_24def2ac-27df-4d80-9792-fc5708a94153,MedAgentsBench,Simple,0.0237,4.878,4.878,0.3992,1,1,1,solo,solo,group-3,205,205,2505
MAGBENCH_25,MedAgentsBench,Simple,0.0937,2.4752,2.4752,0.3216,1,1,1,solo,solo,group-3,404,404,3109
MAGBENCH_25007420,MedAgentsBench,Complex,0.3997,0.0,0.0,0.0,0,0,0,solo,solo,group-3,641,641,3801
MAGBENCH_25027d40-3f29-40e0-a29b-23bd913f2152,MedAgentsBench,Simple,0.0297,0.0,0.0,0.4421,0,0,1,solo,solo,group-3,285,285,2262
MAGBENCH_251,MedAgentsBench,Moderate,0.1257,0.0,0.0,0.0,0,0,0,solo,solo,group-3,451,451,3046
MAGBENCH_252,MedAgentsBench,Moderate,0.3437,1.7794,1.7794,0.0,1,1,0,solo,solo,group-3,562,562,3707
MAGBENCH_25280365,MedAgentsBench,Complex,0.4057,0.0,0.0,0.0,0,0,0,group-2,solo,group-3,2136,660,3971
MAGBENCH_253,MedAgentsBench,Moderate,0.311,0.0,0.0,0.0,0,0,0,solo,solo,group-3,733,733,3686
MAGBENCH_253_clinical_laboratory_scientist,MedAgentsBench,Simple,0.0417,0.0,0.0,0.0,0,0,0,solo,solo,group-3,317,317,2638
MAGBENCH_25499207,MedAgentsBench,Complex,0.4324,0.0,1.1416,0.2149,0,1,1,group-2,solo,group-3,2590,876,4653
MAGBENCH_255,MedAgentsBench,Simple,0.0957,2.5641,2.5641,0.3121,1,1,1,solo,solo,group-3,390,390,3204
MAGBENCH_25503376,MedAgentsBench,Complex,0.4057,0.392,1.2438,0.2176,1,1,1,group-2,solo,group-3,2551,804,4596
MAGBENCH_256,MedAgentsBench,Moderate,0.1897,2.381,2.381,0.3008,1,1,1,solo,solo,group-3,420,420,3324
MAGBENCH_25669733,MedAgentsBench,Complex,0.4057,0.0,1.4641,0.2361,0,1,1,group-2,solo,group-3,2312,683,4236
MAGBENCH_25675614,MedAgentsBench,Complex,0.4057,0.0,0.0,0.0,0,0,0,group-2,solo,group-3,2229,650,4113
MAGBENCH_25699562,MedAgentsBench,Moderate,0.3237,1.7483,1.7483,0.2764,1,1,1,solo,solo,group-3,572,572,3618
MAGBENCH_257,MedAgentsBench,Moderate,0.1817,0.0,0.0,0.2804,0,0,1,solo,solo,group-3,559,559,3566
MAGBENCH_25756710,MedAgentsBench,Complex,0.4057,0.0,1.3569,0.0,0,1,0,group-2,solo,group-3,2495,737,4512
MAGBENCH_258,MedAgentsBench,Complex,0.411,0.4695,0.0,0.0,1,0,0,group-2,solo,group-3,2130,649,3894
MAGBENCH_25986020,MedAgentsBench,Complex,0.4057,0.463,1.506,0.0,1,1,0,group-2,solo,group-3,2160,664,4008
MAGBENCH_25_biomedical_engineer,MedAgentsBench,Simple,0.0497,5.2083,5.2083,0.5747,1,1,1,solo,solo,group-3,192,192,1740
MAGBENCH_25_clinical_laboratory_scientist,MedAgentsBench,Simple,0.0277,3.1056,3.1056,0.3654,1,1,1,solo,solo,group-3,322,322,2737
MAGBENCH_25a045ae-9cab-40c2-aaae-d890d4015eae,MedAgentsBench,Simple,0.0117,0.0,0.0,0.0,0,0,0,solo,solo,group-3,208,208,2583
MAGBENCH_25ad5741-fdb7-49d7-b985-aa021e70a967,MedAgentsBench,Simple,0.0477,0.0,0.0,0.0,0,0,0,solo,solo,group-3,140,140,2522
MAGBENCH_25c67dc6-f8bd-4ef4-ac07-6ae8a02e0412,MedAgentsBench,Simple,0.041,0.0,0.0,0.0,0,0,0,solo,solo,group-3,362,362,2861
MAGBENCH_26,MedAgentsBench,Moderate,0.223,2.045,2.045,0.282,1,1,1,solo,solo,group-3,489,489,3546
MAGBENCH_261,MedAgentsBench,Moderate,0.3424,0.0,0.0,0.0,0,0,0,solo,solo,group-3,702,702,3810
MAGBENCH_261_clinical_laboratory_scientist,MedAgentsBench,Simple,0.0297,7.5758,7.5758,0.3874,1,1,1,solo,solo,group-3,132,132,2581
MAGBENCH_262,MedAgentsBench,Moderate,0.2597,0.0,0.0,0.0,0,0,0,solo,solo,group-3,637,637,3733
MAGBENCH_26215326,MedAgentsBench,Complex,0.4057,0.0,1.4306,0.2389,0,1,1,group-2,solo,group-3,2278,699,4186
MAGBENCH_26460153,MedAgentsBench,Complex,0.4057,0.0,0.0,0.2453,0,0,1,group-2,solo,group-3,2206,602,4077
MAGBENCH_264_clinical_laboratory_scientist,MedAgentsBench,Simple,0.0317,0.0,0.0,0.0,0,0,0,solo,solo,group-3,352,352,2644
MAGBENCH_265,MedAgentsBench,Moderate,0.3464,1.5432,1.5432,0.0,1,1,0,solo,solo,group-3,648,648,3825
MAGBENCH_266,MedAgentsBench,Moderate,0.3457,0.0,0.0,0.2546,0,0,1,solo,solo,group-3,643,643,3927
MAGBENCH_26606599,MedAgentsBench,Complex,0.4057,0.0,0.0,0.0,0,0,0,group-2,solo,group-3,2517,785,4545
MAGBENCH_267,MedAgentsBench,Simple,0.0657,2.451,2.451,0.3359,1,1,1,solo,solo,group-3,408,408,2977
MAGBENCH_26708803,MedAgentsBench,Complex,0.4057,0.0,0.0,0.0,0,0,0,group-2,solo,group-3,2483,662,4494
MAGBENCH_268,MedAgentsBench,Complex,0.4277,0.0,0.0,0.0,0,0,0,group-2,solo,group-3,2318,714,4245
MAGBENCH_268_clinical_laboratory_scientist,MedAgentsBench,Simple,0.0497,3.9683,3.9683,0.3798,1,1,1,solo,solo,group-3,252,252,2633
MAGBENCH_269,MedAgentsBench,Moderate,0.167,0.0,0.0,0.0,0,0,0,solo,solo,group-3,464,464,3205
MAGBENCH_26965932,MedAgentsBench,Complex,0.4324,0.0,0.0,0.0,0,0,0,group-2,solo,group-3,2651,912,4746
MAGBENCH_269_clinical_laboratory_scientist,MedAgentsBench,Simple,0.0437,0.0,0.0,0.0,0,0,0,solo,solo,group-3,236,236,2738
MAGBENCH_26_biomedical_engineer,MedAgentsBench,Simple,0.0357,0.0,0.0,0.0,0,0,0,solo,solo,group-3,174,174,2525
MAGBENCH_26_clinical_laboratory_scientist,MedAgentsBench,Simple,0.0317,0.0,0.0,0.0,0,0,0,solo,solo,group-3,346,346,2314
MAGBENCH_26a82f11-4261-4975-bee9-ae8d4e74cdb7,MedAgentsBench,Simple,0.0297,0.0,0.0,0.3973,0,0,1,solo,solo,group-3,135,135,2517
MAGBENCH_26b5fd02-126f-4f69-869a-7af4865074b9,MedAgentsBench,Simple,0.0117,0.0,0.0,0.0,0,0,0,solo,solo,group-3,234,234,2896
MAGBENCH_26d1fc350a3131ff63e093e3c293e9465d01351f73a32345650c6d2ec1928e58,MedAgentsBench,Simple,0.0177,0.0,0.0,0.0,0,0,0,solo,solo,group-3,405,405,2729
MAGBENCH_26e6e0c4-509a-4ebc-93bb-f8f431425954,MedAgentsBench,Simple,0.0237,0.0,0.0,0.3691,0,0,1,solo,solo,group-3,283,283,2709
MAGBENCH_27,MedAgentsBench,Moderate,0.1957,0.0,0.0,0.0,0,0,0,solo,solo,group-3,520,520,3482
MAGBENCH_270,MedAgentsBench,Complex,0.3997,0.0,0.0,0.0,0,0,0,solo,solo,group-3,815,815,4239
MAGBENCH_2709dce6-0e84-4d28-a531-630df39e7298,MedAgentsBench,Simple,0.0377,0.0,0.0,0.3855,0,0,1,solo,solo,group-3,339,339,2594
MAGBENCH_27131771,MedAgentsBench,Complex,0.3877,0.0,0.0,0.2415,0,0,1,solo,solo,group-3,636,636,4140
MAGBENCH_2719953f-15c7-4003-83ed-0baf2654d35a,MedAgentsBench,Simple,0.0777,2.8249,2.8249,0.3224,1,1,1,solo,solo,group-3,354,354,3102
MAGBENCH_272,MedAgentsBench,Moderate,0.1537,0.0,0.0,0.3,0,0,1,solo,solo,group-3,471,471,3333
MAGBENCH_272_clinical_laboratory_scientist,MedAgentsBench,Simple,0.0277,3.5211,3.5211,0.3805,1,1,1,solo,solo,group-3,284,284,2628
MAGBENCH_27456836,MedAgentsBench,Complex,0.4057,0.0,1.2723,0.2187,0,1,1,group-2,solo,group-3,2536,786,4572
MAGBENCH_2767698c-2189-4770-a4fd-825b7b7edf9c,MedAgentsBench,Simple,0.0157,3.9683,3.9683,0.3984,1,1,1,solo,solo,group-3,252,252,2510
MAGBENCH_277,MedAgentsBench,Moderate,0.2804,1.642,1.642,0.2718,1,1,1,solo,solo,group-3,609,609,3679
MAGBENCH_278_clinical_laboratory_scientist,MedAgentsBench,Simple,0.0377,0.0,0.0,0.0,0,0,0,solo,solo,group-3,262,262,2393
MAGBENCH_27989969,MedAgentsBench,Complex,0.4057,0.4378,1.3755,0.2384,1,1,1,group-2,solo,group-3,2284,727,4194
MAGBENCH_27eecec7-69c5-40bd-9d90-c19e43acc9a3,MedAgentsBench,Simple,0.0417,0.0,0.0,0.0,0,0,0,solo,solo,group-3,258,258,2969
MAGBENCH_28,MedAgentsBench,Moderate,0.1957,1.8484,1.8484,0.2786,1,1,1,solo,solo,group-3,541,541,3589
MAGBENCH_28056802,MedAgentsBench,Complex,0.4057,0.0,1.0929,0.0,0,1,0,group-2,solo,group-3,2669,915,4773
MAGBENCH_281,MedAgentsBench,Moderate,0.1217,2.0833,2.0833,0.2999,1,1,1,solo,solo,group-3,480,480,3334
MAGBENCH_28196511,MedAgentsBench,Complex,0.4057,0.0,0.0,0.0,0,0,0,group-2,solo,group-3,2427,719,4410
MAGBENCH_281_clinical_laboratory_scientist,MedAgentsBench,Simple,0.0517,5.8824,5.8824,0.4486,1,1,1,solo,solo,group-3,170,170,2229
MAGBENCH_284_clinical_laboratory_scientist,MedAgentsBench,Simple,0.0237,0.0,0.0,0.0,0,0,0,solo,solo,group-3,253,253,2368
MAGBENCH_287,MedAgentsBench,Complex,0.4244,0.0,0.0,0.0,0,0,0,group-2,solo,group-3,2148,663,3935
MAGBENCH_287ee601-bba2-4926-a230-388f13cfa28d,MedAgentsBench,Simple,0.0297,0.0,0.0,0.0,0,0,0,solo,solo,group-3,327,327,2724
MAGBENCH_288022ee-c8bd-42e6-8e0a-81838367119a,MedAgentsBench,Simple,0.089,0.0,0.0,0.3213,0,0,1,solo,solo,group-3,349,349,3112
MAGBENCH_289,MedAgentsBench,Moderate,0.1597,0.0,0.0,0.0,0,0,0,solo,solo,group-3,475,475,3338
MAGBENCH_289_clinical_laboratory_scientist,MedAgentsBench,Simple,0.0317,0.0,0.0,0.0,0,0,0,solo,solo,group-3,274,274,2420
MAGBENCH_28_clinical_laboratory_scientist,MedAgentsBench,Simple,0.0237,3.4014,3.4014,0.4202,1,1,1,solo,solo,group-3,294,294,2380
MAGBENCH_28_clinical_psychologist,MedAgentsBench,Simple,0.0337,3.1153,3.1153,0.4003,1,1,1,solo,solo,group-3,321,321,2498
MAGBENCH_28d96ad9-427e-4a5f-88a7-deb8c35d48ef,MedAgentsBench,Simple,0.0657,0.0,0.0,0.0,0,0,0,solo,solo,group-3,253,253,2837
MAGBENCH_28f5eac6-7388-4ab6-93f7-80f5a045c11e,MedAgentsBench,Simple,0.0157,0.0,0.0,0.3861,0,0,1,solo,solo,group-3,204,204,2590
MAGBENCH_28fb749e-f104-48ad-8387-c2dac5b62ec3,MedAgentsBench,Simple,0.0517,0.0,0.0,0.0,0,0,0,solo,solo,group-3,370,370,2864
MAGBENCH_29,MedAgentsBench,Moderate,0.323,0.0,0.0,0.0,0,0,0,solo,solo,group-3,731,731,4120
MAGBENCH_290,MedAgentsBench,Moderate,0.1677,0.0,0.0,0.0,0,0,0,solo,solo,group-3,405,405,3024
MAGBENCH_291_clinical_laboratory_scientist,MedAgentsBench,Simple,0.0257,2.9412,2.9412,0.383,1,1,1,solo,solo,group-3,340,340,2611
MAGBENCH_292,MedAgentsBench,Moderate,0.2197,1.5924,1.5924,0.2939,1,1,1,solo,solo,group-3,628,628,3403
MAGBENCH_292_clinical_laboratory_scientist,MedAgentsBench,Simple,0.0417,2.8011,2.8011,0.3608,1,1,1,solo,solo,group-3,357,357,2772
MAGBENCH_293_clinical_laboratory_scientist,MedAgentsBench,Simple,0.0317,0.0,0.0,0.0,0,0,0,solo,solo,group-3,186,186,2415
MAGBENCH_294,MedAgentsBench,Simple,0.0997,2.7778,2.7778,0.3772,1,1,1,solo,solo,group-3,360,360,2651
MAGBENCH_295,MedAgentsBench,Complex,0.425,0.49,1.4327,0.2631,1,1,1,group-2,solo,group-3,2041,698,3801
MAGBENCH_295f859b-9b57-4044-a59f-1dcde3f3fc0c,MedAgentsBench,Simple,0.0257,5.618,5.618,0.4097,1,1,1,solo,solo,group-3,178,178,2441
MAGBENCH_299,MedAgentsBench,Moderate,0.1977,0.0,0.0,0.0,0,0,0,solo,solo,group-3,403,403,3413
MAGBENCH_29_biomedical_engineer,MedAgentsBench,Simple,0.0357,0.0,0.0,0.0,0,0,0,solo,solo,group-3,267,267,2233
MAGBENCH_29_clinical_laboratory_scientist,MedAgentsBench,Simple,0.0417,3.8911,3.8911,0.353,1,1,1,solo,solo,group-3,257,257,2833
MAGBENCH_29d2e3e3-3b3c-4b84-af19-e8e98c5e104e,MedAgentsBench,Simple,0.0877,0.0,0.0,0.0,0,0,0,solo,solo,group-3,233,233,2956
MAGBENCH_2_speech_pathologist,MedAgentsBench,Simple,0.0437,0.0,0.0,0.0,0,0,0,solo,solo,group-3,375,375,2771
MAGBENCH_2a585c66-7605-44fb-a4fe-63ce327a3b59,MedAgentsBench,Simple,0.0357,0.0,0.0,0.0,0,0,0,solo,solo,group-3,361,361,2903
MAGBENCH_2a929649-49cb-4135-8c10-89549a52555c,MedAgentsBench,Simple,0.0137,6.5359,6.5359,0.3824,1,1,1,solo,solo,group-3,153,153,2615
MAGBENCH_2aacf8d1-b36e-49be-8333-af91aa2a49c9,MedAgentsBench,Simple,0.0197,3.7736,3.7736,0.3374,1,1,1,solo,solo,group-3,265,265,2964
MAGBENCH_2b110e57-8338-4189-86e2-cbea7d761c30,MedAgentsBench,Simple,0.0897,0.0,0.0,0.3285,0,0,1,solo,solo,group-3,424,424,3044
MAGBENCH_2b776323-df34-4cab-ad74-e9d4e8c4e128,MedAgentsBench,Simple,0.0337,0.0,0.0,0.0,0,0,0,solo,solo,group-3,289,289,2697
MAGBENCH_2c37d934-7b5e-4e0d-9b34-55ae75466301,MedAgentsBench,Simple,0.0297,0.0,0.0,0.0,0,0,0,solo,solo,group-3,264,264,2375
MAGBENCH_2cacbd66-ae8e-45cc-85b8-6242487724b6,MedAgentsBench,Simple,0.0297,0.0,0.0,0.0,0,0,0,solo,solo,group-3,318,318,2949
MAGBENCH_2cdf4e3d-5ee5-460c-b03c-d064ce8182b7,MedAgentsBench,Simple,0.0157,0.0,0.0,0.0,0,0,0,solo,solo,group-3,184,184,2610
MAGBENCH_2d331aa6-39b9-4d4b-b065-fc3f03e7331c,MedAgentsBench,Simple,0.0177,0.0,0.0,0.0,0,0,0,solo,solo,group-3,270,270,2731
MAGBENCH_2da045d5-171a-4102-a9f5-2de62997fa2c,MedAgentsBench,Simple,0.0904,0.0,0.0,0.0,0,0,0,solo,solo,group-3,299,299,3090
MAGBENCH_2da5d321-66a2-4413-aa80-6fa7440b36c1,MedAgentsBench,Simple,0.0317,4.2373,4.2373,0.3588,1,1,1,solo,solo,group-3,236,236,2787
MAGBENCH_2dbbf01a-5a68-40c9-a24f-fd4af9d314e8,MedAgentsBench,Simple,0.0397,4.329,4.329,0.4098,1,1,1,solo,solo,group-3,231,231,2440
MAGBENCH_2dc96b3f-39a1-4d38-8177-c3710ed7e586,MedAgentsBench,Simple,0.0197,0.0,0.0,0.0,0,0,0,solo,solo,group-3,231,231,2739
MAGBENCH_2df7addb-dc8a-4428-8f08-09327d0a7ccc,MedAgentsBench,Simple,0.0217,7.8125,7.8125,0.3978,1,1,1,solo,solo,group-3,128,128,2514
MAGBENCH_2e4f5929-8c85-4561-9656-44bc930b581b,MedAgentsBench,Simple,0.0257,0.0,0.0,0.0,0,0,0,solo,solo,group-3,201,201,2743
MAGBENCH_2e6dd309-e97e-4845-981d-4df1962afeeb,MedAgentsBench,Simple,0.0297,0.0,0.0,0.0,0,0,0,solo,solo,group-3,181,181,2430
MAGBENCH_2e78ce60-b4af-41c4-b2bd-595a6e728c1d,MedAgentsBench,Simple,0.0637,0.0,0.0,0.0,0,0,0,solo,solo,group-3,335,335,3225
MAGBENCH_2e7a8a2b-fa7c-4e90-a4fc-f9eb44674379,MedAgentsBench,Simple,0.0197,5.4054,5.4054,0.3338,1,1,1,solo,solo,group-3,185,185,2996
MAGBENCH_2e82399f-9cef-4ba7-ae0e-9424c0efc321,MedAgentsBench,Simple,0.0257,0.0,0.0,0.0,0,0,0,solo,solo,group-3,236,236,2149
MAGBENCH_2f6ec08d-d0b9-4e81-afa4-4a40493dc24f,MedAgentsBench,Simple,0.0197,0.0,0.0,0.0,0,0,0,solo,solo,group-3,282,282,2967
MAGBENCH_2f703c9f-2d54-4833-b319-25f8dc8b500c,MedAgentsBench,Simple,0.0237,0.0,0.0,0.0,0,0,0,solo,solo,group-3,215,215,2234
MAGBENCH_2fad53ed-ad7b-4194-8316-7fd39b1089a4,MedAgentsBench,Simple,0.0357,0.0,0.0,0.0,0,0,0,solo,solo,group-3,313,313,2779
MAGBENCH_2fb9aa7b-5106-4856-943d-f6554959feab,MedAgentsBench,Simple,0.0237,0.0,0.0,0.0,0,0,0,solo,solo,group-3,314,314,2508
MAGBENCH_2fd187fb-bb8c-4b94-9f62-2748950ceb5a,MedAgentsBench,Simple,0.0377,0.0,0.0,0.0,0,0,0,solo,solo,group-3,321,321,2964
MAGBENCH_2fd85795-3aca-4bd2-b367-256d33655e91,MedAgentsBench,Simple,0.0177,0.0,0.0,0.0,0,0,0,solo,solo,group-3,222,222,2452
MAGBENCH_2ff9fad7-263d-4611-a707-626809334f2c,MedAgentsBench,Simple,0.0437,0.0,0.0,0.0,0,0,0,solo,solo,group-3,341,341,3077
MAGBENCH_3,MedAgentsBench,Moderate,0.263,0.0,0.0,0.0,0,0,0,solo,solo,group-3,674,674,3944
MAGBENCH_300,MedAgentsBench,Moderate,0.1577,0.0,0.0,0.0,0,0,0,solo,solo,group-3,436,436,3002
MAGBENCH_30033810-a137-4bce-ad95-b27c9c582cc2,MedAgentsBench,Simple,0.0217,0.0,0.0,0.0,0,0,0,solo,solo,group-3,337,337,2341
MAGBENCH_303,MedAgentsBench,Complex,0.419,0.0,0.0,0.0,0,0,0,group-2,solo,group-3,2728,1013,4861
MAGBENCH_304,MedAgentsBench,Moderate,0.3057,0.0,0.0,0.0,0,0,0,solo,solo,group-3,638,638,3964
MAGBENCH_305,MedAgentsBench,Moderate,0.231,1.8315,1.8315,0.2771,1,1,1,solo,solo,group-3,546,546,3609
MAGBENCH_305_clinical_laboratory_scientist,MedAgentsBench,Simple,0.0277,2.9851,2.9851,0.4085,1,1,1,solo,solo,group-3,335,335,2448
MAGBENCH_307,MedAgentsBench,Moderate,0.349,0.0,0.0,0.0,0,0,0,solo,solo,group-3,667,667,3987
MAGBENCH_3084edf2-d176-43aa-87f4-412ea4098b47,MedAgentsBench,Simple,0.0157,3.1847,3.1847,0.0,1,1,0,solo,solo,group-3,314,314,2961
MAGBENCH_309,MedAgentsBench,Moderate,0.2757,0.0,0.0,0.0,0,0,0,solo,solo,group-3,522,522,3483
MAGBENCH_30_biomedical_engineer,MedAgentsBench,Simple,0.0197,0.0,0.0,0.0,0,0,0,solo,solo,group-3,159,159,2174
MAGBENCH_30c73ece-5b77-4d3d-88df-9cfa205a296d,MedAgentsBench,Simple,0.0217,0.0,0.0,0.0,0,0,0,solo,solo,group-3,304,304,2976
MAGBENCH_310,MedAgentsBench,Moderate,0.1697,2.3529,2.3529,0.3257,1,1,1,solo,solo,group-3,425,425,3070
MAGBENCH_310_clinical_laboratory_scientist,MedAgentsBench,Simple,0.0257,9.5238,9.5238,0.4037,1,1,1,solo,solo,group-3,105,105,2477
MAGBENCH_315,MedAgentsBench,Moderate,0.2184,1.9011,1.9011,0.2764,1,1,1,solo,solo,group-3,526,526,3618
MAGBENCH_315212cd-d605-4f61-8d4e-535ef7847059,MedAgentsBench,Simple,0.0257,4.6729,4.6729,0.3911,1,1,1,solo,solo,group-3,214,214,2557
MAGBENCH_315_clinical_laboratory_scientist,MedAgentsBench,Simple,0.069,4.8077,4.8077,0.3321,1,1,1,solo,solo,group-3,208,208,3011
MAGBENCH_317,MedAgentsBench,Moderate,0.175,0.0,0.0,0.0,0,0,0,solo,solo,group-3,471,471,3301
MAGBENCH_319,MedAgentsBench,Complex,0.3697,1.6103,1.6103,0.2606,1,1,1,solo,solo,group-3,621,621,3837
MAGBENCH_31d2fae2-b491-4feb-b871-d889d9ac4efe,MedAgentsBench,Simple,0.0157,4.8544,4.8544,0.4131,1,1,1,solo,solo,group-3,206,206,2421
MAGBENCH_31d9dc23-3844-404e-b7f9-09275b2bdbf9,MedAgentsBench,Simple,0.0237,0.0,0.0,0.0,0,0,0,solo,solo,group-3,298,298,2421
MAGBENCH_322,MedAgentsBench,Moderate,0.3457,0.0,0.0,0.0,0,0,0,solo,solo,group-3,561,561,3627
MAGBENCH_325,MedAgentsBench,Moderate,0.179,2.2883,2.2883,0.2765,1,1,1,solo,solo,group-3,437,437,3617
MAGBENCH_326,MedAgentsBench,Moderate,0.245,1.7575,1.7575,0.2877,1,1,1,solo,solo,group-3,569,569,3476
MAGBENCH_328,MedAgentsBench,Moderate,0.3037,0.0,0.0,0.0,0,0,0,solo,solo,group-3,562,562,3849
MAGBENCH_329,MedAgentsBench,Complex,0.383,0.0,0.0,0.2507,0,0,1,solo,solo,group-3,642,642,3989
MAGBENCH_329_clinical_laboratory_scientist,MedAgentsBench,Simple,0.0357,0.0,0.0,0.0,0,0,0,solo,solo,group-3,308,308,2957
MAGBENCH_32_biomedical_engineer,MedAgentsBench,Simple,0.0317,0.0,0.0,0.0,0,0,0,solo,solo,group-3,182,182,2026
MAGBENCH_32_occupational_therapist,MedAgentsBench,Simple,0.0197,0.0,0.0,0.0,0,0,0,solo,solo,group-3,233,233,2411
MAGBENCH_32a5b512-866e-4bd6-b9b5-9c26c7625705,MedAgentsBench,Simple,0.0297,3.7736,3.7736,0.4098,1,1,1,solo,solo,group-3,265,265,2440
MAGBENCH_32cb89d3-375d-4ada-873b-4ae11edd21a1,MedAgentsBench,Simple,0.0297,0.0,0.0,0.0,0,0,0,solo,solo,group-3,162,162,2365
MAGBENCH_33,MedAgentsBench,Moderate,0.3457,0.0,0.0,0.2789,0,0,1,solo,solo,group-3,613,613,3586
MAGBENCH_335_clinical_laboratory_scientist,MedAgentsBench,Simple,0.0277,4.0323,4.0323,0.3815,1,1,1,solo,solo,group-3,248,248,2621
MAGBENCH_336,MedAgentsBench,Moderate,0.3444,0.0,0.0,0.0,0,0,0,solo,solo,group-3,593,593,3883
MAGBENCH_33612c6f-321a-4b2a-b65e-a1f667212dbd,MedAgentsBench,Simple,0.0197,0.0,0.0,0.0,0,0,0,solo,solo,group-3,165,165,2193
MAGBENCH_338,MedAgentsBench,Moderate,0.337,1.5699,1.5699,0.26,1,1,1,solo,solo,group-3,637,637,3846
MAGBENCH_33_occupational_therapist,MedAgentsBench,Simple,0.0277,4.386,4.386,0.4124,1,1,1,solo,solo,group-3,228,228,2425
MAGBENCH_33_speech_pathologist,MedAgentsBench,Simple,0.0297,0.0,0.0,0.0,0,0,0,solo,solo,group-3,335,335,2359
MAGBENCH_33a697bc-627a-4a24-b381-19c181fcdded,MedAgentsBench,Simple,0.0357,2.7174,2.7174,0.0,1,1,0,solo,solo,group-3,368,368,3052
MAGBENCH_33a771be-dfbc-4cdd-bb77-09b838ffea2a,MedAgentsBench,Simple,0.0297,0.0,0.0,0.0,0,0,0,solo,solo,group-3,324,324,2633
MAGBENCH_33f854bc-b6ff-43b7-98f2-77128c47ed87,MedAgentsBench,Simple,0.0157,0.0,0.0,0.0,0,0,0,solo,solo,group-3,213,213,2334
MAGBENCH_34,MedAgentsBench,Moderate,0.3144,0.0,0.0,0.0,0,0,0,solo,solo,group-3,665,665,4022
MAGBENCH_340,MedAgentsBench,Moderate,0.343,0.0,0.0,0.0,0,0,0,solo,solo,group-3,582,582,3878
MAGBENCH_344,MedAgentsBench,Moderate,0.3057,0.0,0.0,0.2711,0,0,1,solo,solo,group-3,611,611,3689
MAGBENCH_345,MedAgentsBench,Moderate,0.257,1.6949,1.6949,0.2826,1,1,1,solo,solo,group-3,590,590,3538
MAGBENCH_345_clinical_laboratory_scientist,MedAgentsBench,Simple,0.0317,7.2464,7.2464,0.4537,1,1,1,solo,solo,group-3,138,138,2204
MAGBENCH_346,MedAgentsBench,Moderate,0.1537,0.0,0.0,0.3487,0,0,1,solo,solo,group-3,295,295,2868
MAGBENCH_348d0bf0-fdef-44b2-be0d-0681139cf03e,MedAgentsBench,Simple,0.0277,0.0,0.0,0.0,0,0,0,solo,solo,group-3,258,258,2718
MAGBENCH_349_clinical_laboratory_scientist,MedAgentsBench,Simple,0.0477,4.2735,4.2735,0.3893,1,1,1,solo,solo,group-3,234,234,2569
MAGBENCH_34_biomedical_engineer,MedAgentsBench,Simple,0.0577,4.1152,4.1152,0.4333,1,1,1,solo,solo,group-3,243,243,2308
MAGBENCH_34c40855-d9e8-48a6-aedd-c214e19de1fd,MedAgentsBench,Simple,0.0177,4.5662,4.5662,0.3797,1,1,1,solo,solo,group-3,219,219,2634
MAGBENCH_350d3b19-c8b4-4e99-b2a0-dc3f2bf4a206,MedAgentsBench,Simple,0.0377,0.0,0.0,0.0,0,0,0,solo,solo,group-3,364,364,2781
MAGBENCH_351_clinical_laboratory_scientist,MedAgentsBench,Simple,0.0437,3.6101,3.6101,0.4093,1,1,1,solo,solo,group-3,277,277,2443
MAGBENCH_352_clinical_laboratory_scientist,MedAgentsBench,Simple,0.0237,8.8496,8.8496,0.4617,1,1,1,solo,solo,group-3,113,113,2166
MAGBENCH_3559323b-c3a6-42b9-b4a1-33e132361d1f,MedAgentsBench,Simple,0.0257,0.0,0.0,0.3737,0,0,1,solo,solo,group-3,287,287,2676
MAGBENCH_356_clinical_laboratory_scientist,MedAgentsBench,Simple,0.0177,4.5662,4.5662,0.4541,1,1,1,solo,solo,group-3,219,219,2202
MAGBENCH_357eebd0-e51d-46c8-8cc4-0fff4a79387b,MedAgentsBench,Simple,0.0197,3.1447,3.1447,0.3559,1,1,1,solo,solo,group-3,318,318,2810
MAGBENCH_358_clinical_laboratory_scientist,MedAgentsBench,Simple,0.0217,4.4053,4.4053,0.4219,1,1,1,solo,solo,group-3,227,227,2370
MAGBENCH_358f187f-d762-4355-b654-67996e08ed96,MedAgentsBench,Simple,0.0237,0.0,0.0,0.0,0,0,0,solo,solo,group-3,183,183,2793
MAGBENCH_35b7ba5c-3e71-46c8-9df4-ed3b2a17f3b9,MedAgentsBench,Simple,0.0197,0.0,0.0,0.0,0,0,0,solo,solo,group-3,285,285,2866
MAGBENCH_361849c8-ca2f-4200-89c4-8642afe7a273,MedAgentsBench,Simple,0.0177,5.4945,5.4945,0.3923,1,1,1,solo,solo,group-3,182,182,2549
MAGBENCH_361_clinical_laboratory_scientist,MedAgentsBench,Simple,0.0397,0.0,0.0,0.0,0,0,0,solo,solo,group-3,302,302,2706
MAGBENCH_362bf8a9-de7e-48dd-aecf-3ecd13b280b8,MedAgentsBench,Simple,0.0497,5.102,5.102,0.3837,1,1,1,solo,solo,group-3,196,196,2606
MAGBENCH_362c70ed-9bc0-4266-8462-4c8302d7ef52,MedAgentsBench,Simple,0.0337,2.6667,2.6667,0.3556,1,1,1,solo,solo,group-3,375,375,2812
MAGBENCH_363,MedAgentsBench,Moderate,0.1817,2.3981,2.3981,0.2813,1,1,1,solo,solo,group-3,417,417,3555
MAGBENCH_364,MedAgentsBench,Moderate,0.171,2.0921,2.0921,0.3137,1,1,1,solo,solo,group-3,478,478,3188
MAGBENCH_36438518-ebff-4d1d-8e38-bc47a12fd73e,MedAgentsBench,Simple,0.0157,0.0,0.0,0.0,0,0,0,solo,solo,group-3,237,237,2329
MAGBENCH_366,MedAgentsBench,Moderate,0.329,1.8018,1.8018,0.0,1,1,0,solo,solo,group-3,555,555,3714
MAGBENCH_369_clinical_laboratory_scientist,MedAgentsBench,Simple,0.039,0.0,0.0,0.0,0,0,0,solo,solo,group-3,403,403,3153
MAGBENCH_36_speech_pathologist,MedAgentsBench,Simple,0.0397,0.0,0.0,0.0,0,0,0,solo,solo,group-3,313,313,2854
MAGBENCH_36dd849c-4867-4ca6-8f5e-c8419e4634bb,MedAgentsBench,Moderate,0.1977,0.0,0.0,0.0,0,0,0,solo,solo,group-3,518,518,3611
MAGBENCH_3745bf96-43aa-40b2-ae62-3be01c0f92a4,MedAgentsBench,Simple,0.0657,0.0,0.0,0.2987,0,0,1,solo,solo,group-3,358,358,3348
MAGBENCH_375,MedAgentsBench,Moderate,0.219,1.9763,1.9763,0.0,1,1,0,solo,solo,group-3,506,506,3539
MAGBENCH_37_biomedical_engineer,MedAgentsBench,Simple,0.0277,3.5088,3.5088,0.5679,1,1,1,solo,solo,group-3,285,285,1761
MAGBENCH_37c2d828-130c-4ebd-ae35-03c852064141,MedAgentsBench,Simple,0.0177,4.1841,4.1841,0.0,1,1,0,solo,solo,group-3,239,239,2623
MAGBENCH_37e6c503-59f9-4ba2-80b3-a7acb789c118,MedAgentsBench,Simple,0.0377,0.0,0.0,0.3433,0,0,1,solo,solo,group-3,328,328,2913
MAGBENCH_38,MedAgentsBench,Moderate,0.2497,1.7241,1.7241,0.2733,1,1,1,solo,solo,group-3,580,580,3659
MAGBENCH_380,MedAgentsBench,Moderate,0.2944,0.0,0.0,0.0,0,0,0,solo,solo,group-3,609,609,3903
MAGBENCH_381,MedAgentsBench,Moderate,0.243,0.0,0.0,0.0,0,0,0,solo,solo,group-3,572,572,3606
MAGBENCH_382,MedAgentsBench,Moderate,0.2217,2.0534,2.0534,0.2896,1,1,1,solo,solo,group-3,487,487,3453
MAGBENCH_3860ca4f-4a06-4450-b956-4d28e64ad111,MedAgentsBench,Simple,0.0197,0.0,0.0,0.0,0,0,0,solo,solo,group-3,249,249,2450
MAGBENCH_387,MedAgentsBench,Moderate,0.3144,1.7825,1.7825,0.2791,1,1,1,solo,solo,group-3,561,561,3583
MAGBENCH_38810794-2735-4239-b36f-d9a509a2997f,MedAgentsBench,Simple,0.0417,4.0,4.0,0.4965,1,1,1,solo,solo,group-3,250,250,2014
MAGBENCH_38_occupational_therapist,MedAgentsBench,Simple,0.0417,3.6232,3.6232,0.4446,1,1,1,solo,solo,group-3,276,276,2249
MAGBENCH_39,MedAgentsBench,Complex,0.3864,0.0,0.0,0.0,0,0,0,solo,solo,group-3,641,641,3960
MAGBENCH_3910b505-b026-4089-ae49-4f8481208a75,MedAgentsBench,Simple,0.0357,0.0,0.0,0.0,0,0,0,solo,solo,group-3,198,198,2585
MAGBENCH_391dbda5-df38-4a5f-8e4c-f6db24bc164a,MedAgentsBench,Simple,0.0377,0.0,0.0,0.3731,0,0,1,solo,solo,group-3,268,268,2680
MAGBENCH_395cde29-36a5-4b1c-9f8f-29b3789df66a,MedAgentsBench,Simple,0.0317,0.0,0.0,0.0,0,0,0,solo,solo,group-3,292,292,2830
MAGBENCH_399,MedAgentsBench,Complex,0.3997,0.0,0.0,0.0,0,0,0,solo,solo,group-3,908,908,4275
MAGBENCH_399bbbd0888f549a533878e769f669ef69e53ab9cb7ef4d86365c0b1675bbb15,MedAgentsBench,Moderate,0.1117,0.0,0.0,0.3691,0,0,1,solo,solo,group-3,259,259,2709
MAGBENCH_39_clinical_psychologist,MedAgentsBench,Simple,0.0537,7.4627,7.4627,0.5187,1,1,1,solo,solo,group-3,134,134,1928
MAGBENCH_39af86fb-6d6a-4d2f-b1cc-670989ca78b8,MedAgentsBench,Simple,0.0217,0.0,0.0,0.0,0,0,0,solo,solo,group-3,141,141,1745
MAGBENCH_39c3bcbb-31e3-492b-86c0-0a217e856f43,MedAgentsBench,Simple,0.053,0.0,0.0,0.0,0,0,0,solo,solo,group-3,241,241,3038
MAGBENCH_3_biomedical_engineer,MedAgentsBench,Simple,0.0337,0.0,0.0,0.4562,0,0,1,solo,solo,group-3,216,216,2192
MAGBENCH_3a0e01d0-4230-4633-a7a9-624a0c32a486,MedAgentsBench,Simple,0.0237,4.9261,4.9261,0.0,1,1,0,solo,solo,group-3,203,203,2461
MAGBENCH_3a1eb56a-436a-449b-8920-d7bb2d5e10e4,MedAgentsBench,Simple,0.0257,0.0,0.0,0.0,0,0,0,solo,solo,group-3,146,146,2608
MAGBENCH_3a3e9d0e-cf13-4d9c-971f-f9d5cb902994,MedAgentsBench,Simple,0.0157,8.8496,8.8496,0.3497,1,1,1,solo,solo,group-3,113,113,2860
MAGBENCH_3aed5296-d2c0-4347-8804-d85234302675,MedAgentsBench,Simple,0.0197,0.0,0.0,0.0,0,0,0,solo,solo,group-3,163,163,2589
MAGBENCH_3af11fb3-6d3b-4542-9de0-5f4decd77160,MedAgentsBench,Simple,0.0197,0.0,0.0,0.0,0,0,0,solo,solo,group-3,252,252,2490
MAGBENCH_3b150083-1a5e-49ef-bc36-41a06b677b32,MedAgentsBench,Simple,0.0217,4.2373,4.2373,0.408,1,1,1,solo,solo,group-3,236,236,2451
MAGBENCH_3b184f01-db13-4379-ab0b-7709853e0326,MedAgentsBench,Simple,0.047,0.0,0.0,0.0,0,0,0,solo,solo,group-3,256,256,3129
MAGBENCH_3b261ffc-4ab3-4e68-a7b8-8e3881edfa55,MedAgentsBench,Simple,0.0337,0.0,0.0,0.0,0,0,0,solo,solo,group-3,311,311,2859
MAGBENCH_3b34bdec-e2d7-49d8-9b10-ec35a323b491,MedAgentsBench,Simple,0.0417,0.0,0.0,0.0,0,0,0,solo,solo,group-3,312,312,2622
MAGBENCH_3b566437-e44a-4c6a-a0e1-973042e5819c,MedAgentsBench,Simple,0.0337,3.096,3.096,0.3644,1,1,1,solo,solo,group-3,323,323,2744
MAGBENCH_3c0e960b-7757-45aa-a7e9-98c238eed3e7,MedAgentsBench,Simple,0.0217,0.0,0.0,0.0,0,0,0,solo,solo,group-3,159,159,2631
MAGBENCH_3c2ae2375fea3480edd4d92eecff4e1d05db43a92e7b9c98e1591f283a2daaab,MedAgentsBench,Simple,0.0897,0.0,0.0,0.0,0,0,0,solo,solo,group-3,498,498,3115
MAGBENCH_3c4008b14eee32d055efcd5f2e3267334b40002ccdd75a373bfb1ba7dca71299,MedAgentsBench,Simple,0.0197,0.0,0.0,0.3915,0,0,1,solo,solo,group-3,179,179,2554
MAGBENCH_3cc3ba13-5e28-4194-ab6d-834496d88261,MedAgentsBench,Simple,0.0217,0.0,0.0,0.0,0,0,0,solo,solo,group-3,228,228,2422
MAGBENCH_3ce1d954b35d9554093f7b73445338a592e87d7c419cafc9446c22a9d008628d,MedAgentsBench,Simple,0.0277,0.0,0.0,0.0,0,0,0,solo,solo,group-3,185,185,2400
MAGBENCH_3cf1de31-2703-4ff6-8091-3992a27a7987,MedAgentsBench,Simple,0.0217,0.0,0.0,0.0,0,0,0,solo,solo,group-3,149,149,2223
MAGBENCH_3d2b968e-f973-423f-a0e9-1aab41489e9f,MedAgentsBench,Simple,0.0177,0.0,0.0,0.0,0,0,0,solo,solo,group-3,124,124,2410
MAGBENCH_3d3896ce-b736-4e9a-bb7e-cb4608cdd29a,MedAgentsBench,Simple,0.0257,3.3223,3.3223,0.3855,1,1,1,solo,solo,group-3,301,301,2594
MAGBENCH_3e4d2174-1e88-4652-9aed-78e71215ffe8,MedAgentsBench,Simple,0.0177,0.0,0.0,0.0,0,0,0,solo,solo,group-3,301,301,2903
MAGBENCH_3ef21987-3285-429c-a8be-5f67efefaaf8,MedAgentsBench,Simple,0.0377,3.096,3.096,0.3483,1,1,1,solo,solo,group-3,323,323,2871
MAGBENCH_3f1c84b8-4b70-4567-9d61-a49714ffb200,MedAgentsBench,Simple,0.0317,6.0606,6.0606,0.3389,1,1,1,solo,solo,group-3,165,165,2951
MAGBENCH_3ffd5c17-afde-4101-a4a4-8ed3dfc98918,MedAgentsBench,Simple,0.0297,0.0,0.0,0.0,0,0,0,solo,solo,group-3,350,350,2796
MAGBENCH_40,MedAgentsBench,Moderate,0.339,1.8382,1.8382,0.2756,1,1,1,solo,solo,group-3,544,544,3628
MAGBENCH_400,MedAgentsBench,Moderate,0.3324,1.5432,1.5432,0.2817,1,1,1,solo,solo,group-3,648,648,3550
MAGBENCH_404,MedAgentsBench,Moderate,0.1657,0.0,0.0,0.2853,0,0,1,solo,solo,group-3,479,479,3505
MAGBENCH_406,MedAgentsBench,Moderate,0.205,2.0367,2.0367,0.3181,1,1,1,solo,solo,group-3,491,491,3144
MAGBENCH_407d4eec-cf0b-460c-bcdb-cf0081ec8c5d,MedAgentsBench,Simple,0.0157,0.0,0.0,0.0,0,0,0,solo,solo,group-3,124,124,2372
MAGBENCH_408,MedAgentsBench,Complex,0.3777,0.0,0.0,0.0,0,0,0,solo,solo,group-3,662,662,4239
MAGBENCH_40_speech_pathologist,MedAgentsBench,Simple,0.0297,0.0,0.0,0.0,0,0,0,solo,solo,group-3,352,352,2748
MAGBENCH_40a2d8d2-a4f8-439f-ab5f-e67dea706031,MedAgentsBench,Simple,0.0217,5.618,5.618,0.375,1,1,1,solo,solo,group-3,178,178,2667
MAGBENCH_40a69530-6238-4f33-8003-86d143d6de77,MedAgentsBench,Simple,0.0237,4.4444,4.4444,0.3346,1,1,1,solo,solo,group-3,225,225,2989
MAGBENCH_40e0568c-ca1b-4f22-8610-fb17eab30ede,MedAgentsBench,Simple,0.0317,0.0,0.0,0.0,0,0,0,solo,solo,group-3,441,441,3262
MAGBENCH_41,MedAgentsBench,Complex,0.4257,0.0,0.0,0.2298,0,0,1,group-2,solo,group-3,2388,803,4352
MAGBENCH_412,MedAgentsBench,Complex,0.4464,0.0,0.0,0.0,0,0,0,group-2,solo,group-3,2427,842,4409
MAGBENCH_415,MedAgentsBench,Moderate,0.1477,0.0,0.0,0.0,0,0,0,solo,solo,group-3,437,437,3103
MAGBENCH_417,MedAgentsBench,Moderate,0.2797,1.3717,1.3717,0.248,1,1,1,solo,solo,group-3,729,729,4032
MAGBENCH_41_speech_pathologist,MedAgentsBench,Simple,0.0417,0.0,0.0,0.0,0,0,0,solo,solo,group-3,67,67,2556
MAGBENCH_41bd5f29-e1b9-4a88-8933-0561cd5324be,MedAgentsBench,Simple,0.0457,0.0,0.0,0.0,0,0,0,solo,solo,group-3,303,303,2736
MAGBENCH_42,MedAgentsBench,Moderate,0.341,0.0,0.0,0.2532,0,0,1,solo,solo,group-3,700,700,3949
MAGBENCH_420bd3ce-8f20-44dc-b74f-2dcb97069594,MedAgentsBench,Simple,0.0157,0.0,0.0,0.3426,0,0,1,solo,solo,group-3,337,337,2919
MAGBENCH_421,MedAgentsBench,Moderate,0.2084,0.0,0.0,0.0,0,0,0,solo,solo,group-3,493,493,3606
MAGBENCH_425,MedAgentsBench,Moderate,0.2137,0.0,0.0,0.0,0,0,0,solo,solo,group-3,484,484,3393
MAGBENCH_429,MedAgentsBench,Moderate,0.2304,0.0,0.0,0.0,0,0,0,solo,solo,group-3,521,521,3506
MAGBENCH_42_clinical_psychologist,MedAgentsBench,Simple,0.0797,3.3445,3.3445,0.3266,1,1,1,solo,solo,group-3,299,299,3062
MAGBENCH_42_occupational_therapist,MedAgentsBench,Simple,0.0297,0.0,0.0,0.0,0,0,0,solo,solo,group-3,207,207,2264
MAGBENCH_42c3b6ae-45e3-405f-b8bd-fa6a17924c6b,MedAgentsBench,Simple,0.0337,4.7619,4.7619,0.3959,1,1,1,solo,solo,group-3,210,210,2526
MAGBENCH_432,MedAgentsBench,Moderate,0.311,0.0,0.0,0.0,0,0,0,solo,solo,group-3,576,576,3654
MAGBENCH_43232539-be9b-4292-8d95-7f9c5d909153,MedAgentsBench,Simple,0.0257,0.0,0.0,0.0,0,0,0,solo,solo,group-3,218,218,2758
MAGBENCH_434,MedAgentsBench,Moderate,0.3537,1.7953,1.7953,0.2768,1,1,1,solo,solo,group-3,557,557,3613
MAGBENCH_43_clinical_laboratory_scientist,MedAgentsBench,Simple,0.0317,4.2017,4.2017,0.3789,1,1,1,solo,solo,group-3,238,238,2639
MAGBENCH_43_clinical_psychologist,MedAgentsBench,Simple,0.0517,0.0,0.0,0.0,0,0,0,solo,solo,group-3,297,297,2400
MAGBENCH_43_speech_pathologist,MedAgentsBench,Simple,0.0557,3.6765,3.6765,0.3644,1,1,1,solo,solo,group-3,272,272,2744
MAGBENCH_43a48b2d-df1f-42d0-a999-d76df02c8515,MedAgentsBench,Simple,0.0917,0.0,0.0,0.2959,0,0,1,solo,solo,group-3,415,415,3380
MAGBENCH_44,MedAgentsBench,Moderate,0.333,0.0,0.0,0.0,0,0,0,solo,solo,group-3,670,670,3746
MAGBENCH_4414e290-9d6a-410d-9506-72555add17d7,MedAgentsBench,Simple,0.0197,6.8493,6.8493,0.3922,1,1,1,solo,solo,group-3,146,146,2550
MAGBENCH_4473f818-6954-484c-a9c9-48e5abd409df,MedAgentsBench,Simple,0.0137,2.7701,2.7701,0.0,1,1,0,solo,solo,group-3,361,361,3126
MAGBENCH_44_clinical_laboratory_scientist,MedAgentsBench,Simple,0.0217,0.0,0.0,0.0,0,0,0,solo,solo,group-3,314,314,2809
MAGBENCH_4506e30a-65c0-48a5-86db-595e5084787c,MedAgentsBench,Simple,0.0177,3.7736,3.7736,0.3169,1,1,1,solo,solo,group-3,265,265,3156
MAGBENCH_45588c4c-da93-43ca-8ee4-05feb851be68,MedAgentsBench,Simple,0.0317,0.0,0.0,0.4365,0,0,1,solo,solo,group-3,267,267,2291
MAGBENCH_455e1f05-93a4-4ada-ad62-c77d05c6c946,MedAgentsBench,Simple,0.0437,0.0,0.0,0.0,0,0,0,solo,solo,group-3,164,164,2401
MAGBENCH_456,MedAgentsBench,Moderate,0.2497,1.7452,1.7452,0.2856,1,1,1,solo,solo,group-3,573,573,3502
MAGBENCH_459,MedAgentsBench,Complex,0.4324,0.4325,1.4164,0.239,1,1,1,group-2,solo,group-3,2312,706,4184
MAGBENCH_45d2b684-c55a-400b-ab09-76ee3a9ba64b,MedAgentsBench,Simple,0.0257,0.0,0.0,0.0,0,0,0,solo,solo,group-3,253,253,3013
MAGBENCH_460,MedAgentsBench,Moderate,0.3017,1.5267,1.5267,0.0,1,1,0,solo,solo,group-3,655,655,3900
MAGBENCH_464d6db1-cbf6-44c5-89b0-1599071e3a72,MedAgentsBench,Simple,0.0277,0.0,0.0,0.4034,0,0,1,solo,solo,group-3,191,191,2479
MAGBENCH_4653fb7a-ddbf-493b-b4ef-92205582a27a,MedAgentsBench,Simple,0.0257,0.0,0.0,0.5081,0,0,1,solo,solo,group-3,247,247,1968
MAGBENCH_46653ca7-d61a-4d6a-a135-91309eff9b49,MedAgentsBench,Simple,0.0237,0.0,0.0,0.0,0,0,0,solo,solo,group-3,347,347,2662
MAGBENCH_467,MedAgentsBench,Moderate,0.205,2.3041,2.3041,0.2906,1,1,1,solo,solo,group-3,434,434,3441
MAGBENCH_467d63c4d8a8fdb18974ee7edfdb5c4367d44ed7c4396e953def14f4fe8c2872,MedAgentsBench,Simple,0.0237,2.809,2.809,0.4047,1,1,1,solo,solo,group-3,356,356,2471
MAGBENCH_469,MedAgentsBench,Complex,0.3664,0.0,0.0,0.2541,0,0,1,solo,solo,group-3,639,639,3935
MAGBENCH_46_clinical_laboratory_scientist,MedAgentsBench,Simple,0.0177,7.9365,7.9365,0.5311,1,1,1,solo,solo,group-3,126,126,1883
MAGBENCH_46_occupational_therapist,MedAgentsBench,Simple,0.0497,0.0,0.0,0.0,0,0,0,solo,solo,group-3,282,282,2338
MAGBENCH_46f87e87-5b3e-465d-ae94-bd65b5f333c2,MedAgentsBench,Simple,0.0257,0.0,0.0,0.0,0,0,0,solo,solo,group-3,225,225,2146
MAGBENCH_46fe2094-87db-4117-b06f-7a7bebb94646,MedAgentsBench,Simple,0.0177,0.0,0.0,0.0,0,0,0,solo,solo,group-3,229,229,2511
MAGBENCH_470f224d-77cb-41dc-81e2-52f4cdce2acd,MedAgentsBench,Simple,0.0137,0.0,0.0,0.0,0,0,0,solo,solo,group-3,284,284,2859
MAGBENCH_4719558d-09ca-4c85-9bf8-454e80a138aa,MedAgentsBench,Simple,0.0237,0.0,0.0,0.0,0,0,0,solo,solo,group-3,306,306,2884
MAGBENCH_4720c165-03b3-4a1a-9e51-1f36c0bcd1be,MedAgentsBench,Simple,0.041,0.0,0.0,0.0,0,0,0,solo,solo,group-3,338,338,2557
MAGBENCH_474,MedAgentsBench,Moderate,0.1597,0.0,0.0,0.0,0,0,0,solo,solo,group-3,425,425,3135
MAGBENCH_475b9dc7-c23d-4e3f-a3c7-5dc5893a34b1,MedAgentsBench,Simple,0.0277,0.0,0.0,0.3497,0,0,1,solo,solo,group-3,331,331,2860
MAGBENCH_478d3388-e6a4-49a7-8c07-7b9f6f6c19b8,MedAgentsBench,Simple,0.0357,0.0,0.0,0.0,0,0,0,solo,solo,group-3,277,277,2427
MAGBENCH_47_clinical_laboratory_scientist,MedAgentsBench,Simple,0.0257,2.6247,2.6247,0.3275,1,1,1,solo,solo,group-3,381,381,3053
MAGBENCH_47_clinical_psychologist,MedAgentsBench,Simple,0.0277,0.0,0.0,0.0,0,0,0,solo,solo,group-3,265,265,2231
MAGBENCH_47_speech_pathologist,MedAgentsBench,Simple,0.067,0.0,0.0,0.0,0,0,0,solo,solo,group-3,293,293,3036
MAGBENCH_48,MedAgentsBench,Moderate,0.2197,0.0,0.0,0.0,0,0,0,solo,solo,group-3,545,545,3609
MAGBENCH_480,MedAgentsBench,Moderate,0.2217,0.0,0.0,0.0,0,0,0,solo,solo,group-3,559,559,3617
MAGBENCH_485,MedAgentsBench,Moderate,0.2517,0.0,0.0,0.0,0,0,0,solo,solo,group-3,518,518,3732
MAGBENCH_4873ac63-79fe-4fdb-a63b-1c4064b80d15,MedAgentsBench,Simple,0.0277,4.2918,4.2918,0.3965,1,1,1,solo,solo,group-3,233,233,2522
MAGBENCH_488,MedAgentsBench,Simple,0.0217,0.0,0.0,0.0,0,0,0,solo,solo,group-3,190,190,2643
MAGBENCH_489,MedAgentsBench,Moderate,0.193,2.2989,2.2989,0.3003,1,1,1,solo,solo,group-3,435,435,3330
MAGBENCH_48_biomedical_engineer,MedAgentsBench,Simple,0.0297,0.0,0.0,0.0,0,0,0,solo,solo,group-3,154,154,2078
MAGBENCH_48_occupational_therapist,MedAgentsBench,Simple,0.0297,0.0,0.0,0.0,0,0,0,solo,solo,group-3,333,333,2817
MAGBENCH_49,MedAgentsBench,Moderate,0.241,0.0,0.0,0.0,0,0,0,solo,solo,group-3,506,506,3558
MAGBENCH_490,MedAgentsBench,Moderate,0.2257,0.0,0.0,0.279,0,0,1,solo,solo,group-3,502,502,3584
MAGBENCH_492,MedAgentsBench,Simple,0.0197,0.0,0.0,0.0,0,0,0,solo,solo,group-3,138,138,2790
MAGBENCH_495,MedAgentsBench,Moderate,0.2317,0.0,0.0,0.0,0,0,0,solo,solo,group-3,513,513,3457
MAGBENCH_496,MedAgentsBench,Simple,0.0237,4.329,4.329,0.3852,1,1,1,solo,solo,group-3,231,231,2596
MAGBENCH_497ea93a-5cb7-481b-887c-8ffb86395262,MedAgentsBench,Simple,0.0217,2.8011,2.8011,0.0,1,1,0,solo,solo,group-3,357,357,2955
MAGBENCH_498c62ec-aed7-45cd-a1c4-d3415bdaf58c,MedAgentsBench,Simple,0.0277,0.0,0.0,0.0,0,0,0,solo,solo,group-3,251,251,2680
MAGBENCH_499,MedAgentsBench,Moderate,0.2737,0.0,0.0,0.0,0,0,0,solo,solo,group-3,642,642,3521
MAGBENCH_49_clinical_psychologist,MedAgentsBench,Simple,0.0457,4.7393,4.7393,0.501,1,1,1,solo,solo,group-3,211,211,1996
MAGBENCH_49aad5fe-d52b-4520-9fcd-e199f5f0f4c7,MedAgentsBench,Simple,0.0197,0.0,0.0,0.0,0,0,0,solo,solo,group-3,191,191,2812
MAGBENCH_4_occupational_therapist,MedAgentsBench,Simple,0.0397,0.0,0.0,0.0,0,0,0,solo,solo,group-3,263,263,2607
MAGBENCH_4_speech_pathologist,MedAgentsBench,Simple,0.0357,0.0,0.0,0.0,0,0,0,solo,solo,group-3,354,354,2719
MAGBENCH_4a1231e6-deb4-4c50-9dcd-d71fcd9021a2,MedAgentsBench,Simple,0.0237,0.0,0.0,0.0,0,0,0,solo,solo,group-3,190,190,2548
MAGBENCH_4a131164-eb3c-4152-9556-b81ae98e2066,MedAgentsBench,Simple,0.0257,3.268,3.268,0.406,1,1,1,solo,solo,group-3,306,306,2463
MAGBENCH_4a36bb7a-a19f-4aba-82b3-6cd35fc3cbc0,MedAgentsBench,Simple,0.0197,4.878,4.878,0.0,1,1,0,solo,solo,group-3,205,205,2461
MAGBENCH_4af61718-923a-4242-8090-532d83bed044,MedAgentsBench,Simple,0.0197,0.0,0.0,0.3512,0,0,1,solo,solo,group-3,186,186,2847
MAGBENCH_4b23b26b-c4d1-4273-af66-90c76a7a777c,MedAgentsBench,Simple,0.0237,0.0,0.0,0.0,0,0,0,solo,solo,group-3,228,228,2590
MAGBENCH_4bab5fce-dd4d-4196-906d-11354ffa1c8d,MedAgentsBench,Simple,0.0377,0.0,0.0,0.0,0,0,0,solo,solo,group-3,269,269,2338
MAGBENCH_4bb5fc70-f901-4508-bc36-39e1f0b6898f,MedAgentsBench,Simple,0.0197,0.0,0.0,0.3623,0,0,1,solo,solo,group-3,108,108,2760
MAGBENCH_4bfec2de-e6e7-41c6-bbe9-3dc864f9d719,MedAgentsBench,Simple,0.0177,6.8966,6.8966,0.4055,1,1,1,solo,solo,group-3,145,145,2466
MAGBENCH_4c0b406e-5d78-4f1d-99ca-c51f8d240e4f,MedAgentsBench,Simple,0.0897,0.0,0.0,0.0,0,0,0,solo,solo,group-3,437,437,3056
MAGBENCH_4c6b43ff-d302-4bb0-b9b6-873cd50cb014,MedAgentsBench,Simple,0.0357,0.0,0.0,0.0,0,0,0,solo,solo,group-3,289,289,2166
MAGBENCH_4c74361f-7de5-4a70-9221-c8f5c9554081,MedAgentsBench,Simple,0.0197,7.9365,7.9365,0.3178,1,1,1,solo,solo,group-3,126,126,3147
MAGBENCH_4cb6b49b-3422-4add-9f90-7a7d6678be62,MedAgentsBench,Simple,0.0477,0.0,0.0,0.0,0,0,0,solo,solo,group-3,369,369,2902
MAGBENCH_4cd9cf13-3bf7-438a-ae19-02288af1e943,MedAgentsBench,Simple,0.0777,0.0,0.0,0.0,0,0,0,solo,solo,group-3,397,397,3073
MAGBENCH_4d0ad58c-0f6a-4711-ad6a-9481186ce5f4,MedAgentsBench,Simple,0.0177,0.0,0.0,0.0,0,0,0,solo,solo,group-3,90,90,2763
MAGBENCH_4d23c715-87a3-47f7-94be-e54bb0e6288b,MedAgentsBench,Simple,0.0417,4.1841,4.1841,0.3516,1,1,1,solo,solo,group-3,239,239,2844
MAGBENCH_4d93aaa2-b44e-4c76-9332-7110cc1cfa63,MedAgentsBench,Simple,0.0197,0.0,0.0,0.0,0,0,0,solo,solo,group-3,233,233,2817
MAGBENCH_4d992bbe-1bd9-417f-b08b-4a1c22095439,MedAgentsBench,Simple,0.0317,4.386,4.386,0.3968,1,1,1,solo,solo,group-3,228,228,2520
MAGBENCH_4da7ade0ceb3ad62fc66ea922f3217b0f4fc4c6965e18180069aab1f9872f4f4,MedAgentsBench,Moderate,0.1197,3.5461,3.5461,0.3305,1,1,1,solo,solo,group-3,282,282,3026
MAGBENCH_4e3061f9-0a14-4878-9abd-6a0459b268b8,MedAgentsBench,Simple,0.0177,0.0,0.0,0.0,0,0,0,solo,solo,group-3,163,163,2598
MAGBENCH_4e9993a8-951b-44b2-b451-0d1bbb3f3060,MedAgentsBench,Simple,0.0217,0.0,0.0,0.0,0,0,0,solo,solo,group-3,281,281,2585
MAGBENCH_4eef4a6b-af8e-4472-9caa-95c1f1a415c8,MedAgentsBench,Simple,0.0477,0.0,0.0,0.0,0,0,0,solo,solo,group-3,246,246,2908
MAGBENCH_4f3977a7-1243-421b-a401-63aa119c0e66,MedAgentsBench,Simple,0.0317,0.0,0.0,0.0,0,0,0,solo,solo,group-3,386,386,2657
MAGBENCH_4f4c9567-a316-45fb-8968-1324e31933ed,MedAgentsBench,Simple,0.0177,0.0,0.0,0.0,0,0,0,solo,solo,group-3,145,145,2199
MAGBENCH_4f5f8f0f-7956-4d71-b7ad-d29b76eda55f,MedAgentsBench,Simple,0.0217,0.0,0.0,0.3989,0,0,1,solo,solo,group-3,194,194,2507
MAGBENCH_4fbd9ccb-2efb-4e4a-bcea-2db337a825ff,MedAgentsBench,Simple,0.0417,3.2895,3.2895,0.3333,1,1,1,solo,solo,group-3,304,304,3000
MAGBENCH_4fec3e84-b821-4da3-b300-dc0ad6c32608,MedAgentsBench,Simple,0.0277,2.3923,2.3923,0.3574,1,1,1,solo,solo,group-3,418,418,2798
MAGBENCH_50,MedAgentsBench,Moderate,0.2797,0.0,0.0,0.0,0,0,0,solo,solo,group-3,481,481,3444
MAGBENCH_500,MedAgentsBench,Simple,0.0257,3.876,3.876,0.3655,1,1,1,solo,solo,group-3,258,258,2736
MAGBENCH_502,MedAgentsBench,Moderate,0.1517,0.0,0.0,0.0,0,0,0,solo,solo,group-3,440,440,3143
MAGBENCH_503,MedAgentsBench,Moderate,0.1237,0.0,0.0,0.0,0,0,0,solo,solo,group-3,412,412,3243
MAGBENCH_507,MedAgentsBench,Complex,0.4077,0.0,1.2107,0.0,0,1,0,group-2,solo,group-3,2270,826,4175
MAGBENCH_50_speech_pathologist,MedAgentsBench,Simple,0.0237,0.0,0.0,0.0,0,0,0,solo,solo,group-3,312,312,2635
MAGBENCH_50aa2943-d234-4743-88e0-286d47774107,MedAgentsBench,Simple,0.0477,3.413,3.413,0.0,1,1,0,solo,solo,group-3,293,293,2914
MAGBENCH_50ca6bfb-4e53-40a0-a3a6-14cb2e92d6ab,MedAgentsBench,Simple,0.0177,0.0,0.0,0.0,0,0,0,solo,solo,group-3,263,263,2527
MAGBENCH_51,MedAgentsBench,Moderate,0.2424,0.0,0.0,0.0,0,0,0,solo,solo,group-3,643,643,3798
MAGBENCH_510,MedAgentsBench,Simple,0.0317,0.0,0.0,0.0,0,0,0,solo,solo,group-3,246,246,2229
MAGBENCH_511,MedAgentsBench,Simple,0.0377,0.0,0.0,0.0,0,0,0,solo,solo,group-3,298,298,2302
MAGBENCH_5115d601-c567-4a71-a53a-e4a7facd703b,MedAgentsBench,Simple,0.0257,8.9286,8.9286,0.4684,1,1,1,solo,solo,group-3,112,112,2135
MAGBENCH_512,MedAgentsBench,Simple,0.0357,2.994,2.994,0.0,1,1,0,solo,solo,group-3,334,334,2680
MAGBENCH_51234bc7-9170-45cc-8494-837fe23af441,MedAgentsBench,Simple,0.0677,0.0,0.0,0.0,0,0,0,solo,solo,group-3,331,331,2922
MAGBENCH_515,MedAgentsBench,Moderate,0.203,0.0,0.0,0.0,0,0,0,solo,solo,group-3,455,455,3384
MAGBENCH_516,MedAgentsBench,Simple,0.0197,0.0,0.0,0.0,0,0,0,solo,solo,group-3,198,198,2883
MAGBENCH_517,MedAgentsBench,Simple,0.0237,0.0,0.0,0.0,0,0,0,solo,solo,group-3,124,124,2289
MAGBENCH_51_clinical_psychologist,MedAgentsBench,Simple,0.0517,8.0645,8.0645,0.397,1,1,1,solo,solo,group-3,124,124,2519
MAGBENCH_51_speech_pathologist,MedAgentsBench,Simple,0.0797,0.0,0.0,0.0,0,0,0,solo,solo,group-3,362,362,2903
MAGBENCH_51bdbdd1-de3d-45e7-8bfb-dbd36e1ae434,MedAgentsBench,Simple,0.0417,0.0,0.0,0.0,0,0,0,solo,solo,group-3,362,362,3033
MAGBENCH_52,MedAgentsBench,Complex,0.419,0.0,0.0,0.0,0,0,0,group-2,solo,group-3,2270,811,4173
MAGBENCH_523,MedAgentsBench,Simple,0.0877,0.0,0.0,0.0,0,0,0,solo,solo,group-3,394,394,3112
MAGBENCH_525c0f64-0789-4991-9192-e8e8b7e65f43,MedAgentsBench,Simple,0.0257,9.434,9.434,0.406,1,1,1,solo,solo,group-3,106,106,2463
MAGBENCH_526,MedAgentsBench,Moderate,0.2897,1.7825,1.7825,0.2743,1,1,1,solo,solo,group-3,561,561,3646
MAGBENCH_5276909f-5e4a-44a9-b5d4-9c7c29422818,MedAgentsBench,Simple,0.0557,0.0,0.0,0.0,0,0,0,solo,solo,group-3,337,337,2549
MAGBENCH_529,MedAgentsBench,Simple,0.0257,0.0,0.0,0.0,0,0,0,solo,solo,group-3,349,349,2967
MAGBENCH_52_clinical_laboratory_scientist,MedAgentsBench,Simple,0.0377,2.809,2.809,0.3291,1,1,1,solo,solo,group-3,356,356,3039
MAGBENCH_52_occupational_therapist,MedAgentsBench,Simple,0.0377,7.6336,7.6336,0.3646,1,1,1,solo,solo,group-3,131,131,2743
MAGBENCH_52e0bdf3-57a4-4dd6-ba5c-e9facb82e61f,MedAgentsBench,Simple,0.0257,3.268,3.268,0.3722,1,1,1,solo,solo,group-3,306,306,2687
MAGBENCH_530,MedAgentsBench,Simple,0.0217,5.1282,5.1282,0.4713,1,1,1,solo,solo,group-3,195,195,2122
MAGBENCH_533dcf5e-9bf9-4c25-a1bd-64f13f6e916b,MedAgentsBench,Simple,0.0217,0.0,0.0,0.3652,0,0,1,solo,solo,group-3,197,197,2738
MAGBENCH_534,MedAgentsBench,Simple,0.0297,7.7519,7.7519,0.445,1,1,1,solo,solo,group-3,129,129,2247
MAGBENCH_535bf03d-8714-46a8-84a0-13bf499129f7,MedAgentsBench,Simple,0.0217,0.0,0.0,0.0,0,0,0,solo,solo,group-3,345,345,2643
MAGBENCH_537,MedAgentsBench,Simple,0.0197,3.2895,3.2895,0.3799,1,1,1,solo,solo,group-3,304,304,2632
MAGBENCH_53925f03-9145-4ca4-97ea-2e9f154fd36c,MedAgentsBench,Simple,0.0377,3.5461,3.5461,0.3447,1,1,1,solo,solo,group-3,282,282,2901
MAGBENCH_539291d5-becc-4ccc-8862-9d9ff4fcc121,MedAgentsBench,Simple,0.0437,3.9841,3.9841,0.3705,1,1,1,solo,solo,group-3,251,251,2699
MAGBENCH_53b25799-4578-4b4b-aa22-5c9aa6b4f62c,MedAgentsBench,Simple,0.0277,0.0,0.0,0.0,0,0,0,solo,solo,group-3,305,305,2602
MAGBENCH_53c46c77-bc75-4269-a36c-58effa4f357d,MedAgentsBench,Simple,0.0437,0.0,0.0,0.0,0,0,0,solo,solo,group-3,282,282,3015
MAGBENCH_53cc935b-3123-4b83-ad62-307b2b736c9e,MedAgentsBench,Simple,0.0417,0.0,0.0,0.0,0,0,0,solo,solo,group-3,330,330,2795
MAGBENCH_540,MedAgentsBench,Moderate,0.2917,0.0,0.0,0.0,0,0,0,solo,solo,group-3,566,566,3656
MAGBENCH_54054782-8948-4be1-861f-dd67a24a5b9c,MedAgentsBench,Simple,0.0177,4.0984,4.0984,0.399,1,1,1,solo,solo,group-3,244,244,2506
MAGBENCH_5419a97a-9132-4f87-9bb5-3ca06dd47507,MedAgentsBench,Simple,0.0337,0.0,0.0,0.0,0,0,0,solo,solo,group-3,394,394,3102
MAGBENCH_542,MedAgentsBench,Simple,0.0517,7.9365,7.9365,0.7337,1,1,1,solo,solo,group-3,126,126,1363
MAGBENCH_544,MedAgentsBench,Moderate,0.239,0.0,0.0,0.0,0,0,0,solo,solo,group-3,552,552,3420
MAGBENCH_549,MedAgentsBench,Moderate,0.2317,1.8727,1.8727,0.2769,1,1,1,solo,solo,group-3,534,534,3612
MAGBENCH_54_biomedical_engineer,MedAgentsBench,Simple,0.0297,0.0,0.0,0.0,0,0,0,solo,solo,group-3,205,205,2142
MAGBENCH_54_clinical_laboratory_scientist,MedAgentsBench,Simple,0.0257,3.9062,3.9062,0.382,1,1,1,solo,solo,group-3,256,256,2618
MAGBENCH_54_clinical_psychologist,MedAgentsBench,Simple,0.0397,0.0,0.0,0.0,0,0,0,solo,solo,group-3,256,256,2392
MAGBENCH_54d61676-f03f-4c52-a706-26481e10ec98,MedAgentsBench,Simple,0.0257,5.848,5.848,0.3782,1,1,1,solo,solo,group-3,171,171,2644
MAGBENCH_550,MedAgentsBench,Moderate,0.125,0.0,0.0,0.0,0,0,0,solo,solo,group-3,375,375,3237
MAGBENCH_5502e908-10f1-4588-afd2-6bfd63d1b1f3,MedAgentsBench,Simple,0.0217,0.0,0.0,0.0,0,0,0,solo,solo,group-3,248,248,2919
MAGBENCH_552,MedAgentsBench,Complex,0.4457,0.0,1.1455,0.221,0,1,1,group-2,solo,group-3,2503,873,4524
MAGBENCH_554,MedAgentsBench,Simple,0.035,0.0,0.0,0.3883,0,0,1,solo,solo,group-3,121,121,2575
MAGBENCH_558,MedAgentsBench,Moderate,0.2797,1.7212,1.7212,0.261,1,1,1,solo,solo,group-3,581,581,3831
MAGBENCH_5587f082-44da-4a6e-9c8a-d1ee7760bf60,MedAgentsBench,Simple,0.0697,2.994,2.994,0.2987,1,1,1,solo,solo,group-3,334,334,3348
MAGBENCH_55_clinical_laboratory_scientist,MedAgentsBench,Simple,0.0277,4.0323,4.0323,0.4027,1,1,1,solo,solo,group-3,248,248,2483
MAGBENCH_55_clinical_psychologist,MedAgentsBench,Simple,0.0337,0.0,0.0,0.0,0,0,0,solo,solo,group-3,402,402,2790
MAGBENCH_561aefb5-77c7-433e-8029-096d77ad3099,MedAgentsBench,Moderate,0.139,0.0,0.0,0.0,0,0,0,solo,solo,group-3,377,377,3425
MAGBENCH_562,MedAgentsBench,Simple,0.0277,0.0,0.0,0.0,0,0,0,solo,solo,group-3,211,211,2302
MAGBENCH_563,MedAgentsBench,Simple,0.0177,4.3103,4.3103,0.3623,1,1,1,solo,solo,group-3,232,232,2760
MAGBENCH_5641b32f-91e7-4a52-bd8a-a1db071d0d45,MedAgentsBench,Simple,0.0317,3.2895,3.2895,0.4543,1,1,1,solo,solo,group-3,304,304,2201
MAGBENCH_565d9d77-689a-4e68-bd65-7016980692ba,MedAgentsBench,Simple,0.0337,0.0,0.0,0.0,0,0,0,solo,solo,group-3,348,348,2674
MAGBENCH_566,MedAgentsBench,Moderate,0.3564,0.0,0.0,0.0,0,0,0,solo,solo,group-3,673,673,3910
MAGBENCH_567,MedAgentsBench,Moderate,0.197,0.0,0.0,0.0,0,0,0,solo,solo,group-3,464,464,3568
MAGBENCH_56_clinical_laboratory_scientist,MedAgentsBench,Simple,0.0377,0.0,0.0,0.0,0,0,0,solo,solo,group-3,352,352,2471
MAGBENCH_56a82596-5a2c-461b-b6a4-00019b3e4eaf,MedAgentsBench,Simple,0.0277,0.0,0.0,0.0,0,0,0,solo,solo,group-3,384,384,2883
MAGBENCH_57,MedAgentsBench,Moderate,0.1997,1.7094,1.7094,0.2757,1,1,1,solo,solo,group-3,585,585,3627
MAGBENCH_570239d9-50eb-43d4-9003-f8c2574aed5c,MedAgentsBench,Simple,0.051,0.0,0.0,0.0,0,0,0,solo,solo,group-3,396,396,3042
MAGBENCH_572,MedAgentsBench,Moderate,0.179,0.0,0.0,0.0,0,0,0,solo,solo,group-3,491,491,3396
MAGBENCH_575,MedAgentsBench,Moderate,0.2044,2.6525,2.6525,0.315,1,1,1,solo,solo,group-3,377,377,3175
MAGBENCH_575acac4-e189-40a7-937e-4e723b0f0225,MedAgentsBench,Simple,0.0117,0.0,0.0,0.0,0,0,0,solo,solo,group-3,109,109,2289
MAGBENCH_579,MedAgentsBench,Simple,0.0297,3.367,3.367,0.3808,1,1,1,solo,solo,group-3,297,297,2626
MAGBENCH_579951c3-517c-41e4-ac39-0a48f474c01b,MedAgentsBench,Simple,0.0957,3.4483,3.4483,0.3556,1,1,1,solo,solo,group-3,290,290,2812
MAGBENCH_57d48689-dcbd-4e81-9ea9-d56b7f7eed2d,MedAgentsBench,Simple,0.0237,0.0,0.0,0.0,0,0,0,solo,solo,group-3,196,196,2455
MAGBENCH_57f4102b-4c7f-41b0-8ee5-a221747da8ab,MedAgentsBench,Simple,0.0417,0.0,0.0,0.0,0,0,0,solo,solo,group-3,290,290,2905
MAGBENCH_57f646bb-fbf5-489b-9991-dcb361be9561,MedAgentsBench,Simple,0.0177,0.0,0.0,0.0,0,0,0,solo,solo,group-3,160,160,1712
MAGBENCH_581,MedAgentsBench,Simple,0.0297,0.0,0.0,0.0,0,0,0,solo,solo,group-3,281,281,2648
MAGBENCH_5814145c-8aed-4f7e-abf1-ba410ab7e2cb,MedAgentsBench,Simple,0.0117,9.0909,9.0909,0.3908,1,1,1,solo,solo,group-3,110,110,2559
MAGBENCH_5823e5f0-8ea7-4583-bbeb-409c9206dbd8,MedAgentsBench,Simple,0.0277,3.4602,3.4602,0.3953,1,1,1,solo,solo,group-3,289,289,2530
MAGBENCH_585,MedAgentsBench,Moderate,0.293,1.7575,1.7575,0.2685,1,1,1,solo,solo,group-3,569,569,3725
MAGBENCH_586,MedAgentsBench,Simple,0.0557,5.1813,5.1813,0.5147,1,1,1,solo,solo,group-3,193,193,1943
MAGBENCH_586daa2f-3bc5-4a48-8da5-21374ee1bf07,MedAgentsBench,Simple,0.0237,0.0,0.0,0.0,0,0,0,solo,solo,group-3,292,292,2887
MAGBENCH_587,MedAgentsBench,Simple,0.0217,0.0,0.0,0.0,0,0,0,solo,solo,group-3,243,243,2903
MAGBENCH_58_clinical_laboratory_scientist,MedAgentsBench,Simple,0.0257,2.6882,2.6882,0.3384,1,1,1,solo,solo,group-3,372,372,2955
MAGBENCH_58d83508-8ad5-4137-a215-d6b084f49e3c,MedAgentsBench,Simple,0.0277,0.0,0.0,0.0,0,0,0,solo,solo,group-3,235,235,2495
MAGBENCH_58e40694-1799-476f-8618-af488bda8892,MedAgentsBench,Simple,0.0737,2.7933,2.7933,0.3085,1,1,1,solo,solo,group-3,358,358,3241
MAGBENCH_590,MedAgentsBench,Moderate,0.1177,2.1008,2.1008,0.304,1,1,1,solo,solo,group-3,476,476,3289
MAGBENCH_590217c3-2f56-4547-a6e3-e3d3409bc6e2,MedAgentsBench,Simple,0.0117,3.1056,3.1056,0.3278,1,1,1,solo,solo,group-3,322,322,3051
MAGBENCH_591,MedAgentsBench,Moderate,0.2364,2.4096,2.4096,0.2849,1,1,1,solo,solo,group-3,415,415,3510
MAGBENCH_5917b59d-d9f8-4234-b0be-13f9c7325e9f,MedAgentsBench,Simple,0.0137,0.0,0.0,0.346,0,0,1,solo,solo,group-3,291,291,2890
MAGBENCH_592,MedAgentsBench,Moderate,0.155,2.809,2.809,0.3248,1,1,1,solo,solo,group-3,356,356,3079
MAGBENCH_593,MedAgentsBench,Moderate,0.283,1.8657,1.8657,0.2864,1,1,1,solo,solo,group-3,536,536,3492
MAGBENCH_594,MedAgentsBench,Moderate,0.291,1.8116,1.8116,0.0,1,1,0,solo,solo,group-3,552,552,3658
MAGBENCH_594d2b69-4fb8-4ae5-a4e6-c8f6597a1922,MedAgentsBench,Simple,0.0237,3.1949,3.1949,0.0,1,1,0,solo,solo,group-3,313,313,2603
MAGBENCH_595,MedAgentsBench,Simple,0.0297,7.8125,7.8125,0.4077,1,1,1,solo,solo,group-3,128,128,2453
MAGBENCH_5951aa74-d30c-4c33-b1e6-dd5e5d103ca0,MedAgentsBench,Simple,0.0197,0.0,0.0,0.0,0,0,0,solo,solo,group-3,141,141,2829
MAGBENCH_59_clinical_psychologist,MedAgentsBench,Simple,0.0417,0.0,0.0,0.0,0,0,0,solo,solo,group-3,325,325,2389
MAGBENCH_59ade17d-2139-4c4b-b0b5-ec6d6cf3c073,MedAgentsBench,Simple,0.0197,0.0,0.0,0.0,0,0,0,solo,solo,group-3,255,255,2913
MAGBENCH_5_speech_pathologist,MedAgentsBench,Simple,0.0337,0.0,0.0,0.0,0,0,0,solo,solo,group-3,341,341,2870
MAGBENCH_5a032693-e7d9-4789-97a8-bd884b75c1b1,MedAgentsBench,Simple,0.0277,0.0,0.0,0.0,0,0,0,solo,solo,group-3,395,395,2989
MAGBENCH_5b0c9583-ed81-4ba8-bbd6-a129d6b6a0fc,MedAgentsBench,Simple,0.0457,0.0,0.0,0.0,0,0,0,solo,solo,group-3,161,161,2777
MAGBENCH_5b53950b-3426-4836-9c2f-23735fecc6aa,MedAgentsBench,Simple,0.065,0.0,0.0,0.0,0,0,0,solo,solo,group-3,400,400,2962
MAGBENCH_5b612728-c228-4423-8fd8-fde0ff1d3f68,MedAgentsBench,Simple,0.0157,0.0,0.0,0.0,0,0,0,solo,solo,group-3,420,420,2849
MAGBENCH_5bb71e79-6495-4b29-a2b4-8af6d9fb4d86,MedAgentsBench,Simple,0.0117,0.0,0.0,0.0,0,0,0,solo,solo,group-3,241,241,2712
MAGBENCH_5bca2ed8-85d7-4ec5-8c3a-96ce2c3ca045,MedAgentsBench,Simple,0.0157,3.1447,3.1447,0.3208,1,1,1,solo,solo,group-3,318,318,3117
MAGBENCH_5c429b7b-6cb3-432b-9a09-96415821c0a0,MedAgentsBench,Simple,0.0497,0.0,0.0,0.0,0,0,0,solo,solo,group-3,296,296,3222
MAGBENCH_5c578aa4-a6fd-4de5-b0f6-adb926564122,MedAgentsBench,Simple,0.0237,0.0,0.0,0.0,0,0,0,solo,solo,group-3,200,200,2238
MAGBENCH_5c81be38c06635eac3b106582f06e3434b4a37b9da854d08400c601a7c861f49,MedAgentsBench,Simple,0.0137,0.0,0.0,0.0,0,0,0,solo,solo,group-3,137,137,2356
MAGBENCH_5c98317f-be24-441a-9349-7f423d681dfc,MedAgentsBench,Simple,0.0217,3.3557,3.3557,0.4168,1,1,1,solo,solo,group-3,298,298,2399
MAGBENCH_5ef662e7-6d00-4ca1-a592-b862a54a5efa,MedAgentsBench,Simple,0.0657,0.0,0.0,0.0,0,0,0,solo,solo,group-3,424,424,3234
MAGBENCH_5efc0877-615f-4154-ba76-46a27844c5a3,MedAgentsBench,Simple,0.0357,2.924,2.924,0.0,1,1,0,solo,solo,group-3,342,342,3285
MAGBENCH_5f0ad8da-864f-49f7-952f-f4755813e4c5,MedAgentsBench,Simple,0.0157,0.0,0.0,0.0,0,0,0,solo,solo,group-3,341,341,2889
MAGBENCH_5f2e0649-aabe-48ad-9063-2c4554d053a2,MedAgentsBench,Simple,0.0297,0.0,0.0,0.0,0,0,0,solo,solo,group-3,344,344,2543
MAGBENCH_5f44201f7f1d9e026d1dc206e1b57129344902f8320b01d081f532f99ea0dd61,MedAgentsBench,Simple,0.0277,0.0,0.0,0.0,0,0,0,solo,solo,group-3,136,136,2567
MAGBENCH_5f4b2d07-01cf-4c5f-9140-1d0649ec58ca,MedAgentsBench,Simple,0.0317,0.0,0.0,0.0,0,0,0,solo,solo,group-3,388,388,3174
MAGBENCH_5fd61c9e-450e-415b-a055-24f62de4cdd6,MedAgentsBench,Simple,0.0297,0.0,0.0,0.0,0,0,0,solo,solo,group-3,269,269,2673
MAGBENCH_6,MedAgentsBench,Moderate,0.147,0.0,0.0,0.0,0,0,0,solo,solo,group-3,441,441,3142
MAGBENCH_60,MedAgentsBench,Moderate,0.3377,0.0,0.0,0.0,0,0,0,solo,solo,group-3,630,630,3954
MAGBENCH_6001,MedAgentsBench,Simple,0.0237,0.0,0.0,0.0,0,0,0,solo,solo,group-3,208,208,2658
MAGBENCH_6004,MedAgentsBench,Simple,0.0317,0.0,0.0,0.0,0,0,0,solo,solo,group-3,327,327,2850
MAGBENCH_6004baf5-e4da-4d48-915d-e1bd251c936e,MedAgentsBench,Simple,0.0237,0.0,0.0,0.0,0,0,0,solo,solo,group-3,172,172,2190
MAGBENCH_6005,MedAgentsBench,Simple,0.0217,0.0,0.0,0.0,0,0,0,solo,solo,group-3,370,370,3197
MAGBENCH_6006,MedAgentsBench,Simple,0.0297,0.0,0.0,0.0,0,0,0,solo,solo,group-3,171,171,2568
MAGBENCH_6009,MedAgentsBench,Simple,0.0277,0.0,0.0,0.3882,0,0,1,solo,solo,group-3,114,114,2576
MAGBENCH_601,MedAgentsBench,Moderate,0.1217,2.3474,2.3474,0.3166,1,1,1,solo,solo,group-3,426,426,3159
MAGBENCH_6015,MedAgentsBench,Simple,0.041,0.0,0.0,0.0,0,0,0,solo,solo,group-3,195,195,2645
MAGBENCH_6016,MedAgentsBench,Simple,0.0157,0.0,0.0,0.0,0,0,0,solo,solo,group-3,189,189,2564
MAGBENCH_6017,MedAgentsBench,Simple,0.0217,0.0,0.0,0.0,0,0,0,solo,solo,group-3,208,208,2588
MAGBENCH_6018,MedAgentsBench,Simple,0.0097,0.0,0.0,0.0,0,0,0,solo,solo,group-3,140,140,1867
MAGBENCH_6021,MedAgentsBench,Simple,0.0437,0.0,0.0,0.0,0,0,0,solo,solo,group-3,163,163,2146
MAGBENCH_6027,MedAgentsBench,Simple,0.0297,0.0,0.0,0.0,0,0,0,solo,solo,group-3,109,109,2550
MAGBENCH_6028,MedAgentsBench,Simple,0.0277,0.0,0.0,0.0,0,0,0,solo,solo,group-3,124,124,2464
MAGBENCH_6029,MedAgentsBench,Simple,0.0117,0.0,0.0,0.0,0,0,0,solo,solo,group-3,142,142,2914
MAGBENCH_603,MedAgentsBench,Simple,0.0357,0.0,0.0,0.0,0,0,0,solo,solo,group-3,255,255,2172
MAGBENCH_6038,MedAgentsBench,Moderate,0.219,0.0,0.0,0.0,0,0,0,solo,solo,group-3,512,512,3506
MAGBENCH_604,MedAgentsBench,Moderate,0.1644,0.0,0.0,0.2987,0,0,1,solo,solo,group-3,354,354,3348
MAGBENCH_6041,MedAgentsBench,Moderate,0.2864,0.0,0.0,0.0,0,0,0,solo,solo,group-3,477,477,3422
MAGBENCH_6042,MedAgentsBench,Moderate,0.2864,0.0,0.0,0.0,0,0,0,solo,solo,group-3,565,565,3555
MAGBENCH_6045,MedAgentsBench,Moderate,0.293,1.5552,1.5552,0.2571,1,1,1,solo,solo,group-3,643,643,3889
MAGBENCH_605,MedAgentsBench,Simple,0.0237,0.0,0.0,0.0,0,0,0,solo,solo,group-3,292,292,2644
MAGBENCH_6050,MedAgentsBench,Simple,0.0237,0.0,0.0,0.0,0,0,0,solo,solo,group-3,215,215,2381
MAGBENCH_6052,MedAgentsBench,Simple,0.0257,0.0,0.0,0.0,0,0,0,solo,solo,group-3,316,316,1053
MAGBENCH_6053,MedAgentsBench,Simple,0.0517,0.0,0.0,0.0,0,0,0,solo,solo,group-3,256,256,2377
MAGBENCH_6056,MedAgentsBench,Simple,0.0237,4.4843,4.4843,0.5459,1,1,1,solo,solo,group-3,223,223,1832
MAGBENCH_6057,MedAgentsBench,Simple,0.0317,4.9261,4.9261,0.369,1,1,1,solo,solo,group-3,203,203,2710
MAGBENCH_6059,MedAgentsBench,Simple,0.0717,0.0,0.0,0.0,0,0,0,solo,solo,group-3,373,373,2414
MAGBENCH_605c9835-95d4-4a5e-b400-09bf38e75e4c,MedAgentsBench,Moderate,0.1017,2.7397,2.7397,0.3256,1,1,1,solo,solo,group-3,365,365,3071
MAGBENCH_6062,MedAgentsBench,Simple,0.0257,0.0,0.0,0.0,0,0,0,solo,solo,group-3,229,229,2447
MAGBENCH_6064,MedAgentsBench,Simple,0.0217,0.0,0.0,0.0,0,0,0,solo,solo,group-3,371,371,2760
MAGBENCH_6068,MedAgentsBench,Simple,0.0137,0.0,0.0,0.0,0,0,0,solo,solo,group-3,400,400,2955
MAGBENCH_607,MedAgentsBench,Simple,0.0297,0.0,0.0,0.0,0,0,0,solo,solo,group-3,341,341,3054
MAGBENCH_6077,MedAgentsBench,Simple,0.0477,0.0,0.0,0.0,0,0,0,solo,solo,group-3,283,283,2859
MAGBENCH_6079,MedAgentsBench,Simple,0.0657,0.0,0.0,0.0,0,0,0,solo,solo,group-3,299,299,2101
MAGBENCH_6085,MedAgentsBench,Simple,0.0317,0.0,0.0,0.0,0,0,0,solo,solo,group-3,331,331,2967
MAGBENCH_6089,MedAgentsBench,Simple,0.0277,0.0,0.0,0.0,0,0,0,solo,solo,group-3,350,350,2732
MAGBENCH_609,MedAgentsBench,Moderate,0.199,2.1505,2.1505,0.2974,1,1,1,solo,solo,group-3,465,465,3363
MAGBENCH_6092,MedAgentsBench,Simple,0.0197,0.0,0.0,0.0,0,0,0,solo,solo,group-3,170,170,1976
MAGBENCH_6093,MedAgentsBench,Simple,0.0357,0.0,0.0,0.0,0,0,0,solo,solo,group-3,225,225,2619
MAGBENCH_6096,MedAgentsBench,Simple,0.0257,0.0,0.0,0.0,0,0,0,solo,solo,group-3,293,293,2808
MAGBENCH_6097,MedAgentsBench,Simple,0.0297,0.0,0.0,0.0,0,0,0,solo,solo,group-3,210,210,2120
MAGBENCH_6098,MedAgentsBench,Simple,0.0257,0.0,0.0,0.0,0,0,0,solo,solo,group-3,307,307,2755
MAGBENCH_6099,MedAgentsBench,Simple,0.0257,0.0,0.0,0.0,0,0,0,solo,solo,group-3,253,253,2291
MAGBENCH_60_clinical_psychologist,MedAgentsBench,Simple,0.0597,3.8168,3.8168,0.4589,1,1,1,solo,solo,group-3,262,262,2179
MAGBENCH_60_occupational_therapist,MedAgentsBench,Simple,0.0317,5.1813,5.1813,0.4175,1,1,1,solo,solo,group-3,193,193,2395
MAGBENCH_60f690e1-518f-42c4-9ddb-acbf65c1731e,MedAgentsBench,Simple,0.0177,0.0,0.0,0.0,0,0,0,solo,solo,group-3,164,164,2838
MAGBENCH_610,MedAgentsBench,Simple,0.0157,0.0,0.0,0.0,0,0,0,solo,solo,group-3,161,161,2670
MAGBENCH_6101,MedAgentsBench,Simple,0.0257,0.0,0.0,0.0,0,0,0,solo,solo,group-3,203,203,2601
MAGBENCH_6102,MedAgentsBench,Simple,0.0917,3.0581,3.0581,0.3648,1,1,1,solo,solo,group-3,327,327,2741
MAGBENCH_6103,MedAgentsBench,Simple,0.0217,0.0,0.0,0.0,0,0,0,solo,solo,group-3,90,90,2498
MAGBENCH_6105,MedAgentsBench,Complex,0.419,0.0,0.0,0.0,0,0,0,group-2,solo,group-3,2346,773,4289
MAGBENCH_6109,MedAgentsBench,Moderate,0.1737,0.0,0.0,0.0,0,0,0,solo,solo,group-3,539,539,3319
MAGBENCH_6112,MedAgentsBench,Moderate,0.139,2.3641,2.3641,0.3022,1,1,1,solo,solo,group-3,423,423,3309
MAGBENCH_6114,MedAgentsBench,Moderate,0.1404,0.0,0.0,0.0,0,0,0,solo,solo,group-3,481,481,3365
MAGBENCH_6115,MedAgentsBench,Simple,0.0897,2.6738,2.6738,0.0,1,1,0,solo,solo,group-3,374,374,3060
MAGBENCH_6127,MedAgentsBench,Simple,0.0297,0.0,0.0,0.0,0,0,0,solo,solo,group-3,389,389,3084
MAGBENCH_6131593b7fb628ecb0451c0119f0bd2718fe6cf1a8245b33acc316c5c9057619,MedAgentsBench,Simple,0.0697,0.0,0.0,0.0,0,0,0,solo,solo,group-3,395,395,3232
MAGBENCH_6134,MedAgentsBench,Simple,0.0257,0.0,0.0,0.0,0,0,0,solo,solo,group-3,249,249,2439
MAGBENCH_6137,MedAgentsBench,Simple,0.0337,3.5211,3.5211,0.0,1,1,0,solo,solo,group-3,284,284,2580
MAGBENCH_6138,MedAgentsBench,Simple,0.059,3.0675,3.0675,0.3355,1,1,1,solo,solo,group-3,326,326,2981
MAGBENCH_6139,MedAgentsBench,Moderate,0.1697,4.3668,4.3668,0.431,1,1,1,solo,solo,group-3,229,229,2320
MAGBENCH_614,MedAgentsBench,Complex,0.371,0.0,0.0,0.0,0,0,0,solo,solo,group-3,767,767,4279
MAGBENCH_6143,MedAgentsBench,Simple,0.0277,0.0,0.0,0.0,0,0,0,solo,solo,group-3,289,289,2537
MAGBENCH_6145,MedAgentsBench,Simple,0.0437,0.0,0.0,0.4423,0,0,1,solo,solo,group-3,182,182,2261
MAGBENCH_6146,MedAgentsBench,Simple,0.0317,0.0,0.0,0.0,0,0,0,solo,solo,group-3,417,417,2738
MAGBENCH_615,MedAgentsBench,Simple,0.035,0.0,0.0,0.3347,0,0,1,solo,solo,group-3,204,204,2988
MAGBENCH_6153,MedAgentsBench,Simple,0.0297,0.0,0.0,0.0,0,0,0,solo,solo,group-3,181,181,2368
MAGBENCH_6154,MedAgentsBench,Simple,0.0157,9.5238,9.5238,0.3891,1,1,1,solo,solo,group-3,105,105,2570
MAGBENCH_6155,MedAgentsBench,Simple,0.0177,8.3333,8.3333,0.5845,1,1,1,solo,solo,group-3,120,120,1711
MAGBENCH_6157,MedAgentsBench,Simple,0.0537,0.0,0.0,0.0,0,0,0,solo,solo,group-3,139,139,2204
MAGBENCH_6160,MedAgentsBench,Simple,0.0237,8.3333,8.3333,0.3632,1,1,1,solo,solo,group-3,120,120,2753
MAGBENCH_6167,MedAgentsBench,Simple,0.0617,0.0,0.0,0.0,0,0,0,solo,solo,group-3,382,382,3072
MAGBENCH_617,MedAgentsBench,Simple,0.0157,0.0,0.0,0.0,0,0,0,solo,solo,group-3,288,288,2726
MAGBENCH_6171,MedAgentsBench,Simple,0.0237,4.0161,4.0161,0.0,1,1,0,solo,solo,group-3,249,249,2783
MAGBENCH_6172,MedAgentsBench,Simple,0.0317,0.0,0.0,0.0,0,0,0,solo,solo,group-3,203,203,2230
MAGBENCH_6174,MedAgentsBench,Moderate,0.133,2.457,2.457,0.299,1,1,1,solo,solo,group-3,407,407,3345
MAGBENCH_61743cfc-eb0c-46e4-a5ee-a26761c03561,MedAgentsBench,Simple,0.0297,4.4248,4.4248,0.3867,1,1,1,solo,solo,group-3,226,226,2586
MAGBENCH_6179,MedAgentsBench,Moderate,0.119,0.0,0.0,0.3269,0,0,1,solo,solo,group-3,405,405,3059
MAGBENCH_618,MedAgentsBench,Simple,0.0257,0.0,0.0,0.3744,0,0,1,solo,solo,group-3,337,337,2671
MAGBENCH_6183,MedAgentsBench,Moderate,0.2224,0.0,0.0,0.0,0,0,0,solo,solo,group-3,491,491,3636
MAGBENCH_6186,MedAgentsBench,Moderate,0.1804,3.1348,3.1348,0.0,1,1,0,solo,solo,group-3,319,319,2899
MAGBENCH_618b8199-05e4-41a6-b549-07eb307bec25,MedAgentsBench,Simple,0.069,3.8023,3.8023,0.3136,1,1,1,solo,solo,group-3,263,263,3189
MAGBENCH_619,MedAgentsBench,Moderate,0.1704,0.0,0.0,0.2975,0,0,1,solo,solo,group-3,429,429,3361
MAGBENCH_6190,MedAgentsBench,Moderate,0.1077,0.0,0.0,0.0,0,0,0,solo,solo,group-3,376,376,2601
MAGBENCH_6193,MedAgentsBench,Simple,0.0237,0.0,0.0,0.0,0,0,0,solo,solo,group-3,264,264,2353
MAGBENCH_6199,MedAgentsBench,Simple,0.0537,3.6364,3.6364,0.3375,1,1,1,solo,solo,group-3,275,275,2963
MAGBENCH_61_biomedical_engineer,MedAgentsBench,Simple,0.0457,0.0,0.0,0.0,0,0,0,solo,solo,group-3,177,177,2431
MAGBENCH_61_occupational_therapist,MedAgentsBench,Simple,0.0697,5.1282,5.1282,0.3643,1,1,1,solo,solo,group-3,195,195,2745
MAGBENCH_6205,MedAgentsBench,Simple,0.0737,3.6496,3.6496,0.4354,1,1,1,solo,solo,group-3,274,274,2297
MAGBENCH_6206,MedAgentsBench,Simple,0.0297,6.135,6.135,0.4299,1,1,1,solo,solo,group-3,163,163,2326
MAGBENCH_6210,MedAgentsBench,Simple,0.0297,0.0,0.0,0.0,0,0,0,solo,solo,group-3,364,364,2761
MAGBENCH_6212,MedAgentsBench,Simple,0.0237,0.0,0.0,0.0,0,0,0,solo,solo,group-3,369,369,2612
MAGBENCH_6215,MedAgentsBench,Simple,0.0377,0.0,0.0,0.0,0,0,0,solo,solo,group-3,186,186,2255
MAGBENCH_6217,MedAgentsBench,Simple,0.0197,4.1322,4.1322,0.0,1,1,0,solo,solo,group-3,242,242,2642
MAGBENCH_622,MedAgentsBench,Moderate,0.231,0.0,0.0,0.0,0,0,0,solo,solo,group-3,536,536,3537
MAGBENCH_6220,MedAgentsBench,Simple,0.0237,0.0,0.0,0.3935,0,0,1,solo,solo,group-3,212,212,2541
MAGBENCH_6221,MedAgentsBench,Simple,0.0297,3.5088,3.5088,0.3752,1,1,1,solo,solo,group-3,285,285,2665
MAGBENCH_6227,MedAgentsBench,Simple,0.0477,4.065,4.065,0.3551,1,1,1,solo,solo,group-3,246,246,2816
MAGBENCH_623,MedAgentsBench,Simple,0.0297,0.0,0.0,0.0,0,0,0,solo,solo,group-3,398,398,2589
MAGBENCH_6230,MedAgentsBench,Moderate,0.2697,0.0,0.0,0.2575,0,0,1,solo,solo,group-3,590,590,3883
MAGBENCH_6232,MedAgentsBench,Moderate,0.2297,1.5798,1.5798,0.2787,1,1,1,solo,solo,group-3,633,633,3588
MAGBENCH_6233,MedAgentsBench,Moderate,0.1137,2.809,2.809,0.3274,1,1,1,solo,solo,group-3,356,356,3054
MAGBENCH_6235,MedAgentsBench,Moderate,0.1497,0.0,0.0,0.2946,0,0,1,solo,solo,group-3,474,474,3394
MAGBENCH_6237,MedAgentsBench,Moderate,0.163,2.1834,2.1834,0.3058,1,1,1,solo,solo,group-3,458,458,3270
MAGBENCH_6239,MedAgentsBench,Moderate,0.2317,0.0,0.0,0.0,0,0,0,solo,solo,group-3,532,532,3148
MAGBENCH_624,MedAgentsBench,Simple,0.0297,0.0,0.0,0.0,0,0,0,solo,solo,group-3,296,296,2593
MAGBENCH_6242,MedAgentsBench,Complex,0.4357,0.4527,1.5385,0.2449,1,1,1,group-2,solo,group-3,2209,650,4083
MAGBENCH_6245,MedAgentsBench,Complex,0.363,1.5291,1.5291,0.2479,1,1,1,solo,solo,group-3,654,654,4034
MAGBENCH_624cf635-1421-416e-978a-996781f350c0,MedAgentsBench,Simple,0.0657,3.3557,3.3557,0.0,1,1,0,solo,solo,group-3,298,298,2912
MAGBENCH_624fae5e-1711-4d3f-8efc-763e77a09335,MedAgentsBench,Simple,0.0157,0.0,0.0,0.0,0,0,0,solo,solo,group-3,172,172,2324
MAGBENCH_6257,MedAgentsBench,Moderate,0.1037,0.0,0.0,0.0,0,0,0,solo,solo,group-3,400,400,3165
MAGBENCH_6259c322e832a103e718ed19f631d76b9e7f72f5cffb4a5e9a3dbca5d96745f9,MedAgentsBench,Simple,0.0277,2.809,2.809,0.0,1,1,0,solo,solo,group-3,356,356,2973
MAGBENCH_626,MedAgentsBench,Simple,0.0277,6.0606,6.0606,0.3663,1,1,1,solo,solo,group-3,165,165,2730
MAGBENCH_6262,MedAgentsBench,Simple,0.0197,0.0,0.0,0.0,0,0,0,solo,solo,group-3,90,90,1227
MAGBENCH_6264,MedAgentsBench,Moderate,0.1037,3.3333,3.3333,0.3949,1,1,1,solo,solo,group-3,300,300,2532
MAGBENCH_627,MedAgentsBench,Moderate,0.313,0.0,0.0,0.0,0,0,0,solo,solo,group-3,626,626,3858
MAGBENCH_6272,MedAgentsBench,Simple,0.0337,0.0,0.0,0.0,0,0,0,solo,solo,group-3,370,370,2663
MAGBENCH_6279,MedAgentsBench,Simple,0.0177,0.0,0.0,0.0,0,0,0,solo,solo,group-3,92,92,1072
MAGBENCH_6281,MedAgentsBench,Simple,0.0237,0.0,0.0,0.0,0,0,0,solo,solo,group-3,239,239,2285
MAGBENCH_6282,MedAgentsBench,Simple,0.0277,0.0,0.0,0.0,0,0,0,solo,solo,group-3,176,176,2259
MAGBENCH_6286,MedAgentsBench,Simple,0.0257,0.0,0.0,0.3923,0,0,1,solo,solo,group-3,255,255,2549
MAGBENCH_6287,MedAgentsBench,Simple,0.0297,0.0,0.0,0.0,0,0,0,solo,solo,group-3,227,227,2454
MAGBENCH_6288,MedAgentsBench,Simple,0.0577,0.0,0.0,0.0,0,0,0,solo,solo,group-3,162,162,2209
MAGBENCH_629,MedAgentsBench,Simple,0.0277,3.8911,3.8911,0.386,1,1,1,solo,solo,group-3,257,257,2591
MAGBENCH_6290,MedAgentsBench,Simple,0.0377,0.0,0.0,0.0,0,0,0,solo,solo,group-3,212,212,2199
MAGBENCH_6294,MedAgentsBench,Simple,0.0337,0.0,0.0,0.0,0,0,0,solo,solo,group-3,333,333,3067
MAGBENCH_6297,MedAgentsBench,Simple,0.0277,0.0,0.0,0.4011,0,0,1,solo,solo,group-3,165,165,2493
MAGBENCH_6298,MedAgentsBench,Simple,0.0317,0.0,0.0,0.0,0,0,0,solo,solo,group-3,158,158,2608
MAGBENCH_62_speech_pathologist,MedAgentsBench,Simple,0.0357,3.125,3.125,0.3768,1,1,1,solo,solo,group-3,320,320,2654
MAGBENCH_62e089d3-5425-4349-8edc-3ce132c0bf66,MedAgentsBench,Simple,0.0277,0.0,0.0,0.0,0,0,0,solo,solo,group-3,279,279,2226
MAGBENCH_6300,MedAgentsBench,Simple,0.0277,0.0,0.0,0.0,0,0,0,solo,solo,group-3,320,320,2293
MAGBENCH_6301,MedAgentsBench,Simple,0.0277,6.0241,6.0241,0.4671,1,1,1,solo,solo,group-3,166,166,2141
MAGBENCH_6308,MedAgentsBench,Moderate,0.1837,0.0,0.0,0.0,0,0,0,solo,solo,group-3,590,590,3588
MAGBENCH_631,MedAgentsBench,Simple,0.0197,0.0,0.0,0.0,0,0,0,solo,solo,group-3,240,240,2927
MAGBENCH_6311,MedAgentsBench,Moderate,0.1517,2.4691,2.4691,0.3361,1,1,1,solo,solo,group-3,405,405,2975
MAGBENCH_6319,MedAgentsBench,Simple,0.0437,8.547,8.547,0.4454,1,1,1,solo,solo,group-3,117,117,2245
MAGBENCH_632,MedAgentsBench,Simple,0.0237,0.0,0.0,0.0,0,0,0,solo,solo,group-3,168,168,2782
MAGBENCH_6320,MedAgentsBench,Simple,0.0297,0.0,0.0,0.0,0,0,0,solo,solo,group-3,364,364,2468
MAGBENCH_6321,MedAgentsBench,Simple,0.0497,3.4843,3.4843,0.0,1,1,0,solo,solo,group-3,287,287,2811
MAGBENCH_6325,MedAgentsBench,Simple,0.0117,0.0,0.0,0.0,0,0,0,solo,solo,group-3,150,150,2907
MAGBENCH_6327,MedAgentsBench,Simple,0.0377,0.0,0.0,0.0,0,0,0,solo,solo,group-3,374,374,2912
MAGBENCH_6331,MedAgentsBench,Simple,0.0197,10.0,10.0,0.5045,1,1,1,solo,solo,group-3,100,100,1982
MAGBENCH_6336,MedAgentsBench,Simple,0.0257,0.0,0.0,0.0,0,0,0,solo,solo,group-3,304,304,2701
MAGBENCH_6337,MedAgentsBench,Simple,0.0297,0.0,0.0,0.0,0,0,0,solo,solo,group-3,170,170,2298
MAGBENCH_634,MedAgentsBench,Simple,0.0437,0.0,0.0,0.0,0,0,0,solo,solo,group-3,187,187,2271
MAGBENCH_6341,MedAgentsBench,Simple,0.0457,0.0,0.0,0.0,0,0,0,solo,solo,group-3,245,245,1634
MAGBENCH_6343810a-6571-4662-b3a6-aa7e13a7c65b,MedAgentsBench,Simple,0.0257,0.0,0.0,0.0,0,0,0,solo,solo,group-3,347,347,3140
MAGBENCH_6349,MedAgentsBench,Simple,0.0417,0.0,0.0,0.0,0,0,0,solo,solo,group-3,92,92,2409
MAGBENCH_6352,MedAgentsBench,Simple,0.0257,0.0,0.0,0.0,0,0,0,solo,solo,group-3,257,257,2496
MAGBENCH_6355,MedAgentsBench,Simple,0.0257,0.0,0.0,0.3602,0,0,1,solo,solo,group-3,255,255,2776
MAGBENCH_6356,MedAgentsBench,Moderate,0.163,2.8409,2.8409,0.2946,1,1,1,solo,solo,group-3,352,352,3395
MAGBENCH_6357,MedAgentsBench,Moderate,0.1517,0.0,0.0,0.0,0,0,0,solo,solo,group-3,431,431,3071
MAGBENCH_6359,MedAgentsBench,Moderate,0.143,2.7473,2.7473,0.3027,1,1,1,solo,solo,group-3,364,364,3304
MAGBENCH_636,MedAgentsBench,Moderate,0.1557,2.3095,2.3095,0.2927,1,1,1,solo,solo,group-3,433,433,3417
MAGBENCH_6363,MedAgentsBench,Moderate,0.2257,1.992,1.992,0.0,1,1,0,solo,solo,group-3,502,502,3426
MAGBENCH_6365d158-c101-446c-b8d6-978770aade5c,MedAgentsBench,Simple,0.0217,5.988,5.988,0.4083,1,1,1,solo,solo,group-3,167,167,2449
MAGBENCH_6367,MedAgentsBench,Moderate,0.1117,3.6232,3.6232,0.3449,1,1,1,solo,solo,group-3,276,276,2899
MAGBENCH_6369,MedAgentsBench,Moderate,0.1657,2.584,2.584,0.0,1,1,0,solo,solo,group-3,387,387,3146
MAGBENCH_637,MedAgentsBench,Simple,0.0397,0.0,0.0,0.0,0,0,0,solo,solo,group-3,321,321,2666
MAGBENCH_6380,MedAgentsBench,Simple,0.0277,9.8039,9.8039,0.3945,1,1,1,solo,solo,group-3,102,102,2535
MAGBENCH_6381,MedAgentsBench,Simple,0.0277,10.4167,10.4167,0.3848,1,1,1,solo,solo,group-3,96,96,2599
MAGBENCH_6386,MedAgentsBench,Simple,0.0237,0.0,0.0,0.0,0,0,0,solo,solo,group-3,359,359,2397
MAGBENCH_6387,MedAgentsBench,Simple,0.0537,3.0581,3.0581,0.3418,1,1,1,solo,solo,group-3,327,327,2926
MAGBENCH_6393,MedAgentsBench,Simple,0.0377,2.2831,2.2831,0.0,1,1,0,solo,solo,group-3,438,438,3270
MAGBENCH_6394,MedAgentsBench,Simple,0.0297,0.0,0.0,0.0,0,0,0,solo,solo,group-3,213,213,2080
MAGBENCH_6399,MedAgentsBench,Simple,0.0137,0.0,0.0,0.0,0,0,0,solo,solo,group-3,237,237,2816
MAGBENCH_63_biomedical_engineer,MedAgentsBench,Simple,0.0717,0.0,0.0,0.0,0,0,0,solo,solo,group-3,177,177,2378
MAGBENCH_63_clinical_laboratory_scientist,MedAgentsBench,Simple,0.0177,0.0,0.0,0.0,0,0,0,solo,solo,group-3,151,151,2332
MAGBENCH_63_clinical_psychologist,MedAgentsBench,Simple,0.0337,0.0,0.0,0.0,0,0,0,solo,solo,group-3,229,229,2363
MAGBENCH_640,MedAgentsBench,Simple,0.0257,0.0,0.0,0.0,0,0,0,solo,solo,group-3,349,349,2792
MAGBENCH_6405,MedAgentsBench,Simple,0.0217,0.0,0.0,0.0,0,0,0,solo,solo,group-3,132,132,2301
MAGBENCH_6406,MedAgentsBench,Simple,0.0257,0.0,0.0,0.0,0,0,0,solo,solo,group-3,130,130,2272
MAGBENCH_6409,MedAgentsBench,Simple,0.0557,0.0,0.0,0.8688,0,0,1,solo,solo,group-3,210,210,1151
MAGBENCH_641,MedAgentsBench,Simple,0.0177,0.0,0.0,0.4297,0,0,1,solo,solo,group-3,126,126,2327
MAGBENCH_6413,MedAgentsBench,Simple,0.0297,0.0,0.0,0.0,0,0,0,solo,solo,group-3,159,159,2138
MAGBENCH_6414,MedAgentsBench,Simple,0.0457,0.0,0.0,0.0,0,0,0,solo,solo,group-3,196,196,1663
MAGBENCH_6415,MedAgentsBench,Simple,0.0257,0.0,0.0,0.0,0,0,0,solo,solo,group-3,184,184,2259
MAGBENCH_6419,MedAgentsBench,Simple,0.0617,0.0,0.0,0.0,0,0,0,solo,solo,group-3,259,259,2538
MAGBENCH_642,MedAgentsBench,Simple,0.0257,0.0,0.0,0.0,0,0,0,solo,solo,group-3,135,135,1601
MAGBENCH_6425,MedAgentsBench,Simple,0.0377,0.0,0.0,0.0,0,0,0,solo,solo,group-3,313,313,3054
MAGBENCH_643,MedAgentsBench,Moderate,0.1977,0.0,0.0,0.0,0,0,0,solo,solo,group-3,478,478,3371
MAGBENCH_6436,MedAgentsBench,Moderate,0.1524,2.1692,2.1692,0.3018,1,1,1,solo,solo,group-3,461,461,3314
MAGBENCH_6437,MedAgentsBench,Moderate,0.2884,0.0,0.0,0.0,0,0,0,solo,solo,group-3,647,647,3899
MAGBENCH_6439,MedAgentsBench,Moderate,0.307,0.0,0.0,0.0,0,0,0,solo,solo,group-3,532,532,3826
MAGBENCH_6441,MedAgentsBench,Moderate,0.1157,0.0,0.0,0.0,0,0,0,solo,solo,group-3,339,339,3240
MAGBENCH_6442,MedAgentsBench,Moderate,0.1157,0.0,0.0,0.0,0,0,0,solo,solo,group-3,404,404,3144
MAGBENCH_6445,MedAgentsBench,Moderate,0.1624,0.0,0.0,0.0,0,0,0,solo,solo,group-3,442,442,3432
MAGBENCH_6449,MedAgentsBench,Moderate,0.1257,0.0,0.0,0.315,0,0,1,solo,solo,group-3,380,380,3175
MAGBENCH_6455,MedAgentsBench,Simple,0.0157,0.0,0.0,0.0,0,0,0,solo,solo,group-3,120,120,2611
MAGBENCH_6456df80-5db3-44f0-bc53-e3209b525d2f,MedAgentsBench,Simple,0.063,0.0,0.0,0.0,0,0,0,solo,solo,group-3,326,326,3210
MAGBENCH_6458,MedAgentsBench,Simple,0.0317,0.0,0.0,0.0,0,0,0,solo,solo,group-3,193,193,2745
MAGBENCH_645de065-8ca4-48b5-b6c5-0b5894eca245,MedAgentsBench,Simple,0.0377,0.0,0.0,0.0,0,0,0,solo,solo,group-3,279,279,2846
MAGBENCH_6461,MedAgentsBench,Simple,0.0577,0.0,0.0,0.0,0,0,0,solo,solo,group-3,306,306,2573
MAGBENCH_6462,MedAgentsBench,Simple,0.0197,4.1152,4.1152,0.3589,1,1,1,solo,solo,group-3,243,243,2786
MAGBENCH_6466,MedAgentsBench,Simple,0.0257,0.0,0.0,0.0,0,0,0,solo,solo,group-3,141,141,1654
MAGBENCH_6471,MedAgentsBench,Simple,0.0297,5.4348,5.4348,0.4888,1,1,1,solo,solo,group-3,184,184,2046
MAGBENCH_6472,MedAgentsBench,Simple,0.0317,0.0,0.0,0.0,0,0,0,solo,solo,group-3,141,141,2572
MAGBENCH_6476,MedAgentsBench,Simple,0.0197,3.6364,3.6364,0.3286,1,1,1,solo,solo,group-3,275,275,3043
MAGBENCH_6477,MedAgentsBench,Simple,0.0297,0.0,0.0,0.0,0,0,0,solo,solo,group-3,191,191,2571
MAGBENCH_6481,MedAgentsBench,Simple,0.0157,0.0,0.0,0.3798,0,0,1,solo,solo,group-3,191,191,2633
MAGBENCH_6483,MedAgentsBench,Simple,0.0157,10.8696,10.8696,0.5718,1,1,1,solo,solo,group-3,92,92,1749
MAGBENCH_6487,MedAgentsBench,Moderate,0.3237,1.773,1.773,0.2711,1,1,1,solo,solo,group-3,564,564,3688
MAGBENCH_6488,MedAgentsBench,Moderate,0.2997,0.0,0.0,0.0,0,0,0,solo,solo,group-3,666,666,3843
MAGBENCH_649,MedAgentsBench,Moderate,0.2217,1.6835,1.6835,0.2699,1,1,1,solo,solo,group-3,594,594,3705
MAGBENCH_6491,MedAgentsBench,Moderate,0.1417,2.2989,2.2989,0.3041,1,1,1,solo,solo,group-3,435,435,3288
MAGBENCH_6493,MedAgentsBench,Moderate,0.1804,0.0,0.0,0.0,0,0,0,solo,solo,group-3,457,457,3440
MAGBENCH_64cf8a01-0c3b-412e-815f-0cd5f86fd4a4,MedAgentsBench,Simple,0.0317,0.0,0.0,0.0,0,0,0,solo,solo,group-3,239,239,2575
MAGBENCH_64fb619d-cfcf-450f-a317-cb760dca53e3,MedAgentsBench,Simple,0.0157,5.2632,5.2632,0.4572,1,1,1,solo,solo,group-3,190,190,2187
MAGBENCH_65,MedAgentsBench,Moderate,0.2957,0.0,0.0,0.2761,0,0,1,solo,solo,group-3,572,572,3622
MAGBENCH_650,MedAgentsBench,Moderate,0.301,1.8484,1.8484,0.274,1,1,1,solo,solo,group-3,541,541,3649
MAGBENCH_6505,MedAgentsBench,Moderate,0.2284,0.0,0.0,0.2726,0,0,1,solo,solo,group-3,521,521,3669
MAGBENCH_65085eb7-8614-4c6a-b1e2-732511920f37,MedAgentsBench,Simple,0.0237,0.0,0.0,0.3831,0,0,1,solo,solo,group-3,144,144,2610
MAGBENCH_6510,MedAgentsBench,Simple,0.0297,2.5381,2.5381,0.4861,1,1,1,solo,solo,group-3,394,394,2057
MAGBENCH_6513,MedAgentsBench,Simple,0.0317,0.0,0.0,0.0,0,0,0,solo,solo,group-3,295,295,2825
MAGBENCH_6515,MedAgentsBench,Simple,0.0217,0.0,0.0,0.0,0,0,0,solo,solo,group-3,255,255,2778
MAGBENCH_6516,MedAgentsBench,Simple,0.043,0.0,0.0,0.0,0,0,0,solo,solo,group-3,300,300,2739
MAGBENCH_6517,MedAgentsBench,Simple,0.0237,0.0,0.0,0.0,0,0,0,solo,solo,group-3,260,260,2631
MAGBENCH_652,MedAgentsBench,Moderate,0.3397,0.0,0.0,0.0,0,0,0,solo,solo,group-3,742,742,4155
MAGBENCH_6521,MedAgentsBench,Moderate,0.1257,3.4014,3.4014,0.3896,1,1,1,solo,solo,group-3,294,294,2567
MAGBENCH_6522,MedAgentsBench,Moderate,0.1797,0.0,0.0,0.0,0,0,0,solo,solo,group-3,471,471,2943
MAGBENCH_6529,MedAgentsBench,Simple,0.0297,0.0,0.0,0.0,0,0,0,solo,solo,group-3,365,365,2804
MAGBENCH_653,MedAgentsBench,Simple,0.0257,0.0,0.0,0.0,0,0,0,solo,solo,group-3,266,266,2509
MAGBENCH_6530,MedAgentsBench,Simple,0.0337,0.0,0.0,0.0,0,0,0,solo,solo,group-3,169,169,2188
MAGBENCH_6535,MedAgentsBench,Simple,0.0257,4.0161,4.0161,0.3667,1,1,1,solo,solo,group-3,249,249,2727
MAGBENCH_6537,MedAgentsBench,Simple,0.0257,0.0,0.0,0.0,0,0,0,solo,solo,group-3,338,338,2759
MAGBENCH_6539,MedAgentsBench,Simple,0.0137,0.0,0.0,0.0,0,0,0,solo,solo,group-3,197,197,2511
MAGBENCH_6540,MedAgentsBench,Moderate,0.299,0.0,0.0,0.0,0,0,0,solo,solo,group-3,552,552,3767
MAGBENCH_6542,MedAgentsBench,Moderate,0.1997,0.0,0.0,0.0,0,0,0,solo,solo,group-3,629,629,3528
MAGBENCH_6544,MedAgentsBench,Complex,0.4457,0.0,1.2788,0.0,0,1,0,group-2,solo,group-3,2337,782,4276
MAGBENCH_655,MedAgentsBench,Moderate,0.1277,0.0,0.0,0.0,0,0,0,solo,solo,group-3,299,299,3020
MAGBENCH_6550,MedAgentsBench,Moderate,0.281,0.0,0.0,0.278,0,0,1,solo,solo,group-3,581,581,3597
MAGBENCH_6555,MedAgentsBench,Moderate,0.2777,2.3256,2.3256,0.0,1,1,0,solo,solo,group-3,430,430,2918
MAGBENCH_656,MedAgentsBench,Simple,0.0277,4.4053,4.4053,0.5219,1,1,1,solo,solo,group-3,227,227,1916
MAGBENCH_6561,MedAgentsBench,Moderate,0.1217,3.003,3.003,0.3017,1,1,1,solo,solo,group-3,333,333,3315
MAGBENCH_6562,MedAgentsBench,Moderate,0.1217,2.0704,2.0704,0.303,1,1,1,solo,solo,group-3,483,483,3300
MAGBENCH_6563,MedAgentsBench,Moderate,0.241,0.0,0.0,0.0,0,0,0,solo,solo,group-3,537,537,3511
MAGBENCH_6565,MedAgentsBench,Simple,0.0477,3.6765,3.6765,0.0,1,1,0,solo,solo,group-3,272,272,2337
MAGBENCH_6568,MedAgentsBench,Simple,0.0357,0.0,0.0,0.0,0,0,0,solo,solo,group-3,334,334,2391
MAGBENCH_6575,MedAgentsBench,Simple,0.0277,0.0,0.0,0.5348,0,0,1,solo,solo,group-3,70,70,1870
MAGBENCH_6577,MedAgentsBench,Simple,0.0257,0.0,0.0,0.0,0,0,0,solo,solo,group-3,357,357,2692
MAGBENCH_6578,MedAgentsBench,Simple,0.0337,4.2918,4.2918,0.3804,1,1,1,solo,solo,group-3,233,233,2629
MAGBENCH_658,MedAgentsBench,Moderate,0.2537,2.1834,2.1834,0.3277,1,1,1,solo,solo,group-3,458,458,3052
MAGBENCH_6581,MedAgentsBench,Simple,0.0257,0.0,0.0,0.0,0,0,0,solo,solo,group-3,398,398,2949
MAGBENCH_6584,MedAgentsBench,Simple,0.0437,4.4248,4.4248,0.3381,1,1,1,solo,solo,group-3,226,226,2958
MAGBENCH_6586,MedAgentsBench,Simple,0.0317,0.0,0.0,0.0,0,0,0,solo,solo,group-3,321,321,2835
MAGBENCH_658ebcea-6f61-4281-a426-848ad0dcf8bf,MedAgentsBench,Simple,0.0337,0.0,0.0,0.0,0,0,0,solo,solo,group-3,343,343,2689
MAGBENCH_659,MedAgentsBench,Simple,0.0337,0.0,0.0,0.0,0,0,0,solo,solo,group-3,220,220,2226
MAGBENCH_6590,MedAgentsBench,Simple,0.0357,3.2051,3.2051,0.3779,1,1,1,solo,solo,group-3,312,312,2646
MAGBENCH_6592,MedAgentsBench,Simple,0.0477,0.0,0.0,0.0,0,0,0,solo,solo,group-3,398,398,3120
MAGBENCH_6599,MedAgentsBench,Simple,0.0317,0.0,0.0,0.0,0,0,0,solo,solo,group-3,204,204,2376
MAGBENCH_65_speech_pathologist,MedAgentsBench,Simple,0.0297,3.8168,3.8168,0.4115,1,1,1,solo,solo,group-3,262,262,2430
MAGBENCH_65bef933-00cc-4f7b-8ca0-a77f2fe92c57,MedAgentsBench,Simple,0.0437,4.1841,4.1841,0.0,1,1,0,solo,solo,group-3,239,239,2382
MAGBENCH_65c68635-397b-4ed9-b4a3-8e798c91613e,MedAgentsBench,Simple,0.0237,0.0,0.0,0.3772,0,0,1,solo,solo,group-3,207,207,2651
MAGBENCH_660,MedAgentsBench,Simple,0.0317,4.8309,4.8309,0.4554,1,1,1,solo,solo,group-3,207,207,2196
MAGBENCH_6600,MedAgentsBench,Simple,0.0237,3.4483,3.4483,0.3447,1,1,1,solo,solo,group-3,290,290,2901
MAGBENCH_6601,MedAgentsBench,Simple,0.0297,0.0,0.0,0.0,0,0,0,solo,solo,group-3,220,220,2839
MAGBENCH_6603,MedAgentsBench,Simple,0.0177,0.0,0.0,0.3377,0,0,1,solo,solo,group-3,364,364,2961
MAGBENCH_6605,MedAgentsBench,Simple,0.0217,0.0,0.0,0.0,0,0,0,solo,solo,group-3,185,185,2470
MAGBENCH_6606,MedAgentsBench,Simple,0.0357,3.876,3.876,0.4023,1,1,1,solo,solo,group-3,258,258,2486
MAGBENCH_66092ccf-9a06-466a-a08f-8964f3091a9c,MedAgentsBench,Simple,0.0397,3.7453,3.7453,0.0,1,1,0,solo,solo,group-3,267,267,2882
MAGBENCH_6611,MedAgentsBench,Moderate,0.2557,1.7241,1.7241,0.0,1,1,0,solo,solo,group-3,580,580,3647
MAGBENCH_6612,MedAgentsBench,Moderate,0.1177,2.4752,2.4752,0.3392,1,1,1,solo,solo,group-3,404,404,2948
MAGBENCH_6626,MedAgentsBench,Simple,0.0097,0.0,0.0,0.0,0,0,0,solo,solo,group-3,127,127,3236
MAGBENCH_662c0f6c-a3d9-48a4-b21a-0cc20ef76b87,MedAgentsBench,Simple,0.0237,0.0,0.0,0.0,0,0,0,solo,solo,group-3,205,205,2576
MAGBENCH_6635,MedAgentsBench,Simple,0.0577,0.0,0.0,0.0,0,0,0,solo,solo,group-3,386,386,2657
MAGBENCH_6637,MedAgentsBench,Simple,0.0497,0.0,0.0,0.0,0,0,0,solo,solo,group-3,364,364,2532
MAGBENCH_6647,MedAgentsBench,Moderate,0.1597,0.0,0.0,0.0,0,0,0,solo,solo,group-3,382,382,2627
MAGBENCH_6648,MedAgentsBench,Simple,0.0197,4.3668,4.3668,0.0,1,1,0,solo,solo,group-3,229,229,2886
MAGBENCH_6649,MedAgentsBench,Simple,0.0097,,,0.0,0,0,0,solo,solo,group-3,0,0,3015
MAGBENCH_6650,MedAgentsBench,Simple,0.0237,9.6154,9.6154,0.4936,1,1,1,solo,solo,group-3,104,104,2026
MAGBENCH_6651,MedAgentsBench,Simple,0.0377,0.0,0.0,0.0,0,0,0,solo,solo,group-3,255,255,2615
MAGBENCH_6653,MedAgentsBench,Simple,0.0277,0.0,0.0,0.0,0,0,0,solo,solo,group-3,183,183,2642
MAGBENCH_666,MedAgentsBench,Moderate,0.2057,0.0,0.0,0.0,0,0,0,solo,solo,group-3,558,558,3444
MAGBENCH_6664,MedAgentsBench,Moderate,0.1737,0.0,0.0,0.0,0,0,0,solo,solo,group-3,449,449,3079
MAGBENCH_6664aae4-2a0e-462e-a8c2-7f91ac2f24cd,MedAgentsBench,Simple,0.0237,3.3113,3.3113,0.3704,1,1,1,solo,solo,group-3,302,302,2700
MAGBENCH_6667,MedAgentsBench,Moderate,0.211,2.1692,2.1692,0.2908,1,1,1,solo,solo,group-3,461,461,3439
MAGBENCH_6686,MedAgentsBench,Complex,0.4324,0.0,0.0,0.0,0,0,0,group-2,solo,group-3,2214,716,4089
MAGBENCH_6687,MedAgentsBench,Moderate,0.2677,1.8282,1.8282,0.283,1,1,1,solo,solo,group-3,547,547,3534
MAGBENCH_6688,MedAgentsBench,Moderate,0.221,0.0,0.0,0.2945,0,0,1,solo,solo,group-3,438,438,3396
MAGBENCH_669,MedAgentsBench,Simple,0.0177,0.0,0.0,0.0,0,0,0,solo,solo,group-3,107,107,2242
MAGBENCH_6695,MedAgentsBench,Simple,0.0377,4.6083,4.6083,0.4552,1,1,1,solo,solo,group-3,217,217,2197
MAGBENCH_6697,MedAgentsBench,Simple,0.0297,0.0,0.0,0.0,0,0,0,solo,solo,group-3,219,219,2211
MAGBENCH_66_clinical_laboratory_scientist,MedAgentsBench,Simple,0.0577,4.6296,4.6296,0.0,1,1,0,solo,solo,group-3,216,216,2975
MAGBENCH_66_clinical_psychologist,MedAgentsBench,Simple,0.0317,0.0,0.0,0.0,0,0,0,solo,solo,group-3,242,242,2293
MAGBENCH_66_occupational_therapist,MedAgentsBench,Simple,0.0257,3.9216,3.9216,0.0,1,1,0,solo,solo,group-3,255,255,2537
MAGBENCH_67,MedAgentsBench,Moderate,0.2777,0.0,0.0,0.0,0,0,0,solo,solo,group-3,646,646,3876
MAGBENCH_67020272a2fe2d51d1a459147296469dbbf4e7bf2074e13f70cde4790334a58f,MedAgentsBench,Simple,0.0877,0.0,0.0,0.0,0,0,0,solo,solo,group-3,324,324,2908
MAGBENCH_6703,MedAgentsBench,Simple,0.0377,3.4483,3.4483,0.4024,1,1,1,solo,solo,group-3,290,290,2485
MAGBENCH_6704,MedAgentsBench,Simple,0.0377,3.1056,3.1056,0.4005,1,1,1,solo,solo,group-3,322,322,2497
MAGBENCH_6708,MedAgentsBench,Simple,0.0437,0.0,0.0,0.0,0,0,0,solo,solo,group-3,341,341,2761
MAGBENCH_671,MedAgentsBench,Simple,0.0157,0.0,0.0,0.0,0,0,0,solo,solo,group-3,165,165,2689
MAGBENCH_6710,MedAgentsBench,Simple,0.0157,0.0,0.0,0.0,0,0,0,solo,solo,group-3,278,278,3079
MAGBENCH_6711,MedAgentsBench,Moderate,0.1097,0.0,0.0,0.0,0,0,0,solo,solo,group-3,275,275,2246
MAGBENCH_6718,MedAgentsBench,Complex,0.4057,0.0,0.0,0.0,0,0,0,group-2,solo,group-3,3262,1341,5625
MAGBENCH_6719,MedAgentsBench,Simple,0.0297,0.0,0.0,0.0,0,0,0,solo,solo,group-3,129,129,2134
MAGBENCH_671eebea-f741-4ed8-bf68-36e36c8de1eb,MedAgentsBench,Simple,0.0177,0.0,0.0,0.3759,0,0,1,solo,solo,group-3,179,179,2660
MAGBENCH_672,MedAgentsBench,Simple,0.0237,15.873,15.873,0.4638,1,1,1,solo,solo,group-3,63,63,2156
MAGBENCH_6720,MedAgentsBench,Simple,0.0277,5.7143,5.7143,0.4411,1,1,1,solo,solo,group-3,175,175,2267
MAGBENCH_6722,MedAgentsBench,Simple,0.0157,0.0,0.0,0.0,0,0,0,solo,solo,group-3,194,194,2866
MAGBENCH_6725,MedAgentsBench,Simple,0.0297,0.0,0.0,0.0,0,0,0,solo,solo,group-3,286,286,2479
MAGBENCH_6734,MedAgentsBench,Simple,0.0297,4.329,4.329,0.3722,1,1,1,solo,solo,group-3,231,231,2687
MAGBENCH_6740,MedAgentsBench,Simple,0.0237,3.8462,3.8462,0.0,1,1,0,solo,solo,group-3,260,260,2439
MAGBENCH_6741,MedAgentsBench,Simple,0.0237,3.1746,3.1746,0.3622,1,1,1,solo,solo,group-3,315,315,2761
MAGBENCH_6747,MedAgentsBench,Simple,0.0697,4.2373,4.2373,0.0,1,1,0,solo,solo,group-3,236,236,2583
MAGBENCH_6749,MedAgentsBench,Complex,0.4057,0.4103,0.0,0.0,1,0,0,group-2,solo,group-3,2437,764,4425
MAGBENCH_675,MedAgentsBench,Simple,0.0197,0.0,0.0,0.0,0,0,0,solo,solo,group-3,191,191,2558
MAGBENCH_6752,MedAgentsBench,Moderate,0.229,1.4881,1.4881,0.2677,1,1,1,solo,solo,group-3,672,672,3735
MAGBENCH_6755,MedAgentsBench,Simple,0.0857,3.861,3.861,0.3546,1,1,1,solo,solo,group-3,259,259,2820
MAGBENCH_6762,MedAgentsBench,Simple,0.0857,0.0,0.0,0.0,0,0,0,solo,solo,group-3,371,371,2917
MAGBENCH_6765,MedAgentsBench,Simple,0.0337,0.0,0.0,0.0,0,0,0,solo,solo,group-3,299,299,2703
MAGBENCH_677,MedAgentsBench,Moderate,0.1997,0.0,0.0,0.0,0,0,0,solo,solo,group-3,519,519,3413
MAGBENCH_6771,MedAgentsBench,Simple,0.0257,4.3478,4.3478,0.4277,1,1,1,solo,solo,group-3,230,230,2338
MAGBENCH_6772,MedAgentsBench,Simple,0.0237,0.0,0.0,0.0,0,0,0,solo,solo,group-3,352,352,3062
MAGBENCH_6774,MedAgentsBench,Simple,0.0217,0.0,0.0,0.0,0,0,0,solo,solo,group-3,295,295,2666
MAGBENCH_6775,MedAgentsBench,Simple,0.0237,3.9216,3.9216,0.3636,1,1,1,solo,solo,group-3,255,255,2750
MAGBENCH_6777,MedAgentsBench,Simple,0.0377,0.0,0.0,0.0,0,0,0,solo,solo,group-3,333,333,3008
MAGBENCH_6778,MedAgentsBench,Simple,0.0157,0.0,0.0,0.0,0,0,0,solo,solo,group-3,317,317,2770
MAGBENCH_678,MedAgentsBench,Moderate,0.2557,0.0,0.0,0.3171,0,0,1,solo,solo,group-3,456,456,3154
MAGBENCH_6783,MedAgentsBench,Simple,0.0297,0.0,0.0,0.0,0,0,0,solo,solo,group-3,315,315,2672
MAGBENCH_6785,MedAgentsBench,Simple,0.0257,0.0,0.0,0.0,0,0,0,solo,solo,group-3,143,143,3012
MAGBENCH_6786,MedAgentsBench,Simple,0.0417,0.0,0.0,0.0,0,0,0,solo,solo,group-3,264,264,2226
MAGBENCH_6787,MedAgentsBench,Simple,0.0637,0.0,0.0,0.0,0,0,0,solo,solo,group-3,326,326,2322
MAGBENCH_6788,MedAgentsBench,Simple,0.0297,0.0,0.0,0.0,0,0,0,solo,solo,group-3,255,255,2310
MAGBENCH_6789,MedAgentsBench,Simple,0.0377,0.0,0.0,0.0,0,0,0,solo,solo,group-3,363,363,2505
MAGBENCH_679,MedAgentsBench,Simple,0.0357,2.6596,2.6596,0.3451,1,1,1,solo,solo,group-3,376,376,2898
MAGBENCH_6790,MedAgentsBench,Moderate,0.309,1.6077,1.6077,0.2698,1,1,1,solo,solo,group-3,622,622,3707
MAGBENCH_6791,MedAgentsBench,Moderate,0.309,1.6026,1.6026,0.2707,1,1,1,solo,solo,group-3,624,624,3694
MAGBENCH_6793,MedAgentsBench,Moderate,0.1884,0.0,0.0,0.0,0,0,0,solo,solo,group-3,485,485,3297
MAGBENCH_6794,MedAgentsBench,Moderate,0.1884,0.0,0.0,0.0,0,0,0,solo,solo,group-3,427,427,3268
MAGBENCH_679512f7-f5af-4b3a-b7a1-851938dec9c5,MedAgentsBench,Simple,0.0257,0.0,0.0,0.0,0,0,0,solo,solo,group-3,288,288,2396
MAGBENCH_6796,MedAgentsBench,Moderate,0.1497,0.0,0.0,0.0,0,0,0,solo,solo,group-3,559,559,3579
MAGBENCH_6798,MedAgentsBench,Moderate,0.227,2.0492,2.0492,0.2915,1,1,1,solo,solo,group-3,488,488,3431
MAGBENCH_67_biomedical_engineer,MedAgentsBench,Simple,0.0377,0.0,0.0,0.0,0,0,0,solo,solo,group-3,285,285,2768
MAGBENCH_67_clinical_laboratory_scientist,MedAgentsBench,Simple,0.0457,3.4247,3.4247,0.3986,1,1,1,solo,solo,group-3,292,292,2509
MAGBENCH_67_speech_pathologist,MedAgentsBench,Simple,0.0297,0.0,0.0,0.0,0,0,0,solo,solo,group-3,299,299,2883
MAGBENCH_67add9f9-94b5-40b2-904d-fb4965fb8309,MedAgentsBench,Simple,0.0197,0.0,0.0,0.0,0,0,0,solo,solo,group-3,363,363,2894
MAGBENCH_680,MedAgentsBench,Simple,0.0277,5.5556,5.5556,0.352,1,1,1,solo,solo,group-3,180,180,2841
MAGBENCH_6809,MedAgentsBench,Simple,0.0277,3.5336,3.5336,0.3733,1,1,1,solo,solo,group-3,283,283,2679
MAGBENCH_681,MedAgentsBench,Simple,0.0297,0.0,0.0,0.0,0,0,0,solo,solo,group-3,260,260,2699
MAGBENCH_6813,MedAgentsBench,Simple,0.0297,0.0,0.0,0.0,0,0,0,solo,solo,group-3,401,401,3153
MAGBENCH_6814,MedAgentsBench,Simple,0.0297,0.0,0.0,0.0,0,0,0,solo,solo,group-3,337,337,3005
MAGBENCH_6815,MedAgentsBench,Simple,0.0257,0.0,0.0,0.0,0,0,0,solo,solo,group-3,258,258,2409
MAGBENCH_6817,MedAgentsBench,Simple,0.0657,0.0,0.0,0.0,0,0,0,solo,solo,group-3,309,309,2347
MAGBENCH_682,MedAgentsBench,Simple,0.0197,0.0,0.0,0.0,0,0,0,solo,solo,group-3,80,80,2372
MAGBENCH_6821,MedAgentsBench,Simple,0.0457,0.0,0.0,0.0,0,0,0,solo,solo,group-3,397,397,2876
MAGBENCH_6822,MedAgentsBench,Simple,0.0437,3.0211,3.0211,0.3648,1,1,1,solo,solo,group-3,331,331,2741
MAGBENCH_6823,MedAgentsBench,Simple,0.0437,0.0,0.0,0.3667,0,0,1,solo,solo,group-3,297,297,2727
MAGBENCH_683,MedAgentsBench,Complex,0.4417,0.444,1.4556,0.2413,1,1,1,group-2,solo,group-3,2252,687,4145
MAGBENCH_686,MedAgentsBench,Simple,0.0117,0.0,0.0,0.0,0,0,0,solo,solo,group-3,148,148,2408
MAGBENCH_688,MedAgentsBench,Simple,0.0217,8.0645,8.0645,0.3544,1,1,1,solo,solo,group-3,124,124,2822
MAGBENCH_68_biomedical_engineer,MedAgentsBench,Simple,0.0397,0.0,0.0,0.0,0,0,0,solo,solo,group-3,289,289,2729
MAGBENCH_68ac545a478345ecece5cc9cc86d5c0e4ae436f375715839511d8ac0b844aab2,MedAgentsBench,Simple,0.0217,8.8496,8.8496,0.3982,1,1,1,solo,solo,group-3,113,113,2511
MAGBENCH_68dc3363-c18b-47c7-b20d-c538cc7febc8,MedAgentsBench,Simple,0.0277,7.4074,7.4074,0.3862,1,1,1,solo,solo,group-3,135,135,2589
MAGBENCH_68f1a7fc07a3fecac2edc121c6543e40983fae8754cee4f7d04220cd4a732195,MedAgentsBench,Simple,0.0117,0.0,0.0,0.0,0,0,0,solo,solo,group-3,102,102,2548
MAGBENCH_692,MedAgentsBench,Moderate,0.255,0.0,0.0,0.0,0,0,0,solo,solo,group-3,495,495,3621
MAGBENCH_6920ce2b-f9c9-49aa-9e6e-c94aeb13e709,MedAgentsBench,Simple,0.0297,0.0,0.0,0.0,0,0,0,solo,solo,group-3,270,270,2840
MAGBENCH_693,MedAgentsBench,Moderate,0.303,0.0,0.0,0.0,0,0,0,solo,solo,group-3,518,518,3646
MAGBENCH_694,MedAgentsBench,Simple,0.0257,0.0,0.0,0.0,0,0,0,solo,solo,group-3,215,215,2314
MAGBENCH_6944b9e7-b49f-46ac-ac6f-b748f2c4cc46,MedAgentsBench,Simple,0.0317,0.0,0.0,0.0,0,0,0,solo,solo,group-3,382,382,2629
MAGBENCH_696,MedAgentsBench,Moderate,0.2057,1.7271,1.7271,0.0,1,1,0,solo,solo,group-3,579,579,3649
MAGBENCH_697158e5-3b79-4109-b172-66de3346e898,MedAgentsBench,Simple,0.0217,8.9286,8.9286,0.6439,1,1,1,solo,solo,group-3,112,112,1553
MAGBENCH_698d05f7-bd3d-4df6-a17f-e78e207ff835,MedAgentsBench,Simple,0.0197,7.5758,7.5758,0.3827,1,1,1,solo,solo,group-3,132,132,2613
MAGBENCH_699,MedAgentsBench,Moderate,0.3444,1.6129,1.6129,0.2606,1,1,1,solo,solo,group-3,620,620,3837
MAGBENCH_69_clinical_laboratory_scientist,MedAgentsBench,Simple,0.0257,6.3291,6.3291,0.4027,1,1,1,solo,solo,group-3,158,158,2483
MAGBENCH_69_occupational_therapist,MedAgentsBench,Simple,0.0457,3.9683,3.9683,0.3323,1,1,1,solo,solo,group-3,252,252,3009
MAGBENCH_69_speech_pathologist,MedAgentsBench,Simple,0.0397,6.25,6.25,0.0,1,1,0,solo,solo,group-3,160,160,2203
MAGBENCH_69c15b27-e061-413c-a011-854ea197f141,MedAgentsBench,Simple,0.0277,5.848,5.848,0.3757,1,1,1,solo,solo,group-3,171,171,2662
MAGBENCH_6_biomedical_engineer,MedAgentsBench,Simple,0.0137,11.6279,11.6279,0.4805,1,1,1,solo,solo,group-3,86,86,2081
MAGBENCH_6a044e4b-cf5d-42c8-bd7c-e105cd9c4f98,MedAgentsBench,Simple,0.0317,0.0,0.0,0.0,0,0,0,solo,solo,group-3,219,219,2472
MAGBENCH_6ab3241e-4c52-470e-8977-aeaf0f54e17a,MedAgentsBench,Simple,0.055,0.0,0.0,0.0,0,0,0,solo,solo,group-3,380,380,3252
MAGBENCH_6b3b112c-3f6a-4f33-afe6-421e410a1700,MedAgentsBench,Simple,0.0297,0.0,0.0,0.3601,0,0,1,solo,solo,group-3,126,126,2777
MAGBENCH_6bb818fb-dbe5-4580-8f45-d6e875bf0516,MedAgentsBench,Simple,0.0337,0.0,0.0,0.0,0,0,0,solo,solo,group-3,320,320,3079
MAGBENCH_6bd02755-f813-46d8-87ff-e40297a2a949,MedAgentsBench,Simple,0.0197,5.4645,5.4645,0.3854,1,1,1,solo,solo,group-3,183,183,2595
MAGBENCH_6bf17841-327f-4f2a-b012-93976b9af6a1,MedAgentsBench,Simple,0.0197,0.0,0.0,0.0,0,0,0,solo,solo,group-3,239,239,2741
MAGBENCH_6c478869903f7c598e478c698b177ea027cfd500905739426c2f2cf892bd1e64,MedAgentsBench,Simple,0.0937,2.584,2.584,0.3107,1,1,1,solo,solo,group-3,387,387,3219
MAGBENCH_6c583d56-1e8e-459e-8aba-8e1c4bacd976,MedAgentsBench,Simple,0.0217,0.0,0.0,0.0,0,0,0,solo,solo,group-3,197,197,2808
MAGBENCH_6ccd520c-4355-48c5-8635-66b64dd157f1,MedAgentsBench,Simple,0.0197,3.2468,3.2468,0.3765,1,1,1,solo,solo,group-3,308,308,2656
MAGBENCH_6d27780aa53a9e8c9765ec453709e10328eec77073d2814869a652726cafa84f,MedAgentsBench,Simple,0.0317,0.0,0.0,0.0,0,0,0,solo,solo,group-3,219,219,2713
MAGBENCH_6d740ff7-c57b-4f62-a953-14e8b41fba76,MedAgentsBench,Simple,0.0317,0.0,0.0,0.3291,0,0,1,solo,solo,group-3,298,298,3039
MAGBENCH_6dab39a420cc3013c7c6e7216079f6616d7f3c837f35f52b2ba2f049a4db8391,MedAgentsBench,Simple,0.0397,0.0,0.0,0.0,0,0,0,solo,solo,group-3,307,307,2509
MAGBENCH_6e2bcc94-c91e-4f9d-af0c-2e049c7ac6c5,MedAgentsBench,Simple,0.0837,4.2735,4.2735,0.4016,1,1,1,solo,solo,group-3,234,234,2490
MAGBENCH_6e5da328-bb2e-4848-bdff-56a722ca8d7b,MedAgentsBench,Simple,0.0237,0.0,0.0,0.0,0,0,0,solo,solo,group-3,239,239,2785
MAGBENCH_6ea9c844-6c19-4b2a-81ff-b31837c44bd9,MedAgentsBench,Simple,0.0297,0.0,0.0,0.0,0,0,0,solo,solo,group-3,310,310,2943
MAGBENCH_6ec2995f-3b3d-495c-8768-98368ad2b08d,MedAgentsBench,Simple,0.0277,5.291,5.291,0.4533,1,1,1,solo,solo,group-3,189,189,2206
MAGBENCH_6ef90d24-7f7f-43de-8ae7-0ee093316013,MedAgentsBench,Simple,0.0277,0.0,0.0,0.0,0,0,0,solo,solo,group-3,265,265,2731
MAGBENCH_6f0b2cc4-de54-4d80-8aa6-e9dc3acc4bb0,MedAgentsBench,Simple,0.0517,3.7594,3.7594,0.3301,1,1,1,solo,solo,group-3,266,266,3029
MAGBENCH_6f4298ba-7916-4f1d-bd69-bd85a464d629,MedAgentsBench,Simple,0.0257,4.0,4.0,0.0,1,1,0,solo,solo,group-3,250,250,1960
MAGBENCH_6f78cdec-b48a-497c-bf8d-6b5b9b083ecf,MedAgentsBench,Simple,0.0837,0.0,0.0,0.0,0,0,0,solo,solo,group-3,281,281,2978
MAGBENCH_6fca2a0f-4491-43d1-800e-febf55533073,MedAgentsBench,Simple,0.0177,0.0,0.0,0.0,0,0,0,solo,solo,group-3,309,309,2666
MAGBENCH_6fd1e538-3654-423e-9803-83f850493c22,MedAgentsBench,Moderate,0.1037,0.0,0.0,0.0,0,0,0,solo,solo,group-3,411,411,2953
MAGBENCH_6fdf54ef-e9b7-4086-97b1-c159316a8d4f,MedAgentsBench,Simple,0.0177,3.096,3.096,0.0,1,1,0,solo,solo,group-3,323,323,2812
MAGBENCH_700,MedAgentsBench,Simple,0.0257,0.0,0.0,0.0,0,0,0,solo,solo,group-3,264,264,2596
MAGBENCH_70097b1a-1f7a-4c04-ba9e-2f1489f0fb11,MedAgentsBench,Moderate,0.1117,2.3419,2.3419,0.3321,1,1,1,solo,solo,group-3,427,427,3011
MAGBENCH_702,MedAgentsBench,Moderate,0.2277,1.9342,1.9342,0.0,1,1,0,solo,solo,group-3,517,517,3011
MAGBENCH_703,MedAgentsBench,Moderate,0.327,1.5576,1.5576,0.0,1,1,0,solo,solo,group-3,642,642,3600
MAGBENCH_706,MedAgentsBench,Simple,0.0217,0.0,0.0,0.0,0,0,0,solo,solo,group-3,277,277,2676
MAGBENCH_709f4d14-4462-4615-8827-be22270e2b55,MedAgentsBench,Simple,0.0257,0.0,0.0,0.0,0,0,0,solo,solo,group-3,272,272,2372
MAGBENCH_70_clinical_laboratory_scientist,MedAgentsBench,Simple,0.0257,6.8966,6.8966,0.0,1,1,0,solo,solo,group-3,145,145,2607
MAGBENCH_70_clinical_psychologist,MedAgentsBench,Simple,0.0377,5.5556,5.5556,0.488,1,1,1,solo,solo,group-3,180,180,2049
MAGBENCH_70_speech_pathologist,MedAgentsBench,Simple,0.0337,0.0,0.0,0.0,0,0,0,solo,solo,group-3,367,367,2987
MAGBENCH_70d5a7c442a4f3565f49d13eb0e840b7b73d85a29cf94ad1ace803b02949f106,MedAgentsBench,Simple,0.0097,4.7393,4.7393,0.3384,1,1,1,solo,solo,group-3,211,211,2955
MAGBENCH_70d87e90-4362-422a-9611-847021b23c33,MedAgentsBench,Simple,0.0217,0.0,0.0,0.0,0,0,0,solo,solo,group-3,290,290,2854
MAGBENCH_71,MedAgentsBench,Moderate,0.2684,1.5674,1.5674,0.2643,1,1,1,solo,solo,group-3,638,638,3784
MAGBENCH_711,MedAgentsBench,Simple,0.0437,0.0,0.0,0.0,0,0,0,solo,solo,group-3,381,381,2970
MAGBENCH_7111d7b2-7e80-4e23-b5d0-9f42595c6a80,MedAgentsBench,Simple,0.0297,4.3478,4.3478,0.3577,1,1,1,solo,solo,group-3,230,230,2796
MAGBENCH_713,MedAgentsBench,Simple,0.0437,0.0,0.0,0.0,0,0,0,solo,solo,group-3,224,224,2783
MAGBENCH_713b94cf-fc1e-4c32-b28e-f187cf86562d,MedAgentsBench,Simple,0.0197,0.0,0.0,0.0,0,0,0,solo,solo,group-3,345,345,2623
MAGBENCH_714,MedAgentsBench,Moderate,0.341,0.0,0.0,0.0,0,0,0,solo,solo,group-3,611,611,3654
MAGBENCH_718,MedAgentsBench,Moderate,0.1624,2.7778,2.7778,0.312,1,1,1,solo,solo,group-3,360,360,3205
MAGBENCH_719,MedAgentsBench,Simple,0.0957,0.0,0.0,0.0,0,0,0,solo,solo,group-3,431,431,2970
MAGBENCH_71905d50-bffe-468f-ada2-77d845d55daf,MedAgentsBench,Simple,0.0457,0.0,0.0,0.0,0,0,0,solo,solo,group-3,326,326,2599
MAGBENCH_71_clinical_laboratory_scientist,MedAgentsBench,Simple,0.0217,4.4843,4.4843,0.0,1,1,0,solo,solo,group-3,223,223,2381
MAGBENCH_71_clinical_psychologist,MedAgentsBench,Simple,0.0437,6.135,6.135,0.4371,1,1,1,solo,solo,group-3,163,163,2288
MAGBENCH_71a5084e-36a1-4cc3-bee0-9de613f5fd24,MedAgentsBench,Simple,0.0557,0.0,0.0,0.0,0,0,0,solo,solo,group-3,272,272,2845
MAGBENCH_71c2cf6f-b8ca-479b-ba07-3d9162d10c2c,MedAgentsBench,Simple,0.0197,0.0,0.0,0.0,0,0,0,solo,solo,group-3,194,194,2814
MAGBENCH_72,MedAgentsBench,Complex,0.4457,0.0,0.0,0.0,0,0,0,group-2,solo,group-3,2472,901,4478
MAGBENCH_721,MedAgentsBench,Moderate,0.173,2.6954,2.6954,0.3042,1,1,1,solo,solo,group-3,371,371,3287
MAGBENCH_723bfe80-93c4-411e-8fcf-d6d99cb53ef0,MedAgentsBench,Simple,0.0537,0.0,0.0,0.0,0,0,0,solo,solo,group-3,282,282,2859
MAGBENCH_7288,MedAgentsBench,Simple,0.0257,3.5971,3.5971,0.3407,1,1,1,solo,solo,group-3,278,278,2935
MAGBENCH_7289,MedAgentsBench,Simple,0.0137,0.0,0.0,0.0,0,0,0,solo,solo,group-3,171,171,2703
MAGBENCH_729,MedAgentsBench,Moderate,0.3564,0.0,0.0,0.0,0,0,0,solo,solo,group-3,695,695,4041
MAGBENCH_7292,MedAgentsBench,Simple,0.0337,0.0,0.0,0.0,0,0,0,solo,solo,group-3,367,367,3026
MAGBENCH_7293,MedAgentsBench,Simple,0.0157,0.0,0.0,0.0,0,0,0,solo,solo,group-3,269,269,2800
MAGBENCH_7294,MedAgentsBench,Simple,0.0257,0.0,0.0,0.0,0,0,0,solo,solo,group-3,286,286,2164
MAGBENCH_72_speech_pathologist,MedAgentsBench,Simple,0.0437,0.0,0.0,0.0,0,0,0,solo,solo,group-3,370,370,2862
MAGBENCH_730,MedAgentsBench,Moderate,0.2277,0.0,0.0,0.0,0,0,0,solo,solo,group-3,516,516,3581
MAGBENCH_7304,MedAgentsBench,Simple,0.0277,12.8205,12.8205,0.3824,1,1,1,solo,solo,group-3,78,78,2615
MAGBENCH_7307,MedAgentsBench,Simple,0.0097,0.0,0.0,0.0,0,0,0,solo,solo,group-3,180,180,2912
MAGBENCH_7310,MedAgentsBench,Simple,0.0237,0.0,0.0,0.0,0,0,0,solo,solo,group-3,312,312,2748
MAGBENCH_7312,MedAgentsBench,Simple,0.0537,0.0,0.0,0.0,0,0,0,solo,solo,group-3,177,177,2240
MAGBENCH_732,MedAgentsBench,Complex,0.419,0.0,0.0,0.0,0,0,0,group-2,solo,group-3,2350,765,4283
MAGBENCH_7324,MedAgentsBench,Simple,0.0237,0.0,0.0,0.0,0,0,0,solo,solo,group-3,191,191,2880
MAGBENCH_732401b0-673b-4842-baed-ddd00626c561,MedAgentsBench,Simple,0.0297,2.8902,2.8902,0.3334,1,1,1,solo,solo,group-3,346,346,2999
MAGBENCH_7325,MedAgentsBench,Simple,0.0637,0.0,0.0,0.0,0,0,0,solo,solo,group-3,313,313,2513
MAGBENCH_7328,MedAgentsBench,Simple,0.0257,0.0,0.0,0.0,0,0,0,solo,solo,group-3,173,173,2602
MAGBENCH_7334,MedAgentsBench,Simple,0.0277,0.0,0.0,0.0,0,0,0,solo,solo,group-3,280,280,2430
MAGBENCH_7337,MedAgentsBench,Simple,0.0137,0.0,0.0,0.0,0,0,0,solo,solo,group-3,282,282,2571
MAGBENCH_734,MedAgentsBench,Moderate,0.269,0.0,0.0,0.0,0,0,0,solo,solo,group-3,657,657,3690
MAGBENCH_7340,MedAgentsBench,Simple,0.0157,7.3529,7.3529,0.4132,1,1,1,solo,solo,group-3,136,136,2420
MAGBENCH_7342,MedAgentsBench,Simple,0.0277,0.0,0.0,0.0,0,0,0,solo,solo,group-3,291,291,2444
MAGBENCH_7344,MedAgentsBench,Simple,0.0297,0.0,0.0,0.0,0,0,0,solo,solo,group-3,204,204,2835
MAGBENCH_7345,MedAgentsBench,Simple,0.0397,0.0,0.0,0.0,0,0,0,solo,solo,group-3,334,334,2581
MAGBENCH_7348,MedAgentsBench,Simple,0.0317,0.0,0.0,0.0,0,0,0,solo,solo,group-3,193,193,2428
MAGBENCH_734e0bc2-f9d4-4ae2-a7f5-eae1c1500352,MedAgentsBench,Simple,0.0277,2.8011,2.8011,0.4029,1,1,1,solo,solo,group-3,357,357,2482
MAGBENCH_735,MedAgentsBench,Moderate,0.305,0.0,0.0,0.0,0,0,0,solo,solo,group-3,685,685,3934
MAGBENCH_7355,MedAgentsBench,Simple,0.0237,4.0816,4.0816,0.4049,1,1,1,solo,solo,group-3,245,245,2470
MAGBENCH_7356,MedAgentsBench,Simple,0.0217,7.0922,7.0922,0.3611,1,1,1,solo,solo,group-3,141,141,2769
MAGBENCH_7358,MedAgentsBench,Simple,0.0217,3.9216,3.9216,0.3527,1,1,1,solo,solo,group-3,255,255,2835
MAGBENCH_736,MedAgentsBench,Moderate,0.1777,0.0,0.0,0.0,0,0,0,solo,solo,group-3,421,421,3134
MAGBENCH_7361,MedAgentsBench,Simple,0.0197,3.1447,3.1447,0.3304,1,1,1,solo,solo,group-3,318,318,3027
MAGBENCH_7362,MedAgentsBench,Simple,0.0437,0.0,0.0,0.0,0,0,0,solo,solo,group-3,208,208,2392
MAGBENCH_7364,MedAgentsBench,Simple,0.0397,0.0,0.0,0.0,0,0,0,solo,solo,group-3,360,360,2710
MAGBENCH_7366,MedAgentsBench,Simple,0.0197,2.8902,2.8902,0.3592,1,1,1,solo,solo,group-3,346,346,2784
MAGBENCH_7369,MedAgentsBench,Simple,0.0397,11.7647,11.7647,0.5165,1,1,1,solo,solo,group-3,85,85,1936
MAGBENCH_737,MedAgentsBench,Moderate,0.1724,0.0,0.0,0.0,0,0,0,solo,solo,group-3,436,436,3233
MAGBENCH_7370,MedAgentsBench,Simple,0.0317,0.0,0.0,0.0,0,0,0,solo,solo,group-3,300,300,2726
MAGBENCH_7371,MedAgentsBench,Simple,0.0297,3.6232,3.6232,0.3741,1,1,1,solo,solo,group-3,276,276,2673
MAGBENCH_7377,MedAgentsBench,Simple,0.0197,0.0,0.0,0.0,0,0,0,solo,solo,group-3,190,190,2664
MAGBENCH_73828c81-172b-4aec-b517-c0d345c4749d,MedAgentsBench,Simple,0.0457,0.0,0.0,0.0,0,0,0,solo,solo,group-3,286,286,2823
MAGBENCH_7383,MedAgentsBench,Simple,0.0317,0.0,0.0,0.0,0,0,0,solo,solo,group-3,378,378,2450
MAGBENCH_73_clinical_laboratory_scientist,MedAgentsBench,Simple,0.0157,0.0,0.0,0.3411,0,0,1,solo,solo,group-3,402,402,2932
MAGBENCH_73_clinical_psychologist,MedAgentsBench,Simple,0.0377,4.1841,4.1841,0.4591,1,1,1,solo,solo,group-3,239,239,2178
MAGBENCH_73_occupational_therapist,MedAgentsBench,Simple,0.0657,5.1546,5.1546,0.4583,1,1,1,solo,solo,group-3,194,194,2182
MAGBENCH_73_speech_pathologist,MedAgentsBench,Simple,0.0317,0.0,0.0,0.0,0,0,0,solo,solo,group-3,331,331,3084
MAGBENCH_73b1ad96-1717-4bb2-930d-efa7e16bdc6f,MedAgentsBench,Simple,0.0257,5.5249,5.5249,0.4014,1,1,1,solo,solo,group-3,181,181,2491
MAGBENCH_73b821cd-6c0f-427f-bd1c-ccc14a5f4267,MedAgentsBench,Simple,0.0337,3.1949,3.1949,0.352,1,1,1,solo,solo,group-3,313,313,2841
MAGBENCH_73bd4537-a8bc-420a-a85e-93d08adc318b,MedAgentsBench,Simple,0.0277,0.0,0.0,0.0,0,0,0,solo,solo,group-3,174,174,3105
MAGBENCH_73d2ce31-c410-4210-9ae1-0cc9157a2e46,MedAgentsBench,Simple,0.0397,0.0,0.0,0.0,0,0,0,solo,solo,group-3,272,272,2323
MAGBENCH_742,MedAgentsBench,Simple,0.0317,0.0,0.0,0.0,0,0,0,solo,solo,group-3,341,341,2859
MAGBENCH_743,MedAgentsBench,Simple,0.0317,0.0,0.0,0.0,0,0,0,solo,solo,group-3,312,312,2338
MAGBENCH_743b8121-1201-4592-a552-25cad3198d07,MedAgentsBench,Simple,0.0317,0.0,0.0,0.3876,0,0,1,solo,solo,group-3,121,121,2580
MAGBENCH_746,MedAgentsBench,Simple,0.0397,0.0,0.0,0.0,0,0,0,solo,solo,group-3,195,195,2693
MAGBENCH_74616348978cadf641bbeb3c3a34322763d4983f0ea8b397ae6a189f3817ca11,MedAgentsBench,Moderate,0.175,0.0,0.0,0.0,0,0,0,solo,solo,group-3,457,457,3380
MAGBENCH_748,MedAgentsBench,Simple,0.0337,0.0,0.0,0.0,0,0,0,solo,solo,group-3,202,202,2544
MAGBENCH_7482c32ae9a860247b3449a230e5eee576e5284cd9a57f8708e22216868cbdd4,MedAgentsBench,Simple,0.0737,0.0,0.0,0.0,0,0,0,solo,solo,group-3,387,387,2915
MAGBENCH_749,MedAgentsBench,Moderate,0.2464,0.0,0.0,0.2872,0,0,1,solo,solo,group-3,496,496,3482
MAGBENCH_74_biomedical_engineer,MedAgentsBench,Simple,0.0257,0.0,0.0,0.3679,0,0,1,solo,solo,group-3,274,274,2718
MAGBENCH_74_clinical_psychologist,MedAgentsBench,Simple,0.0257,0.0,0.0,0.0,0,0,0,solo,solo,group-3,224,224,2285
MAGBENCH_74_occupational_therapist,MedAgentsBench,Simple,0.0317,0.0,0.0,0.0,0,0,0,solo,solo,group-3,214,214,2572
MAGBENCH_751d9564-7804-41b2-a03d-210ffdcba7d6,MedAgentsBench,Simple,0.0177,0.0,0.0,0.0,0,0,0,solo,solo,group-3,361,361,2812
MAGBENCH_753,MedAgentsBench,Simple,0.0177,0.0,0.0,0.0,0,0,0,solo,solo,group-3,250,250,2312
MAGBENCH_754,MedAgentsBench,Complex,0.4724,0.4032,1.199,0.2227,1,1,1,group-2,solo,group-3,2480,834,4490
MAGBENCH_756,MedAgentsBench,Moderate,0.259,1.7889,1.7889,0.2778,1,1,1,solo,solo,group-3,559,559,3600
MAGBENCH_757,MedAgentsBench,Simple,0.0537,0.0,0.0,0.0,0,0,0,solo,solo,group-3,284,284,2250
MAGBENCH_758,MedAgentsBench,Simple,0.0317,0.0,0.0,0.0,0,0,0,solo,solo,group-3,130,130,2603
MAGBENCH_75804c47-d068-4944-a996-6fdb3d2379e5,MedAgentsBench,Simple,0.0117,10.101,10.101,0.4065,1,1,1,solo,solo,group-3,99,99,2460
MAGBENCH_75875e90-359b-410d-a777-4cd41003fe93,MedAgentsBench,Simple,0.0297,0.0,0.0,0.0,0,0,0,solo,solo,group-3,282,282,2632
MAGBENCH_75_clinical_psychologist,MedAgentsBench,Simple,0.063,6.993,6.993,0.4458,1,1,1,solo,solo,group-3,143,143,2243
MAGBENCH_75_occupational_therapist,MedAgentsBench,Simple,0.0317,9.434,9.434,0.4824,1,1,1,solo,solo,group-3,106,106,2073
MAGBENCH_75_speech_pathologist,MedAgentsBench,Simple,0.0357,0.0,0.0,0.0,0,0,0,solo,solo,group-3,140,140,1772
MAGBENCH_75aec5e4-6321-49b7-b17d-a49d5f2f7975,MedAgentsBench,Simple,0.0277,0.0,0.0,0.3834,0,0,1,solo,solo,group-3,221,221,2608
MAGBENCH_76,MedAgentsBench,Moderate,0.2844,1.5408,1.5408,0.2695,1,1,1,solo,solo,group-3,649,649,3711
MAGBENCH_760,MedAgentsBench,Simple,0.0197,0.0,0.0,0.0,0,0,0,solo,solo,group-3,236,236,2090
MAGBENCH_761,MedAgentsBench,Complex,0.389,0.0,0.0,0.0,0,0,0,solo,solo,group-3,723,723,4198
MAGBENCH_7652722e-593d-470a-b2d5-30a15e4bae48,MedAgentsBench,Simple,0.0317,0.0,0.0,0.0,0,0,0,solo,solo,group-3,304,304,2722
MAGBENCH_766,MedAgentsBench,Moderate,0.1297,2.0534,2.0534,0.3281,1,1,1,solo,solo,group-3,487,487,3048
MAGBENCH_768,MedAgentsBench,Simple,0.0337,0.0,0.0,0.0,0,0,0,solo,solo,group-3,177,177,2342
MAGBENCH_769,MedAgentsBench,Moderate,0.1117,0.0,0.0,0.0,0,0,0,solo,solo,group-3,254,254,2431
MAGBENCH_769fac02-71ac-4554-bade-5d6a9a5edfb4,MedAgentsBench,Simple,0.0197,3.5461,3.5461,0.3837,1,1,1,solo,solo,group-3,282,282,2606
MAGBENCH_76ad139f-2d71-44b7-aca8-bd96da79500b,MedAgentsBench,Simple,0.087,0.0,0.0,0.3326,0,0,1,solo,solo,group-3,299,299,3007
MAGBENCH_76c707d96ba337d6a4943b5012958441a7e2ba38707934d80ab4d6a7ca311924,MedAgentsBench,Simple,0.0837,0.0,0.0,0.0,0,0,0,solo,solo,group-3,418,418,3149
MAGBENCH_77,MedAgentsBench,Moderate,0.3257,0.0,0.0,0.0,0,0,0,solo,solo,group-3,633,633,3813
MAGBENCH_770,MedAgentsBench,Moderate,0.1917,0.0,0.0,0.0,0,0,0,solo,solo,group-3,482,482,3109
MAGBENCH_771,MedAgentsBench,Simple,0.0417,0.0,0.0,0.0,0,0,0,solo,solo,group-3,325,325,2632
MAGBENCH_773c79b5-7250-4c25-84d0-93a163291d85,MedAgentsBench,Simple,0.0317,4.8309,4.8309,0.3808,1,1,1,solo,solo,group-3,207,207,2626
MAGBENCH_774,MedAgentsBench,Simple,0.0297,5.0505,5.0505,0.4286,1,1,1,solo,solo,group-3,198,198,2333
MAGBENCH_775ae087-72e3-45fb-9b1d-e4a74bddc1c1,MedAgentsBench,Simple,0.075,3.8168,3.8168,0.3407,1,1,1,solo,solo,group-3,262,262,2935
MAGBENCH_775d389d-8a07-4e40-bfd4-3e49674ee0e7,MedAgentsBench,Simple,0.0277,0.0,0.0,0.0,0,0,0,solo,solo,group-3,347,347,2762
MAGBENCH_776,MedAgentsBench,Simple,0.0317,6.7568,6.7568,0.4757,1,1,1,solo,solo,group-3,148,148,2102
MAGBENCH_777,MedAgentsBench,Simple,0.0457,6.1728,6.1728,0.4519,1,1,1,solo,solo,group-3,162,162,2213
MAGBENCH_77_biomedical_engineer,MedAgentsBench,Simple,0.0377,0.0,0.0,0.0,0,0,0,solo,solo,group-3,125,125,1648
MAGBENCH_77_clinical_psychologist,MedAgentsBench,Simple,0.0517,0.0,0.0,0.0,0,0,0,solo,solo,group-3,215,215,2143
MAGBENCH_77_speech_pathologist,MedAgentsBench,Simple,0.0257,0.0,0.0,0.0,0,0,0,solo,solo,group-3,202,202,1902
MAGBENCH_77a4b51b-b0d3-44fc-bed3-2ecccad80de0,MedAgentsBench,Simple,0.0777,2.3923,2.3923,0.3101,1,1,1,solo,solo,group-3,418,418,3225
MAGBENCH_780,MedAgentsBench,Complex,0.4084,0.0,1.1834,0.0,0,1,0,group-2,solo,group-3,2483,845,4494
MAGBENCH_781,MedAgentsBench,Moderate,0.2517,1.5267,1.5267,0.0,1,1,0,solo,solo,group-3,655,655,3684
MAGBENCH_782,MedAgentsBench,Simple,0.0277,0.0,0.0,0.0,0,0,0,solo,solo,group-3,130,130,2609
MAGBENCH_783,MedAgentsBench,Simple,0.0377,4.5249,4.5249,0.4478,1,1,1,solo,solo,group-3,221,221,2233
MAGBENCH_785fef59-4300-47c1-a53e-7e09f6201e0d,MedAgentsBench,Simple,0.0297,0.0,0.0,0.0,0,0,0,solo,solo,group-3,336,336,2750
MAGBENCH_7860319,MedAgentsBench,Complex,0.4057,0.0,0.0,0.0,0,0,0,group-2,solo,group-3,2240,542,4128
MAGBENCH_787,MedAgentsBench,Simple,0.0217,0.0,0.0,0.0,0,0,0,solo,solo,group-3,255,255,2446
MAGBENCH_7876791e-f9f6-404e-8c3c-32106bc3bffb,MedAgentsBench,Simple,0.0157,0.0,0.0,0.0,0,0,0,solo,solo,group-3,129,129,2381
MAGBENCH_789aa0f7-2666-4950-be7e-42b03b1b1a44,MedAgentsBench,Simple,0.0217,0.0,0.0,0.0,0,0,0,solo,solo,group-3,318,318,2615
MAGBENCH_78b95ab4-b15f-4942-b618-8b36e946a5d0,MedAgentsBench,Simple,0.085,0.0,0.0,0.0,0,0,0,solo,solo,group-3,184,184,2948
MAGBENCH_790,MedAgentsBench,Simple,0.0417,6.7568,6.7568,0.5152,1,1,1,solo,solo,group-3,148,148,1941
MAGBENCH_791,MedAgentsBench,Moderate,0.237,0.0,0.0,0.2877,0,0,1,solo,solo,group-3,556,556,3476
MAGBENCH_793,MedAgentsBench,Moderate,0.2357,0.0,0.0,0.2881,0,0,1,solo,solo,group-3,493,493,3471
MAGBENCH_794,MedAgentsBench,Moderate,0.2617,1.8832,1.8832,0.2921,1,1,1,solo,solo,group-3,531,531,3424
MAGBENCH_797,MedAgentsBench,Moderate,0.1897,0.0,0.0,0.0,0,0,0,solo,solo,group-3,537,537,3401
MAGBENCH_7973cdd2-2971-46bd-aec3-3100119af946,MedAgentsBench,Simple,0.0297,3.7879,3.7879,0.4117,1,1,1,solo,solo,group-3,264,264,2429
MAGBENCH_798,MedAgentsBench,Moderate,0.1637,0.0,0.0,0.2753,0,0,1,solo,solo,group-3,586,586,3632
MAGBENCH_798a13b0-ae35-4eba-b72b-6c935926e452,MedAgentsBench,Simple,0.0357,0.0,0.0,0.0,0,0,0,solo,solo,group-3,165,165,2824
MAGBENCH_79_biomedical_engineer,MedAgentsBench,Simple,0.0457,0.0,0.0,0.0,0,0,0,solo,solo,group-3,233,233,2689
MAGBENCH_79e1618e-0e20-40ba-b104-8397f32985cc,MedAgentsBench,Simple,0.0637,0.0,0.0,0.0,0,0,0,solo,solo,group-3,343,343,2988
MAGBENCH_7_speech_pathologist,MedAgentsBench,Simple,0.0257,0.0,0.0,0.0,0,0,0,solo,solo,group-3,266,266,2320
MAGBENCH_7a163b43-2355-4789-aa99-a116c1a3ca00,MedAgentsBench,Simple,0.0457,0.0,0.0,0.0,0,0,0,solo,solo,group-3,321,321,3030
MAGBENCH_7a1a39e0-3648-41cf-bf9f-2e5ea0c41ccf,MedAgentsBench,Simple,0.0337,0.0,0.0,0.0,0,0,0,solo,solo,group-3,334,334,3162
MAGBENCH_7a3a771f-2b56-4af8-b967-3c991b394bc6,MedAgentsBench,Simple,0.0337,0.0,0.0,0.0,0,0,0,solo,solo,group-3,393,393,3044
MAGBENCH_7a51e736-c9fd-452f-8d09-127583a42886,MedAgentsBench,Simple,0.0177,3.4364,3.4364,0.3691,1,1,1,solo,solo,group-3,291,291,2709
MAGBENCH_7a660bba-aabd-448d-9d13-38ee7837c97f,MedAgentsBench,Simple,0.0197,0.0,0.0,0.0,0,0,0,solo,solo,group-3,354,354,2984
MAGBENCH_7a6a550d-e730-40ac-8d5e-25a7212d4f23,MedAgentsBench,Simple,0.0277,0.0,0.0,0.0,0,0,0,solo,solo,group-3,184,184,2314
MAGBENCH_7aa1a7ca-15d6-42da-88b7-cbd1eefb503c,MedAgentsBench,Simple,0.0257,2.9412,2.9412,0.3578,1,1,1,solo,solo,group-3,340,340,2795
MAGBENCH_7aa31059-c5b9-44c9-ad4e-8ebe58dca18a,MedAgentsBench,Simple,0.0277,0.0,0.0,0.0,0,0,0,solo,solo,group-3,227,227,2359
MAGBENCH_7af75a95-3b56-4e2e-b091-3c3eef052b67,MedAgentsBench,Simple,0.0157,0.0,0.0,0.0,0,0,0,solo,solo,group-3,116,116,2776
MAGBENCH_7bb29056-c6b1-4d7b-b513-e6eab45eeb86,MedAgentsBench,Simple,0.0477,3.5971,3.5971,0.346,1,1,1,solo,solo,group-3,278,278,2890
MAGBENCH_7c79a7f1-20d7-4205-a05a-f974ecc2186c,MedAgentsBench,Simple,0.0137,0.0,0.0,0.0,0,0,0,solo,solo,group-3,199,199,2523
MAGBENCH_7cc17f9f-5ecd-4e71-b32f-74fdf3a6537b,MedAgentsBench,Simple,0.0737,0.0,0.0,0.0,0,0,0,solo,solo,group-3,289,289,2778
MAGBENCH_7cea5a22-d408-4fce-b026-381149dfd0b3,MedAgentsBench,Simple,0.0197,0.0,0.0,0.0,0,0,0,solo,solo,group-3,210,210,2713
MAGBENCH_7cfc2dcb-313a-4722-98b1-ac63c7b49e75,MedAgentsBench,Simple,0.0357,5.4645,5.4645,0.4237,1,1,1,solo,solo,group-3,183,183,2360
MAGBENCH_7dc6a7c7-66af-4073-8822-b2703ba88c5a,MedAgentsBench,Simple,0.0197,0.0,0.0,0.3626,0,0,1,solo,solo,group-3,301,301,2758
MAGBENCH_7dddfcb4-e0a3-4d71-b95e-49241da2abd5,MedAgentsBench,Simple,0.0317,0.0,0.0,0.0,0,0,0,solo,solo,group-3,363,363,2827
MAGBENCH_7e7eb34c-f362-459d-8bf5-7c485e460260,MedAgentsBench,Simple,0.0277,6.5359,6.5359,0.0,1,1,0,solo,solo,group-3,153,153,2459
MAGBENCH_7f0270fd-7d45-43ec-b77e-0038115bb845,MedAgentsBench,Simple,0.0457,0.0,0.0,0.0,0,0,0,solo,solo,group-3,346,346,2852
MAGBENCH_7f2895f8-0a13-45fc-bfd1-a3d5b7fbb121,MedAgentsBench,Simple,0.0597,3.3003,3.3003,0.3384,1,1,1,solo,solo,group-3,303,303,2955
MAGBENCH_7f3f6968-3304-4039-89b0-eebab7f702b4,MedAgentsBench,Simple,0.0157,5.102,5.102,0.3942,1,1,1,solo,solo,group-3,196,196,2537
MAGBENCH_7f8086d8-e91b-40fc-8d8c-55cc74f84d6c,MedAgentsBench,Simple,0.087,4.2553,4.2553,0.338,1,1,1,solo,solo,group-3,235,235,2959
MAGBENCH_800,MedAgentsBench,Moderate,0.1697,3.0488,3.0488,0.3177,1,1,1,solo,solo,group-3,328,328,3148
MAGBENCH_801,MedAgentsBench,Simple,0.0757,2.5907,2.5907,0.327,1,1,1,solo,solo,group-3,386,386,3058
MAGBENCH_802,MedAgentsBench,Simple,0.0457,0.0,0.0,0.0,0,0,0,solo,solo,group-3,184,184,2491
MAGBENCH_803,MedAgentsBench,Simple,0.0257,0.0,0.0,0.3984,0,0,1,solo,solo,group-3,362,362,2510
MAGBENCH_804,MedAgentsBench,Simple,0.0277,0.0,0.0,0.0,0,0,0,solo,solo,group-3,230,230,2325
MAGBENCH_805,MedAgentsBench,Moderate,0.153,2.3866,2.3866,0.318,1,1,1,solo,solo,group-3,419,419,3145
MAGBENCH_807,MedAgentsBench,Simple,0.0997,2.6455,2.6455,0.0,1,1,0,solo,solo,group-3,378,378,2810
MAGBENCH_80_biomedical_engineer,MedAgentsBench,Simple,0.0297,6.8027,6.8027,0.4363,1,1,1,solo,solo,group-3,147,147,2292
MAGBENCH_80_clinical_psychologist,MedAgentsBench,Simple,0.0237,0.0,0.0,0.0,0,0,0,solo,solo,group-3,303,303,2407
MAGBENCH_80d140b3-ecea-49ed-a805-775b3f067383,MedAgentsBench,Simple,0.0297,0.0,0.0,0.328,0,0,1,solo,solo,group-3,177,177,3049
MAGBENCH_80e16084-d58b-4584-8712-feb0dda14e36,MedAgentsBench,Simple,0.0177,4.6083,4.6083,0.3393,1,1,1,solo,solo,group-3,217,217,2947
MAGBENCH_80eccba1-1f33-4548-90bc-885cf7d98961,MedAgentsBench,Simple,0.0337,0.0,0.0,0.0,0,0,0,solo,solo,group-3,472,472,3263
MAGBENCH_811,MedAgentsBench,Simple,0.0457,3.6765,3.6765,0.0,1,1,0,solo,solo,group-3,272,272,2330
MAGBENCH_812,MedAgentsBench,Simple,0.0377,0.0,0.0,0.0,0,0,0,solo,solo,group-3,309,309,2706
MAGBENCH_814,MedAgentsBench,Simple,0.0217,0.0,0.0,0.0,0,0,0,solo,solo,group-3,215,215,2173
MAGBENCH_815,MedAgentsBench,Simple,0.0837,0.0,0.0,0.0,0,0,0,solo,solo,group-3,273,273,2617
MAGBENCH_816,MedAgentsBench,Moderate,0.177,2.5063,2.5063,0.3317,1,1,1,solo,solo,group-3,399,399,3015
MAGBENCH_8165771,MedAgentsBench,Complex,0.3697,0.0,0.0,0.0,0,0,0,solo,solo,group-3,592,592,3849
MAGBENCH_8173e986-5e4f-4c72-b175-8fa07b6c5ad9,MedAgentsBench,Simple,0.0197,6.8966,6.8966,0.3805,1,1,1,solo,solo,group-3,145,145,2628
MAGBENCH_819,MedAgentsBench,Moderate,0.1877,1.7986,1.7986,0.273,1,1,1,solo,solo,group-3,556,556,3663
MAGBENCH_81_clinical_laboratory_scientist,MedAgentsBench,Simple,0.0277,0.0,0.0,0.0,0,0,0,solo,solo,group-3,297,297,2693
MAGBENCH_81f36a50-554d-4c45-a8e2-8df9dce0ca2f,MedAgentsBench,Simple,0.0377,4.4444,4.4444,0.3854,1,1,1,solo,solo,group-3,225,225,2595
MAGBENCH_82,MedAgentsBench,Moderate,0.3077,1.5723,1.5723,0.2453,1,1,1,solo,solo,group-3,636,636,4076
MAGBENCH_820b79a8-3eef-494b-a007-995db6b5258c,MedAgentsBench,Simple,0.0317,0.0,0.0,0.0,0,0,0,solo,solo,group-3,340,340,2936
MAGBENCH_823,MedAgentsBench,Simple,0.0477,5.7803,5.7803,0.3546,1,1,1,solo,solo,group-3,173,173,2820
MAGBENCH_824,MedAgentsBench,Simple,0.0337,6.135,6.135,0.0,1,1,0,solo,solo,group-3,163,163,2621
MAGBENCH_828,MedAgentsBench,Simple,0.0457,0.0,0.0,0.4604,0,0,1,solo,solo,group-3,145,145,2172
MAGBENCH_82_biomedical_engineer,MedAgentsBench,Simple,0.0257,6.9444,6.9444,0.4688,1,1,1,solo,solo,group-3,144,144,2133
MAGBENCH_82_clinical_laboratory_scientist,MedAgentsBench,Simple,0.0357,3.69,3.69,0.4014,1,1,1,solo,solo,group-3,271,271,2491
MAGBENCH_82b0de7a-8e54-4c49-a872-9170f2d7b599,MedAgentsBench,Simple,0.0397,0.0,0.0,0.3611,0,0,1,solo,solo,group-3,199,199,2769
MAGBENCH_82f0f5d7-996b-49cc-8c8c-b9ff7cb35ecc,MedAgentsBench,Simple,0.0157,0.0,0.0,0.0,0,0,0,solo,solo,group-3,317,317,2999
MAGBENCH_83,MedAgentsBench,Complex,0.4057,0.3705,0.9728,0.2089,1,1,1,group-2,solo,group-3,2699,1028,4788
MAGBENCH_830,MedAgentsBench,Moderate,0.2004,0.0,0.0,0.0,0,0,0,solo,solo,group-3,397,397,3244
MAGBENCH_833,MedAgentsBench,Moderate,0.3384,0.0,0.0,0.0,0,0,0,solo,solo,group-3,673,673,3896
MAGBENCH_836,MedAgentsBench,Simple,0.0197,5.1546,5.1546,0.4158,1,1,1,solo,solo,group-3,194,194,2405
MAGBENCH_838,MedAgentsBench,Simple,0.0397,6.4103,6.4103,0.4018,1,1,1,solo,solo,group-3,156,156,2489
MAGBENCH_839,MedAgentsBench,Moderate,0.1917,0.0,0.0,0.0,0,0,0,solo,solo,group-3,485,485,3358
MAGBENCH_83_clinical_psychologist,MedAgentsBench,Simple,0.0597,0.0,0.0,0.0,0,0,0,solo,solo,group-3,220,220,2597
MAGBENCH_83_occupational_therapist,MedAgentsBench,Simple,0.0357,4.8309,4.8309,0.3575,1,1,1,solo,solo,group-3,207,207,2797
MAGBENCH_83_speech_pathologist,MedAgentsBench,Simple,0.0297,0.0,0.0,0.0,0,0,0,solo,solo,group-3,225,225,2512
MAGBENCH_84,MedAgentsBench,Moderate,0.301,0.0,0.0,0.0,0,0,0,solo,solo,group-3,610,610,3793
MAGBENCH_840,MedAgentsBench,Simple,0.0877,3.1746,3.1746,0.3368,1,1,1,solo,solo,group-3,315,315,2969
MAGBENCH_845,MedAgentsBench,Moderate,0.1797,0.0,0.0,0.0,0,0,0,solo,solo,group-3,471,471,3312
MAGBENCH_847,MedAgentsBench,Simple,0.0977,0.0,0.0,0.0,0,0,0,solo,solo,group-3,215,215,3136
MAGBENCH_848,MedAgentsBench,Simple,0.0537,4.065,4.065,0.412,1,1,1,solo,solo,group-3,246,246,2427
MAGBENCH_84_occupational_therapist,MedAgentsBench,Simple,0.0477,0.0,0.0,0.0,0,0,0,solo,solo,group-3,280,280,2591
MAGBENCH_84aa0a722269d54ada2094d2cf14f98e5d5d45a406c915e5098d58ff9c90ef8f,MedAgentsBench,Simple,0.0157,0.0,0.0,0.0,0,0,0,solo,solo,group-3,316,316,2357
MAGBENCH_84b873f8-fb56-4767-8af8-8526e71bed62,MedAgentsBench,Simple,0.0197,0.0,0.0,0.0,0,0,0,solo,solo,group-3,285,285,2931
MAGBENCH_84d89a4f-db04-402d-88ab-ca39f6eee8bd,MedAgentsBench,Simple,0.0197,0.0,0.0,0.0,0,0,0,solo,solo,group-3,215,215,2636
MAGBENCH_84df151851275ab97df2d5e925339b221d2eabe4e325a42b533a5d75bc959004,MedAgentsBench,Simple,0.0257,2.7778,2.7778,0.3473,1,1,1,solo,solo,group-3,360,360,2879
MAGBENCH_84edf98d-5d16-4377-95fc-2bb67058e7d4,MedAgentsBench,Simple,0.0757,0.0,0.0,0.0,0,0,0,solo,solo,group-3,284,284,3009
MAGBENCH_850,MedAgentsBench,Simple,0.0357,0.0,0.0,0.0,0,0,0,solo,solo,group-3,275,275,2653
MAGBENCH_8512f838-80d6-4873-865a-f6e1632e558d,MedAgentsBench,Simple,0.0217,0.0,0.0,0.3542,0,0,1,solo,solo,group-3,246,246,2823
MAGBENCH_853,MedAgentsBench,Simple,0.0217,0.0,0.0,0.0,0,0,0,solo,solo,group-3,334,334,2599
MAGBENCH_85377a0a-3388-46b2-b2ba-43b90a2b7955,MedAgentsBench,Simple,0.0217,0.0,0.0,0.34,0,0,1,solo,solo,group-3,307,307,2941
MAGBENCH_855,MedAgentsBench,Simple,0.0337,3.9841,3.9841,0.3918,1,1,1,solo,solo,group-3,251,251,2552
MAGBENCH_856,MedAgentsBench,Simple,0.0457,4.2373,4.2373,0.0,1,1,0,solo,solo,group-3,236,236,2767
MAGBENCH_857,MedAgentsBench,Moderate,0.2097,2.3148,2.3148,0.0,1,1,0,solo,solo,group-3,432,432,3442
MAGBENCH_85_biomedical_engineer,MedAgentsBench,Simple,0.0457,0.0,0.0,0.0,0,0,0,solo,solo,group-3,346,346,2326
MAGBENCH_85cb22b1-2b4f-4ee5-bdc0-75561bef3ac2,MedAgentsBench,Simple,0.0377,0.0,0.0,0.0,0,0,0,solo,solo,group-3,169,169,2201
MAGBENCH_86,MedAgentsBench,Moderate,0.249,1.8018,1.8018,0.269,1,1,1,solo,solo,group-3,555,555,3718
MAGBENCH_86155521-ea6f-485e-b258-14c51d44578e,MedAgentsBench,Simple,0.0977,0.0,0.0,0.0,0,0,0,solo,solo,group-3,414,414,3107
MAGBENCH_8616b528-3a38-4bc5-b002-2e5133f56496,MedAgentsBench,Simple,0.071,5.7471,5.7471,0.3351,1,1,1,solo,solo,group-3,174,174,2984
MAGBENCH_862bcd0f-8fb5-4ff7-b242-5898ea4f0c69,MedAgentsBench,Simple,0.0237,0.0,0.0,0.0,0,0,0,solo,solo,group-3,254,254,2608
MAGBENCH_864,MedAgentsBench,Simple,0.0457,0.0,0.0,0.0,0,0,0,solo,solo,group-3,246,246,2619
MAGBENCH_869,MedAgentsBench,Simple,0.0497,0.0,0.0,0.0,0,0,0,solo,solo,group-3,266,266,2825
MAGBENCH_8692345e-a600-4355-a964-bb514b16d977,MedAgentsBench,Simple,0.0157,2.7548,2.7548,0.3317,1,1,1,solo,solo,group-3,363,363,3015
MAGBENCH_86_biomedical_engineer,MedAgentsBench,Simple,0.0597,3.937,3.937,0.363,1,1,1,solo,solo,group-3,254,254,2755
MAGBENCH_86_clinical_laboratory_scientist,MedAgentsBench,Simple,0.0277,2.7322,2.7322,0.3771,1,1,1,solo,solo,group-3,366,366,2652
MAGBENCH_87,MedAgentsBench,Moderate,0.3404,0.0,0.0,0.2556,0,0,1,solo,solo,group-3,661,661,3912
MAGBENCH_871,MedAgentsBench,Moderate,0.315,0.0,0.0,0.2654,0,0,1,solo,solo,group-3,624,624,3768
MAGBENCH_873,MedAgentsBench,Complex,0.3657,0.0,0.0,0.0,0,0,0,solo,solo,group-3,680,680,4182
MAGBENCH_874,MedAgentsBench,Moderate,0.3237,1.5674,1.5674,0.0,1,1,0,solo,solo,group-3,638,638,3828
MAGBENCH_876ee705-7f99-4e03-bbf1-77059c2971c0,MedAgentsBench,Simple,0.0217,7.4074,7.4074,0.35,1,1,1,solo,solo,group-3,135,135,2857
MAGBENCH_87751b39-a2e2-473d-86e7-e72d26b24ea4,MedAgentsBench,Simple,0.0297,0.0,0.0,0.0,0,0,0,solo,solo,group-3,308,308,2677
MAGBENCH_8788091c-a8ef-4155-a7a3-8e85d643f856,MedAgentsBench,Simple,0.0857,0.0,0.0,0.0,0,0,0,solo,solo,group-3,430,430,3278
MAGBENCH_879,MedAgentsBench,Simple,0.0377,3.3784,3.3784,0.3531,1,1,1,solo,solo,group-3,296,296,2832
MAGBENCH_87_clinical_psychologist,MedAgentsBench,Simple,0.0337,6.9444,6.9444,0.4216,1,1,1,solo,solo,group-3,144,144,2372
MAGBENCH_87_occupational_therapist,MedAgentsBench,Simple,0.0377,9.2593,9.2593,0.4509,1,1,1,solo,solo,group-3,108,108,2218
MAGBENCH_87e2483a12234cf6d4aa47a95802afb834cf9f4fa91b43ac1ec4e78cd6424abc,MedAgentsBench,Simple,0.0337,0.0,0.0,0.0,0,0,0,solo,solo,group-3,318,318,2831
MAGBENCH_87fab9d2-9419-49c1-93bf-59d0a311e8de,MedAgentsBench,Simple,0.0997,2.4213,2.4213,0.2992,1,1,1,solo,solo,group-3,413,413,3342
MAGBENCH_88,MedAgentsBench,Moderate,0.3137,0.0,0.0,0.0,0,0,0,solo,solo,group-3,660,660,3948
MAGBENCH_88082d18-5e7b-4c2a-81fa-b91139c7276d,MedAgentsBench,Simple,0.0157,0.0,0.0,0.0,0,0,0,solo,solo,group-3,173,173,2506
MAGBENCH_882,MedAgentsBench,Complex,0.363,0.0,0.0,0.0,0,0,0,solo,solo,group-3,818,818,4160
MAGBENCH_883563e3-4fe8-4b33-926b-5237f09d9c60,MedAgentsBench,Simple,0.0097,0.0,0.0,0.0,0,0,0,solo,solo,group-3,182,182,2654
MAGBENCH_88448a03-9101-434a-97d8-a9be98bae8f1,MedAgentsBench,Simple,0.091,0.0,0.0,0.0,0,0,0,solo,solo,group-3,135,135,2623
MAGBENCH_8847047,MedAgentsBench,Complex,0.4057,0.4325,1.4265,0.2361,1,1,1,group-2,solo,group-3,2312,701,4236
MAGBENCH_885,MedAgentsBench,Simple,0.0417,0.0,0.0,0.0,0,0,0,solo,solo,group-3,229,229,2507
MAGBENCH_886,MedAgentsBench,Moderate,0.2897,0.0,0.0,0.0,0,0,0,solo,solo,group-3,744,744,3701
MAGBENCH_888,MedAgentsBench,Moderate,0.1557,0.0,0.0,0.0,0,0,0,solo,solo,group-3,479,479,3072
MAGBENCH_889,MedAgentsBench,Moderate,0.2744,0.0,0.0,0.0,0,0,0,solo,solo,group-3,475,475,3332
MAGBENCH_88_biomedical_engineer,MedAgentsBench,Simple,0.0297,0.0,0.0,0.4431,0,0,1,solo,solo,group-3,190,190,2257
MAGBENCH_89,MedAgentsBench,Moderate,0.297,1.4205,1.4205,0.2548,1,1,1,solo,solo,group-3,704,704,3924
MAGBENCH_890,MedAgentsBench,Simple,0.0437,0.0,0.0,0.0,0,0,0,solo,solo,group-3,304,304,2260
MAGBENCH_892,MedAgentsBench,Simple,0.0277,5.0251,5.0251,0.3687,1,1,1,solo,solo,group-3,199,199,2712
MAGBENCH_8921484,MedAgentsBench,Complex,0.3737,1.7921,1.7921,0.2767,1,1,1,solo,solo,group-3,558,558,3614
MAGBENCH_893,MedAgentsBench,Simple,0.0577,0.0,0.0,0.3752,0,0,1,solo,solo,group-3,372,372,2665
MAGBENCH_895,MedAgentsBench,Simple,0.0537,0.0,0.0,0.0,0,0,0,solo,solo,group-3,352,352,2739
MAGBENCH_896,MedAgentsBench,Moderate,0.3057,2.331,2.331,0.2914,1,1,1,solo,solo,group-3,429,429,3432
MAGBENCH_898,MedAgentsBench,Complex,0.359,1.7637,1.7637,0.2714,1,1,1,solo,solo,group-3,567,567,3685
MAGBENCH_899,MedAgentsBench,Moderate,0.2837,0.0,0.0,0.0,0,0,0,solo,solo,group-3,698,698,3834
MAGBENCH_899a827c-15ed-46c1-8dee-9ddfb723a331,MedAgentsBench,Simple,0.0337,0.0,0.0,0.0,0,0,0,solo,solo,group-3,237,237,2839
MAGBENCH_89_clinical_psychologist,MedAgentsBench,Simple,0.0357,0.0,0.0,0.0,0,0,0,solo,solo,group-3,302,302,2587
MAGBENCH_8_occupational_therapist,MedAgentsBench,Simple,0.0337,15.625,15.625,0.4045,1,1,1,solo,solo,group-3,64,64,2472
MAGBENCH_8a045017-cef4-4ca8-ad9b-52bf5a0bed63,MedAgentsBench,Simple,0.0217,0.0,0.0,0.0,0,0,0,solo,solo,group-3,116,116,2138
MAGBENCH_8a91d036-5cc2-49a1-8ce0-d92b771ed10d,MedAgentsBench,Simple,0.077,0.0,0.0,0.0,0,0,0,solo,solo,group-3,388,388,2796
MAGBENCH_8abcdea2-c351-4df7-ab42-8898201f9949,MedAgentsBench,Simple,0.0257,0.0,0.0,0.0,0,0,0,solo,solo,group-3,289,289,2822
MAGBENCH_8ae6489e-0c86-48c8-92cf-3819348fc472,MedAgentsBench,Simple,0.0137,0.0,0.0,0.0,0,0,0,solo,solo,group-3,114,114,2672
MAGBENCH_8b2bc220-f5f6-4651-89b7-c38432303837,MedAgentsBench,Simple,0.0237,4.717,4.717,0.0,1,1,0,solo,solo,group-3,212,212,2656
MAGBENCH_8b3e79da-c35a-4d0c-8bb1-ba5bb9f20949,MedAgentsBench,Simple,0.0277,0.0,0.0,0.0,0,0,0,solo,solo,group-3,225,225,2382
MAGBENCH_8b3e9e1d-8571-49ef-a5ef-806c18ad079e,MedAgentsBench,Simple,0.0137,0.0,0.0,0.0,0,0,0,solo,solo,group-3,163,163,2828
MAGBENCH_8b91d707-6038-40de-8833-d865318f791e,MedAgentsBench,Simple,0.0177,4.3668,4.3668,0.3422,1,1,1,solo,solo,group-3,229,229,2922
MAGBENCH_8b9a0e04-4281-418a-aa94-7414a325732f,MedAgentsBench,Simple,0.0597,0.0,0.0,0.0,0,0,0,solo,solo,group-3,205,205,2346
MAGBENCH_8ba2ca7c-9ae4-4771-9e9c-0e44250ca6b5,MedAgentsBench,Simple,0.0117,0.0,0.0,0.0,0,0,0,solo,solo,group-3,144,144,2810
MAGBENCH_8bbcb007-44f0-460f-9e73-25f6006859fe,MedAgentsBench,Simple,0.0137,0.0,0.0,0.0,0,0,0,solo,solo,group-3,253,253,2802
MAGBENCH_8c5568c4-2a9d-4a89-97ba-ce39ee127ceb,MedAgentsBench,Simple,0.0097,15.625,15.625,0.405,1,1,1,solo,solo,group-3,64,64,2469
MAGBENCH_8c5c9f90-f367-4a1c-84d2-50a39833588d,MedAgentsBench,Simple,0.0677,0.0,0.0,0.0,0,0,0,solo,solo,group-3,362,362,2881
MAGBENCH_8cce7868-0429-4f98-9e6a-4baa045dffcc,MedAgentsBench,Simple,0.069,0.0,0.0,0.0,0,0,0,solo,solo,group-3,288,288,3057
MAGBENCH_8d29e115-e566-4499-b283-c3907ba9c5c3,MedAgentsBench,Simple,0.0197,5.1813,5.1813,0.0,1,1,0,solo,solo,group-3,193,193,2352
MAGBENCH_8d6cd2e6-9912-4bb5-b276-289f11e6371f,MedAgentsBench,Simple,0.0177,0.0,0.0,0.0,0,0,0,solo,solo,group-3,145,145,2163
MAGBENCH_8d8150e4-2224-4ac1-b41e-b8353a744dcc,MedAgentsBench,Simple,0.0257,0.0,0.0,0.0,0,0,0,solo,solo,group-3,195,195,2749
MAGBENCH_8e64201e-6d6b-4187-98df-bb12e0945c78,MedAgentsBench,Simple,0.0897,0.0,0.0,0.0,0,0,0,solo,solo,group-3,367,367,3090
MAGBENCH_8ee2d953-651d-41bb-88bd-ab49c3be399b,MedAgentsBench,Simple,0.0157,3.8023,3.8023,0.3263,1,1,1,solo,solo,group-3,263,263,3065
MAGBENCH_9,MedAgentsBench,Moderate,0.2857,0.0,0.0,0.0,0,0,0,solo,solo,group-3,550,550,3702
MAGBENCH_901769b9-8f5f-48e3-869a-879c1d57ad93,MedAgentsBench,Simple,0.0357,0.0,0.0,0.3343,0,0,1,solo,solo,group-3,418,418,2991
MAGBENCH_903,MedAgentsBench,Moderate,0.247,2.0243,2.0243,0.2974,1,1,1,solo,solo,group-3,494,494,3362
MAGBENCH_904,MedAgentsBench,Moderate,0.1924,2.1882,2.1882,0.0,1,1,0,solo,solo,group-3,457,457,3474
MAGBENCH_90481eeb-fa12-4a3d-8348-dd3f1758167c,MedAgentsBench,Simple,0.0277,0.0,0.0,0.0,0,0,0,solo,solo,group-3,353,353,2955
MAGBENCH_905,MedAgentsBench,Complex,0.419,0.4115,0.0,0.2351,1,0,1,group-2,solo,group-3,2430,828,4254
MAGBENCH_905c3610-47d5-47a7-ab42-624fc0040065,MedAgentsBench,Simple,0.0257,0.0,0.0,0.0,0,0,0,solo,solo,group-3,260,260,2499
MAGBENCH_908,MedAgentsBench,Moderate,0.2237,0.0,0.0,0.0,0,0,0,solo,solo,group-3,535,535,3220
MAGBENCH_90896a33-2ebb-4fee-b954-d37984ba6847,MedAgentsBench,Simple,0.0237,0.0,0.0,0.0,0,0,0,solo,solo,group-3,168,168,2056
MAGBENCH_908f179d-9296-4cc3-8cd5-d3e59e24d232,MedAgentsBench,Simple,0.0477,0.0,0.0,0.0,0,0,0,solo,solo,group-3,251,251,2652
MAGBENCH_91324f8c-5091-4fae-849c-c4477a571de8,MedAgentsBench,Simple,0.0257,0.0,0.0,0.0,0,0,0,solo,solo,group-3,257,257,2954
MAGBENCH_914,MedAgentsBench,Moderate,0.1377,0.0,0.0,0.0,0,0,0,solo,solo,group-3,359,359,2944
MAGBENCH_9142039,MedAgentsBench,Complex,0.4057,0.0,1.3812,0.2325,0,1,1,group-2,solo,group-3,2356,724,4302
MAGBENCH_91430721-6b45-4be5-acfb-29e96d31d077,MedAgentsBench,Simple,0.0437,0.0,0.0,0.0,0,0,0,solo,solo,group-3,290,290,2484
MAGBENCH_91670015-d49a-46d1-9ca2-925f832c300e,MedAgentsBench,Simple,0.0157,0.0,0.0,0.0,0,0,0,solo,solo,group-3,125,125,2225
MAGBENCH_919,MedAgentsBench,Moderate,0.239,2.1786,2.1786,0.0,1,1,0,solo,solo,group-3,459,459,3267
MAGBENCH_9199905,MedAgentsBench,Complex,0.3757,0.0,0.0,0.0,0,0,0,solo,solo,group-3,639,639,4350
MAGBENCH_91_clinical_laboratory_scientist,MedAgentsBench,Simple,0.0477,4.5662,4.5662,0.3745,1,1,1,solo,solo,group-3,219,219,2670
MAGBENCH_91_clinical_psychologist,MedAgentsBench,Simple,0.0417,0.0,0.0,0.0,0,0,0,solo,solo,group-3,185,185,1574
MAGBENCH_91aa0a58-78a7-4c75-ae0b-5dc0ada32999,MedAgentsBench,Simple,0.0297,8.547,8.547,0.0,1,1,0,solo,solo,group-3,117,117,2643
MAGBENCH_91b8c11b-1fd3-40dc-9660-5756b52296ed,MedAgentsBench,Simple,0.0177,0.0,0.0,0.0,0,0,0,solo,solo,group-3,217,217,2645
MAGBENCH_92,MedAgentsBench,Moderate,0.343,0.0,0.0,0.0,0,0,0,solo,solo,group-3,678,678,3700
MAGBENCH_920be195-ff47-4a12-9968-c79a5615141f,MedAgentsBench,Simple,0.0737,2.6042,2.6042,0.3141,1,1,1,solo,solo,group-3,384,384,3184
MAGBENCH_9220447e-0ac6-41b7-b22d-07d1340b3641,MedAgentsBench,Simple,0.0617,2.1097,2.1097,0.0,1,1,0,solo,solo,group-3,474,474,3327
MAGBENCH_924,MedAgentsBench,Complex,0.4044,0.0,0.0,0.0,0,0,0,group-2,solo,group-3,2170,751,4022
MAGBENCH_9251f6b9-8124-4f34-8936-c66761486357,MedAgentsBench,Simple,0.0297,0.0,0.0,0.0,0,0,0,solo,solo,group-3,314,314,2997
MAGBENCH_926,MedAgentsBench,Complex,0.3664,0.0,0.0,0.0,0,0,0,solo,solo,group-3,659,659,3985
MAGBENCH_927,MedAgentsBench,Moderate,0.2784,1.6474,1.6474,0.2661,1,1,1,solo,solo,group-3,607,607,3758
MAGBENCH_928c6efd-d481-4323-83f0-721dae436451,MedAgentsBench,Simple,0.0237,0.0,0.0,0.0,0,0,0,solo,solo,group-3,266,266,2842
MAGBENCH_929,MedAgentsBench,Moderate,0.2357,2.0877,2.0877,0.3263,1,1,1,solo,solo,group-3,479,479,3065
MAGBENCH_930d4945-04ef-4c32-9c9d-279e8226f852,MedAgentsBench,Moderate,0.1157,2.2371,2.2371,0.3076,1,1,1,solo,solo,group-3,447,447,3251
MAGBENCH_931,MedAgentsBench,Moderate,0.2037,0.0,0.0,0.0,0,0,0,solo,solo,group-3,477,477,3445
MAGBENCH_934,MedAgentsBench,Moderate,0.1897,0.0,0.0,0.0,0,0,0,solo,solo,group-3,481,481,3401
MAGBENCH_93de5c7308b4b07661240b6f2617e1edf01a49dfeb03bee2a95e9141f78450ea,MedAgentsBench,Simple,0.0977,0.0,0.0,0.0,0,0,0,solo,solo,group-3,441,441,3176
MAGBENCH_9427037,MedAgentsBench,Complex,0.3697,1.506,1.506,0.2482,1,1,1,solo,solo,group-3,664,664,4029
MAGBENCH_94377365-084a-4a08-9081-c1f2aa7b1b84,MedAgentsBench,Simple,0.0137,0.0,0.0,0.431,0,0,1,solo,solo,group-3,188,188,2320
MAGBENCH_9465206,MedAgentsBench,Complex,0.419,0.0,0.0,0.0,0,0,0,group-2,solo,group-3,2789,917,4953
MAGBENCH_9468ca2d-bf9d-4819-8e72-15c5d9c6df2f,MedAgentsBench,Simple,0.087,0.0,0.0,0.0,0,0,0,solo,solo,group-3,453,453,3194
MAGBENCH_9483814,MedAgentsBench,Complex,0.419,0.0,0.0,0.0,0,0,0,group-2,solo,group-3,2322,779,4251
MAGBENCH_9488747,MedAgentsBench,Complex,0.387,0.0,0.0,0.0,0,0,0,solo,solo,group-3,534,534,4033
MAGBENCH_949,MedAgentsBench,Moderate,0.213,0.0,0.0,0.2727,0,0,1,solo,solo,group-3,544,544,3667
MAGBENCH_94_clinical_psychologist,MedAgentsBench,Simple,0.0317,5.291,5.291,0.3788,1,1,1,solo,solo,group-3,189,189,2640
MAGBENCH_94d73310098f8db7f8d0c0347241f6ffe538da6042d081c6cc049685da2f66db,MedAgentsBench,Simple,0.0197,5.8824,5.8824,0.3785,1,1,1,solo,solo,group-3,170,170,2642
MAGBENCH_94e49b87-631d-4d93-bdf8-e8e71ae04654,MedAgentsBench,Simple,0.0157,5.6497,5.6497,0.4136,1,1,1,solo,solo,group-3,177,177,2418
MAGBENCH_94f81251-43c1-4ba0-a67c-4f6412742774,MedAgentsBench,Simple,0.0397,3.2468,3.2468,0.0,1,1,0,solo,solo,group-3,308,308,2481
MAGBENCH_95,MedAgentsBench,Moderate,0.333,1.6584,1.6584,0.0,1,1,0,solo,solo,group-3,603,603,3718
MAGBENCH_950,MedAgentsBench,Moderate,0.1177,3.4722,3.4722,0.0,1,1,0,solo,solo,group-3,288,288,2746
MAGBENCH_951,MedAgentsBench,Moderate,0.2417,1.8083,1.8083,0.0,1,1,0,solo,solo,group-3,553,553,3541
MAGBENCH_95367fc3-c4d1-48f6-bcf4-8da8be3cfa2d,MedAgentsBench,Simple,0.0257,4.5249,4.5249,0.3658,1,1,1,solo,solo,group-3,221,221,2734
MAGBENCH_954,MedAgentsBench,Complex,0.4057,0.0,0.0,0.0,0,0,0,group-2,solo,group-3,2423,834,4391
MAGBENCH_95711cf9-001b-4ebc-8ca6-e5b8d2c138b8,MedAgentsBench,Simple,0.0217,0.0,0.0,0.0,0,0,0,solo,solo,group-3,234,234,2146
MAGBENCH_9582182,MedAgentsBench,Moderate,0.3277,0.0,0.0,0.0,0,0,0,solo,solo,group-3,624,624,3757
MAGBENCH_95835bf6-f013-4b4e-9a46-c3f046eeca17,MedAgentsBench,Simple,0.0237,4.8544,4.8544,0.3852,1,1,1,solo,solo,group-3,206,206,2596
MAGBENCH_959,MedAgentsBench,Moderate,0.257,2.1413,2.1413,0.3025,1,1,1,solo,solo,group-3,467,467,3306
MAGBENCH_95_clinical_laboratory_scientist,MedAgentsBench,Simple,0.0257,0.0,0.0,0.0,0,0,0,solo,solo,group-3,341,341,2866
MAGBENCH_95_occupational_therapist,MedAgentsBench,Simple,0.0717,8.1967,8.1967,0.4798,1,1,1,solo,solo,group-3,122,122,2084
MAGBENCH_95_speech_pathologist,MedAgentsBench,Simple,0.0277,0.0,0.0,0.0,0,0,0,solo,solo,group-3,270,270,2543
MAGBENCH_95deaff5-dc0b-42a7-b257-573f3de4c88d,MedAgentsBench,Simple,0.0257,0.0,0.0,0.0,0,0,0,solo,solo,group-3,244,244,2904
MAGBENCH_96,MedAgentsBench,Moderate,0.2917,0.0,0.0,0.0,0,0,0,solo,solo,group-3,575,575,3735
MAGBENCH_9603166,MedAgentsBench,Complex,0.3977,0.0,0.0,0.2476,0,0,1,solo,solo,group-3,586,586,4038
MAGBENCH_96134923-f73b-48f4-8361-c964c3ab16b2,MedAgentsBench,Simple,0.0664,5.988,5.988,0.3422,1,1,1,solo,solo,group-3,167,167,2922
MAGBENCH_966,MedAgentsBench,Moderate,0.301,0.0,0.0,0.0,0,0,0,solo,solo,group-3,572,572,3762
MAGBENCH_967,MedAgentsBench,Moderate,0.335,0.0,0.0,0.0,0,0,0,solo,solo,group-3,644,644,3917
MAGBENCH_968,MedAgentsBench,Moderate,0.2624,1.938,1.938,0.0,1,1,0,solo,solo,group-3,516,516,3636
MAGBENCH_969,MedAgentsBench,Moderate,0.2577,1.9084,1.9084,0.2675,1,1,1,solo,solo,group-3,524,524,3739
MAGBENCH_96_clinical_laboratory_scientist,MedAgentsBench,Simple,0.0137,6.4103,6.4103,0.3926,1,1,1,solo,solo,group-3,156,156,2547
MAGBENCH_96_occupational_therapist,MedAgentsBench,Simple,0.0277,0.0,0.0,0.0,0,0,0,solo,solo,group-3,280,280,2760
MAGBENCH_97,MedAgentsBench,Moderate,0.1577,2.3697,2.3697,0.3129,1,1,1,solo,solo,group-3,422,422,3196
MAGBENCH_972,MedAgentsBench,Moderate,0.1957,0.0,0.0,0.0,0,0,0,solo,solo,group-3,482,482,3272
MAGBENCH_9722752,MedAgentsBench,Complex,0.419,0.0,0.0,0.0,0,0,0,group-2,solo,group-3,2142,639,3981
MAGBENCH_978,MedAgentsBench,Moderate,0.291,0.0,0.0,0.0,0,0,0,solo,solo,group-3,525,525,3523
MAGBENCH_97c32c95-28ad-44b2-8077-2f9a1c0468fd,MedAgentsBench,Simple,0.0237,0.0,0.0,0.0,0,0,0,solo,solo,group-3,225,225,2325
MAGBENCH_97ed634a-a034-41a1-b92d-3781331b6f5a,MedAgentsBench,Simple,0.0237,4.4843,4.4843,0.3702,1,1,1,solo,solo,group-3,223,223,2701
MAGBENCH_98,MedAgentsBench,Moderate,0.1584,2.7701,2.7701,0.3151,1,1,1,solo,solo,group-3,361,361,3174
MAGBENCH_983,MedAgentsBench,Moderate,0.209,1.8416,1.8416,0.2759,1,1,1,solo,solo,group-3,543,543,3624
MAGBENCH_985,MedAgentsBench,Moderate,0.3244,1.6474,1.6474,0.2622,1,1,1,solo,solo,group-3,607,607,3814
MAGBENCH_986,MedAgentsBench,Moderate,0.191,0.0,0.0,0.0,0,0,0,solo,solo,group-3,467,467,3497
MAGBENCH_987,MedAgentsBench,Moderate,0.2644,0.0,0.0,0.0,0,0,0,solo,solo,group-3,527,527,3222
MAGBENCH_989,MedAgentsBench,Moderate,0.331,0.0,0.0,0.0,0,0,0,solo,solo,group-3,722,722,4172
MAGBENCH_98_biomedical_engineer,MedAgentsBench,Simple,0.0317,5.4054,5.4054,0.4924,1,1,1,solo,solo,group-3,185,185,2031
MAGBENCH_98e20d31-45bf-46c2-80cd-a9020dcaf014,MedAgentsBench,Moderate,0.1044,0.0,0.0,0.0,0,0,0,solo,solo,group-3,253,253,2832
MAGBENCH_9915556e-4bff-4728-a142-32cd11836bbb,MedAgentsBench,Simple,0.0317,0.0,0.0,0.0,0,0,0,solo,solo,group-3,232,232,2155
MAGBENCH_993,MedAgentsBench,Complex,0.357,0.0,0.0,0.0,0,0,0,solo,solo,group-3,757,757,3983
MAGBENCH_997,MedAgentsBench,Moderate,0.223,2.0325,2.0325,0.2825,1,1,1,solo,solo,group-3,492,492,3540
MAGBENCH_99_clinical_laboratory_scientist,MedAgentsBench,Simple,0.0417,6.6225,6.6225,0.5956,1,1,1,solo,solo,group-3,151,151,1679
MAGBENCH_99ebb66d-a706-49db-aa48-96f3430ce0d4,MedAgentsBench,Simple,0.0237,0.0,0.0,0.0,0,0,0,solo,solo,group-3,205,205,2491
MAGBENCH_9_clinical_psychologist,MedAgentsBench,Simple,0.0277,0.0,0.0,0.0,0,0,0,solo,solo,group-3,267,267,2340
MAGBENCH_9_speech_pathologist,MedAgentsBench,Simple,0.0297,0.0,0.0,0.0,0,0,0,solo,solo,group-3,377,377,2937
MAGBENCH_9a664b49-9962-466f-a160-3ae2036dd720,MedAgentsBench,Simple,0.0217,0.0,0.0,0.0,0,0,0,solo,solo,group-3,174,174,2463
MAGBENCH_9ab1e53f-7a79-4422-a147-0a5b6936ecb9,MedAgentsBench,Simple,0.0097,0.0,0.0,0.3643,0,0,1,solo,solo,group-3,269,269,2745
MAGBENCH_9b8ebf6f-3451-401c-838d-f2f50a3e7d8a,MedAgentsBench,Simple,0.0237,0.0,0.0,0.0,0,0,0,solo,solo,group-3,198,198,2124
MAGBENCH_9ba605e2-bf6d-427b-a4ed-c8948569ac22,MedAgentsBench,Simple,0.0257,8.1301,8.1301,0.0,1,1,0,solo,solo,group-3,123,123,2554
MAGBENCH_9baccdab-543d-4508-8192-493ac564b258,MedAgentsBench,Simple,0.0137,10.5263,10.5263,0.3584,1,1,1,solo,solo,group-3,95,95,2790
MAGBENCH_9baf46e0-b16f-48a5-b761-334765784402,MedAgentsBench,Simple,0.0157,0.0,0.0,0.0,0,0,0,solo,solo,group-3,120,120,2612
MAGBENCH_9c1caee2-628f-4a80-b55e-8480760cb634,MedAgentsBench,Simple,0.0257,4.6948,4.6948,0.3791,1,1,1,solo,solo,group-3,213,213,2638
MAGBENCH_9c1d56d9-5f46-4d3f-87e6-894a31c98f27,MedAgentsBench,Simple,0.0217,4.3103,4.3103,0.3861,1,1,1,solo,solo,group-3,232,232,2590
MAGBENCH_9c2050d1-8db5-4ef7-835c-d7cb5bb52198,MedAgentsBench,Simple,0.0177,0.0,0.0,0.0,0,0,0,solo,solo,group-3,167,167,2819
MAGBENCH_9c730300-2694-442a-8a72-089982d739f8,MedAgentsBench,Simple,0.0277,0.0,0.0,0.0,0,0,0,solo,solo,group-3,253,253,2869
MAGBENCH_9ca33423-8e19-4c59-9f3b-c4240d97ee3e,MedAgentsBench,Simple,0.0177,3.1056,3.1056,0.3702,1,1,1,solo,solo,group-3,322,322,2701
MAGBENCH_9dc82b98-671e-4d88-9f37-1ae5d2f7c6ff,MedAgentsBench,Simple,0.0217,4.8544,4.8544,0.3923,1,1,1,solo,solo,group-3,206,206,2549
MAGBENCH_9dda02cb-7dbf-4ee3-a1c6-8aa19dacd528,MedAgentsBench,Simple,0.0077,0.0,0.0,0.0,0,0,0,solo,solo,group-3,114,114,3224
MAGBENCH_9e56e9b3-c4aa-44a9-ac78-e7aba802f443,MedAgentsBench,Simple,0.0157,0.0,0.0,0.0,0,0,0,solo,solo,group-3,336,336,2869
MAGBENCH_9e7d4311-f779-4154-8fd3-9a53421481bc,MedAgentsBench,Simple,0.0377,0.0,0.0,0.0,0,0,0,solo,solo,group-3,278,278,2821
MAGBENCH_9e8038c4-e848-450c-8f57-f9bfa7b75fb0,MedAgentsBench,Simple,0.0217,4.1494,4.1494,0.0,1,1,0,solo,solo,group-3,241,241,2704
MAGBENCH_9ed9358f-cdc1-48d6-8147-45ab98516fb0,MedAgentsBench,Simple,0.0177,0.0,0.0,0.4435,0,0,1,solo,solo,group-3,172,172,2255
MAGBENCH_9efd66e5-5dcc-4213-ba60-a590e2f02625,MedAgentsBench,Simple,0.0237,0.0,0.0,0.0,0,0,0,solo,solo,group-3,277,277,2867
MAGBENCH_9f83f560-e7d6-4ad7-8e04-34e3e4830f23,MedAgentsBench,Simple,0.0237,4.4444,4.4444,0.3716,1,1,1,solo,solo,group-3,225,225,2691
MAGBENCH_9ff3bde4232873a724917756f14ca884809e924f41eeabdf7d89fc2b7faf8411,MedAgentsBench,Simple,0.0157,0.0,0.0,0.0,0,0,0,solo,solo,group-3,388,388,3051
MAGBENCH_Text-0,MedAgentsBench,Moderate,0.2837,1.2804,1.2804,0.2391,1,1,1,solo,solo,group-3,781,781,4182
MAGBENCH_Text-10,MedAgentsBench,Complex,0.4324,0.0,0.0,0.0,0,0,0,group-2,solo,group-3,2483,953,4490
MAGBENCH_Text-1011,MedAgentsBench,Complex,0.4057,0.0,0.0,0.0,0,0,0,group-2,solo,group-3,2369,797,4323
MAGBENCH_Text-1014,MedAgentsBench,Moderate,0.1377,2.0,2.0,0.0,1,1,0,solo,solo,group-3,500,500,3260
MAGBENCH_Text-1015,MedAgentsBench,Moderate,0.1137,2.4331,2.4331,0.388,1,1,1,solo,solo,group-3,411,411,2577
MAGBENCH_Text-1016,MedAgentsBench,Moderate,0.2697,0.0,0.0,0.0,0,0,0,solo,solo,group-3,659,659,3798
MAGBENCH_Text-1019,MedAgentsBench,Complex,0.4057,0.0,1.139,0.0,0,1,0,group-2,solo,group-3,2447,878,4433
MAGBENCH_Text-102,MedAgentsBench,Moderate,0.349,0.0,0.0,0.0,0,0,0,solo,solo,group-3,701,701,4089
MAGBENCH_Text-1023,MedAgentsBench,Complex,0.4057,0.0,1.2755,0.2315,0,1,1,group-2,solo,group-3,2368,784,4320
MAGBENCH_Text-1028,MedAgentsBench,Complex,0.4324,0.0,0.0,0.0,0,0,0,group-2,solo,group-3,2306,799,4228
MAGBENCH_Text-1030,MedAgentsBench,Moderate,0.303,0.0,0.0,0.0,0,0,0,solo,solo,group-3,746,746,4136
MAGBENCH_Text-1036,MedAgentsBench,Moderate,0.3537,1.4368,1.4368,0.2573,1,1,1,solo,solo,group-3,696,696,3887
MAGBENCH_Text-1041,MedAgentsBench,Complex,0.3697,0.0,0.0,0.0,0,0,0,solo,solo,group-3,685,685,4230
MAGBENCH_Text-1042,MedAgentsBench,Complex,0.419,0.4327,0.0,0.238,1,0,1,group-2,solo,group-3,2311,834,4201
MAGBENCH_Text-1045,MedAgentsBench,Moderate,0.2337,2.1505,2.1505,0.318,1,1,1,solo,solo,group-3,465,465,3145
MAGBENCH_Text-1046,MedAgentsBench,Complex,0.4457,0.0,0.0,0.0,0,0,0,group-2,solo,group-3,2705,1039,4826
MAGBENCH_Text-1047,MedAgentsBench,Moderate,0.1557,1.8975,1.8975,0.3176,1,1,1,solo,solo,group-3,527,527,3149
MAGBENCH_Text-1059,MedAgentsBench,Moderate,0.1517,2.2573,2.2573,0.3454,1,1,1,solo,solo,group-3,443,443,2895
MAGBENCH_Text-1068,MedAgentsBench,Moderate,0.295,0.0,0.0,0.0,0,0,0,solo,solo,group-3,689,689,3938
MAGBENCH_Text-107,MedAgentsBench,Complex,0.3617,1.182,1.182,0.2378,1,1,1,solo,solo,group-3,846,846,4206
MAGBENCH_Text-1072,MedAgentsBench,Complex,0.459,0.0,0.0,0.0,0,0,0,group-2,solo,group-3,2663,1009,4764
MAGBENCH_Text-1073,MedAgentsBench,Moderate,0.2177,1.8315,1.8315,0.265,1,1,1,solo,solo,group-3,546,546,3774
MAGBENCH_Text-1078,MedAgentsBench,Moderate,0.2497,1.5625,1.5625,0.2674,1,1,1,solo,solo,group-3,640,640,3740
MAGBENCH_Text-1079,MedAgentsBench,Complex,0.3917,0.0,0.0,0.0,0,0,0,solo,solo,group-3,758,758,4140
MAGBENCH_Text-1086,MedAgentsBench,Moderate,0.2637,0.0,0.0,0.0,0,0,0,solo,solo,group-3,718,718,4008
MAGBENCH_Text-1088,MedAgentsBench,Moderate,0.169,2.0964,2.0964,0.0,1,1,0,solo,solo,group-3,477,477,3457
MAGBENCH_Text-109,MedAgentsBench,Moderate,0.301,1.3928,1.3928,0.2433,1,1,1,solo,solo,group-3,718,718,4110
MAGBENCH_Text-1090,MedAgentsBench,Moderate,0.2517,0.0,0.0,0.0,0,0,0,solo,solo,group-3,758,758,3861
MAGBENCH_Text-1092,MedAgentsBench,Moderate,0.1317,0.0,0.0,0.3093,0,0,1,solo,solo,group-3,447,447,3233
MAGBENCH_Text-110,MedAgentsBench,Moderate,0.3497,1.1641,1.1641,0.2301,1,1,1,solo,solo,group-3,859,859,4346
MAGBENCH_Text-1100,MedAgentsBench,Complex,0.3637,0.0,0.0,0.0,0,0,0,solo,solo,group-3,778,778,3970
MAGBENCH_Text-1101,MedAgentsBench,Moderate,0.2677,0.0,0.0,0.0,0,0,0,solo,solo,group-3,529,529,3810
MAGBENCH_Text-1106,MedAgentsBench,Moderate,0.2037,1.6694,1.6694,0.2886,1,1,1,solo,solo,group-3,599,599,3465
MAGBENCH_Text-1109,MedAgentsBench,Complex,0.4184,0.0,0.0,0.0,0,0,0,group-2,solo,group-3,2298,834,4215
MAGBENCH_Text-1114,MedAgentsBench,Moderate,0.1904,0.0,0.0,0.0,0,0,0,solo,solo,group-3,425,425,3074
MAGBENCH_Text-1115,MedAgentsBench,Moderate,0.3037,0.0,0.0,0.0,0,0,0,solo,solo,group-3,651,651,3891
MAGBENCH_Text-1116,MedAgentsBench,Complex,0.385,1.5361,1.5361,0.2753,1,1,1,solo,solo,group-3,651,651,3632
MAGBENCH_Text-112,MedAgentsBench,Complex,0.4457,0.3973,1.0917,0.22,1,1,1,group-2,solo,group-3,2517,916,4545
MAGBENCH_Text-1124,MedAgentsBench,Complex,0.3964,0.0,0.0,0.0,0,0,0,solo,solo,group-3,865,865,4287
MAGBENCH_Text-1127,MedAgentsBench,Moderate,0.335,0.0,0.0,0.0,0,0,0,solo,solo,group-3,634,634,3965
MAGBENCH_Text-113,MedAgentsBench,Moderate,0.2057,2.0243,2.0243,0.0,1,1,0,solo,solo,group-3,494,494,3592
MAGBENCH_Text-1133,MedAgentsBench,Moderate,0.271,0.0,0.0,0.0,0,0,0,solo,solo,group-3,679,679,3738
MAGBENCH_Text-1134,MedAgentsBench,Moderate,0.2337,1.7986,1.7986,0.2866,1,1,1,solo,solo,group-3,556,556,3489
MAGBENCH_Text-1139,MedAgentsBench,Complex,0.3717,1.2706,1.2706,0.0,1,1,0,solo,solo,group-3,787,787,4105
MAGBENCH_Text-1140,MedAgentsBench,Moderate,0.3204,0.0,0.0,0.2537,0,0,1,solo,solo,group-3,709,709,3941
MAGBENCH_Text-1145,MedAgentsBench,Moderate,0.331,0.0,0.0,0.0,0,0,0,solo,solo,group-3,751,751,4226
MAGBENCH_Text-1148,MedAgentsBench,Moderate,0.3497,1.2674,1.2674,0.2421,1,1,1,solo,solo,group-3,789,789,4131
MAGBENCH_Text-1149,MedAgentsBench,Moderate,0.3484,1.5175,1.5175,0.252,1,1,1,solo,solo,group-3,659,659,3969
MAGBENCH_Text-1159,MedAgentsBench,Moderate,0.3404,1.5699,1.5699,0.0,1,1,0,solo,solo,group-3,637,637,3434
MAGBENCH_Text-116,MedAgentsBench,Moderate,0.2877,0.0,0.0,0.0,0,0,0,solo,solo,group-3,687,687,3834
MAGBENCH_Text-1163,MedAgentsBench,Moderate,0.1877,1.5504,1.5504,0.0,1,1,0,solo,solo,group-3,645,645,3710
MAGBENCH_Text-117,MedAgentsBench,Complex,0.3624,0.0,0.0,0.0,0,0,0,solo,solo,group-3,804,804,4128
MAGBENCH_Text-1171,MedAgentsBench,Moderate,0.2457,1.2739,1.2739,0.2599,1,1,1,solo,solo,group-3,785,785,3848
MAGBENCH_Text-1175,MedAgentsBench,Moderate,0.1817,0.0,0.0,0.0,0,0,0,solo,solo,group-3,627,627,3104
MAGBENCH_Text-1185,MedAgentsBench,Complex,0.3777,1.4706,1.4706,0.2453,1,1,1,solo,solo,group-3,680,680,4077
MAGBENCH_Text-119,MedAgentsBench,Moderate,0.2817,1.4451,1.4451,0.0,1,1,0,solo,solo,group-3,692,692,3790
MAGBENCH_Text-1192,MedAgentsBench,Complex,0.3597,0.0,0.0,0.0,0,0,0,solo,solo,group-3,609,609,4033
MAGBENCH_Text-1194,MedAgentsBench,Moderate,0.2404,1.3089,1.3089,0.2761,1,1,1,solo,solo,group-3,764,764,3622
MAGBENCH_Text-1196,MedAgentsBench,Complex,0.401,0.3973,1.1723,0.2209,1,1,1,group-2,solo,group-3,2517,853,4526
MAGBENCH_Text-120,MedAgentsBench,Moderate,0.2297,1.4815,1.4815,0.2614,1,1,1,solo,solo,group-3,675,675,3826
MAGBENCH_Text-1204,MedAgentsBench,Moderate,0.263,0.0,0.0,0.0,0,0,0,solo,solo,group-3,675,675,3982
MAGBENCH_Text-1206,MedAgentsBench,Complex,0.4057,0.3833,1.0215,0.2135,1,1,1,group-2,solo,group-3,2609,979,4683
MAGBENCH_Text-1209,MedAgentsBench,Moderate,0.303,0.0,0.0,0.2481,0,0,1,solo,solo,group-3,730,730,4030
MAGBENCH_Text-1210,MedAgentsBench,Moderate,0.3357,0.0,0.0,0.2612,0,0,1,solo,solo,group-3,605,605,3829
MAGBENCH_Text-1211,MedAgentsBench,Moderate,0.1937,0.0,0.0,0.0,0,0,0,solo,solo,group-3,504,504,3475
MAGBENCH_Text-1213,MedAgentsBench,Moderate,0.317,1.368,1.368,0.0,1,1,0,solo,solo,group-3,731,731,4092
MAGBENCH_Text-1215,MedAgentsBench,Complex,0.375,0.0,0.0,0.0,0,0,0,solo,solo,group-3,771,771,3910
MAGBENCH_Text-1220,MedAgentsBench,Complex,0.4057,0.0,1.0989,0.2174,0,1,1,group-2,solo,group-3,2553,910,4599
MAGBENCH_Text-1223,MedAgentsBench,Moderate,0.3364,1.1455,1.1455,0.0,1,1,0,solo,solo,group-3,873,873,4164
MAGBENCH_Text-1224,MedAgentsBench,Moderate,0.1017,2.457,2.457,0.3831,1,1,1,solo,solo,group-3,407,407,2610
MAGBENCH_Text-1226,MedAgentsBench,Complex,0.3964,1.2887,1.2887,0.2364,1,1,1,solo,solo,group-3,776,776,4230
MAGBENCH_Text-1230,MedAgentsBench,Complex,0.419,0.0,0.0,0.0,0,0,0,group-2,solo,group-3,2066,736,3850
MAGBENCH_Text-1232,MedAgentsBench,Complex,0.377,0.0,0.0,0.2415,0,0,1,solo,solo,group-3,829,829,4140
MAGBENCH_Text-1237,MedAgentsBench,Complex,0.419,0.0,0.0,0.2328,0,0,1,group-2,solo,group-3,2351,859,4296
MAGBENCH_Text-1238,MedAgentsBench,Complex,0.4057,0.4386,1.2407,0.2388,1,1,1,group-2,solo,group-3,2280,806,4188
MAGBENCH_Text-1239,MedAgentsBench,Moderate,0.2244,1.5038,1.5038,0.0,1,1,0,solo,solo,group-3,665,665,3478
MAGBENCH_Text-124,MedAgentsBench,Moderate,0.281,1.2626,1.2626,0.0,1,1,0,solo,solo,group-3,792,792,3927
MAGBENCH_Text-1243,MedAgentsBench,Moderate,0.289,1.3532,1.3532,0.2473,1,1,1,solo,solo,group-3,739,739,4044
MAGBENCH_Text-1246,MedAgentsBench,Complex,0.4644,0.423,0.0,0.0,1,0,0,group-2,solo,group-3,2364,856,4265
MAGBENCH_Text-1247,MedAgentsBench,Moderate,0.3177,1.3333,1.3333,0.2465,1,1,1,solo,solo,group-3,750,750,4056
MAGBENCH_Text-1248,MedAgentsBench,Complex,0.385,0.0,0.0,0.0,0,0,0,solo,solo,group-3,969,969,4458
MAGBENCH_Text-1250,MedAgentsBench,Complex,0.3617,1.634,1.634,0.2765,1,1,1,solo,solo,group-3,612,612,3617
MAGBENCH_Text-1255,MedAgentsBench,Moderate,0.3444,0.0,0.0,0.0,0,0,0,solo,solo,group-3,705,705,4096
MAGBENCH_Text-1258,MedAgentsBench,Moderate,0.1817,2.3981,2.3981,0.0,1,1,0,solo,solo,group-3,417,417,2831
MAGBENCH_Text-1259,MedAgentsBench,Complex,0.387,0.0,0.0,0.0,0,0,0,solo,solo,group-3,672,672,4143
MAGBENCH_Text-1260,MedAgentsBench,Complex,0.4324,0.0,0.0,0.0,0,0,0,group-2,solo,group-3,2467,858,4470
MAGBENCH_Text-1261,MedAgentsBench,Moderate,0.347,1.1848,1.1848,0.0,1,1,0,solo,solo,group-3,844,844,4187
MAGBENCH_Text-1268,MedAgentsBench,Complex,0.3797,1.5129,1.5129,0.2584,1,1,1,solo,solo,group-3,661,661,3870
MAGBENCH_Text-1274,MedAgentsBench,Moderate,0.2477,0.0,0.0,0.0,0,0,0,solo,solo,group-3,620,620,3819
MAGBENCH_Text-1279,MedAgentsBench,Moderate,0.3537,0.0,0.0,0.2501,0,0,1,solo,solo,group-3,753,753,3998
MAGBENCH_Text-1281,MedAgentsBench,Moderate,0.3297,1.6393,1.6393,0.2874,1,1,1,solo,solo,group-3,610,610,3480
MAGBENCH_Text-1283,MedAgentsBench,Moderate,0.107,0.0,0.0,0.0,0,0,0,solo,solo,group-3,461,461,2892
MAGBENCH_Text-1286,MedAgentsBench,Complex,0.4457,0.0,0.0,0.201,0,0,1,group-2,solo,group-3,2803,1090,4974
MAGBENCH_Text-1291,MedAgentsBench,Moderate,0.3137,0.0,0.0,0.0,0,0,0,solo,solo,group-3,659,659,3999
MAGBENCH_Text-1293,MedAgentsBench,Complex,0.4324,0.0,1.3106,0.2391,0,1,1,group-2,solo,group-3,2276,763,4182
MAGBENCH_Text-1296,MedAgentsBench,Moderate,0.301,1.2285,1.2285,0.2415,1,1,1,solo,solo,group-3,814,814,4140
MAGBENCH_Text-1298,MedAgentsBench,Complex,0.399,0.0,0.0,0.2797,0,0,1,solo,solo,group-3,614,614,3575
MAGBENCH_Text-1300,MedAgentsBench,Complex,0.4324,0.0,0.0,0.0,0,0,0,group-2,solo,group-3,2130,713,3963
MAGBENCH_Text-1302,MedAgentsBench,Complex,0.419,0.0,0.0,0.0,0,0,0,group-2,solo,group-3,2361,779,4311
MAGBENCH_Text-1307,MedAgentsBench,Complex,0.359,0.0,0.0,0.0,0,0,0,solo,solo,group-3,798,798,2144
MAGBENCH_Text-1308,MedAgentsBench,Complex,0.4324,0.0,0.0,0.0,0,0,0,group-2,solo,group-3,2745,983,4780
MAGBENCH_Text-1309,MedAgentsBench,Complex,0.3737,1.5601,1.5601,0.2578,1,1,1,solo,solo,group-3,641,641,3879
MAGBENCH_Text-1310,MedAgentsBench,Complex,0.393,1.221,1.221,0.2362,1,1,1,solo,solo,group-3,819,819,4233
MAGBENCH_Text-1319,MedAgentsBench,Moderate,0.3477,0.0,0.0,0.0,0,0,0,solo,solo,group-3,733,733,4146
MAGBENCH_Text-132,MedAgentsBench,Complex,0.3637,1.3812,1.3812,0.2488,1,1,1,solo,solo,group-3,724,724,4020
MAGBENCH_Text-1322,MedAgentsBench,Complex,0.4457,0.0,0.0,0.0,0,0,0,group-2,solo,group-3,2336,832,4155
MAGBENCH_Text-1325,MedAgentsBench,Moderate,0.2797,1.4993,1.4993,0.2643,1,1,1,solo,solo,group-3,667,667,3783
MAGBENCH_Text-1331,MedAgentsBench,Complex,0.419,0.0,0.0,0.0,0,0,0,group-2,solo,group-3,2462,872,4461
MAGBENCH_Text-1333,MedAgentsBench,Moderate,0.1257,0.0,0.0,0.0,0,0,0,solo,solo,group-3,447,447,2924
MAGBENCH_Text-134,MedAgentsBench,Moderate,0.2097,0.0,0.0,0.2957,0,0,1,solo,solo,group-3,529,529,3382
MAGBENCH_Text-1346,MedAgentsBench,Simple,0.0857,0.0,0.0,0.0,0,0,0,solo,solo,group-3,343,343,2543
MAGBENCH_Text-1348,MedAgentsBench,Moderate,0.351,1.5748,1.5748,0.2693,1,1,1,solo,solo,group-3,635,635,3713
MAGBENCH_Text-1351,MedAgentsBench,Complex,0.4457,0.0,0.0,0.0,0,0,0,group-2,solo,group-3,2455,858,4359
MAGBENCH_Text-1352,MedAgentsBench,Moderate,0.3204,0.0,0.0,0.0,0,0,0,solo,solo,group-3,693,693,4029
MAGBENCH_Text-1359,MedAgentsBench,Complex,0.4457,0.0,0.0,0.2164,0,0,1,group-2,solo,group-3,2569,977,4622
MAGBENCH_Text-1363,MedAgentsBench,Moderate,0.339,0.0,0.0,0.0,0,0,0,solo,solo,group-3,784,784,4158
MAGBENCH_Text-1365,MedAgentsBench,Moderate,0.3217,0.0,0.0,0.2477,0,0,1,solo,solo,group-3,664,664,4037
MAGBENCH_Text-1366,MedAgentsBench,Complex,0.4457,0.0,1.1136,0.2187,0,1,1,group-2,solo,group-3,2538,898,4573
MAGBENCH_Text-1368,MedAgentsBench,Moderate,0.2317,0.0,0.0,0.0,0,0,0,solo,solo,group-3,585,585,3775
MAGBENCH_Text-1381,MedAgentsBench,Moderate,0.3197,0.0,0.0,0.0,0,0,0,solo,solo,group-3,618,618,3729
MAGBENCH_Text-1383,MedAgentsBench,Complex,0.4324,0.0,0.0,0.0,0,0,0,group-2,solo,group-3,2274,689,4177
MAGBENCH_Text-1384,MedAgentsBench,Complex,0.419,0.0,0.0,0.0,0,0,0,group-2,solo,group-3,2517,904,4544
MAGBENCH_Text-1385,MedAgentsBench,Complex,0.3997,1.2853,1.2853,0.2339,1,1,1,solo,solo,group-3,778,778,4275
MAGBENCH_Text-1389,MedAgentsBench,Complex,0.4324,0.0,0.0,0.0,0,0,0,group-2,solo,group-3,2133,731,3937
MAGBENCH_Text-139,MedAgentsBench,Moderate,0.3304,0.0,0.0,0.2575,0,0,1,solo,solo,group-3,691,691,3884
MAGBENCH_Text-1391,MedAgentsBench,Moderate,0.3124,1.4104,1.4104,0.2501,1,1,1,solo,solo,group-3,709,709,3999
MAGBENCH_Text-1408,MedAgentsBench,Moderate,0.351,1.3228,1.3228,0.2455,1,1,1,solo,solo,group-3,756,756,4074
MAGBENCH_Text-1410,MedAgentsBench,Moderate,0.1157,2.6525,2.6525,0.365,1,1,1,solo,solo,group-3,377,377,2740
MAGBENCH_Text-1416,MedAgentsBench,Moderate,0.1117,1.992,1.992,0.2952,1,1,1,solo,solo,group-3,502,502,3387
MAGBENCH_Text-142,MedAgentsBench,Complex,0.393,0.0,0.0,0.0,0,0,0,solo,solo,group-3,825,825,4266
MAGBENCH_Text-1424,MedAgentsBench,Moderate,0.3557,1.1038,1.1038,0.0,1,1,0,solo,solo,group-3,906,906,4358
MAGBENCH_Text-1425,MedAgentsBench,Moderate,0.211,1.6779,1.6779,0.2641,1,1,1,solo,solo,group-3,596,596,3786
MAGBENCH_Text-1431,MedAgentsBench,Complex,0.4244,0.0,0.0,0.0,0,0,0,group-2,solo,group-3,2311,781,4236
MAGBENCH_Text-1432,MedAgentsBench,Moderate,0.2417,1.5601,1.5601,0.0,1,1,0,solo,solo,group-3,641,641,3860
MAGBENCH_Text-1437,MedAgentsBench,Complex,0.379,1.5798,1.5798,0.2641,1,1,1,solo,solo,group-3,633,633,3787
MAGBENCH_Text-1438,MedAgentsBench,Moderate,0.2317,1.5528,1.5528,0.2831,1,1,1,solo,solo,group-3,644,644,3532
MAGBENCH_Text-144,MedAgentsBench,Moderate,0.239,1.548,1.548,0.2631,1,1,1,solo,solo,group-3,646,646,3801
MAGBENCH_Text-1442,MedAgentsBench,Moderate,0.2837,1.642,1.642,0.2721,1,1,1,solo,solo,group-3,609,609,3675
MAGBENCH_Text-1444,MedAgentsBench,Moderate,0.1497,1.692,1.692,0.2987,1,1,1,solo,solo,group-3,591,591,3348
MAGBENCH_Text-1446,MedAgentsBench,Moderate,0.3064,0.0,0.0,0.0,0,0,0,solo,solo,group-3,741,741,3858
MAGBENCH_Text-1449,MedAgentsBench,Complex,0.3624,1.3441,1.3441,0.0,1,1,0,solo,solo,group-3,744,744,4299
MAGBENCH_Text-1451,MedAgentsBench,Moderate,0.3237,0.0,0.0,0.0,0,0,0,solo,solo,group-3,642,642,3714
MAGBENCH_Text-1452,MedAgentsBench,Moderate,0.3537,0.0,0.0,0.0,0,0,0,solo,solo,group-3,783,783,4123
MAGBENCH_Text-1456,MedAgentsBench,Moderate,0.1817,2.008,2.008,0.3376,1,1,1,solo,solo,group-3,498,498,2962
MAGBENCH_Text-1458,MedAgentsBench,Complex,0.4457,0.4148,0.0,0.228,1,0,1,group-2,solo,group-3,2411,791,4386
MAGBENCH_Text-146,MedAgentsBench,Complex,0.419,0.0,1.2438,0.226,0,1,1,group-2,solo,group-3,2438,804,4425
MAGBENCH_Text-1460,MedAgentsBench,Complex,0.459,0.0,1.0929,0.0,0,1,0,group-2,solo,group-3,2535,915,4572
MAGBENCH_Text-1466,MedAgentsBench,Moderate,0.3077,1.2225,1.2225,0.2464,1,1,1,solo,solo,group-3,818,818,4059
MAGBENCH_Text-147,MedAgentsBench,Moderate,0.3237,0.0,0.0,0.0,0,0,0,solo,solo,group-3,839,839,4110
MAGBENCH_Text-1471,MedAgentsBench,Moderate,0.3517,1.2315,1.2315,0.0,1,1,0,solo,solo,group-3,812,812,4173
MAGBENCH_Text-1472,MedAgentsBench,Complex,0.3584,0.0,0.0,0.2653,0,0,1,solo,solo,group-3,710,710,3769
MAGBENCH_Text-1475,MedAgentsBench,Moderate,0.3497,0.0,0.0,0.0,0,0,0,solo,solo,group-3,751,751,4074
MAGBENCH_Text-1479,MedAgentsBench,Moderate,0.3197,1.3495,1.3495,0.2681,1,1,1,solo,solo,group-3,741,741,3730
MAGBENCH_Text-1482,MedAgentsBench,Complex,0.3964,0.0,0.0,0.0,0,0,0,solo,solo,group-3,894,894,4293
MAGBENCH_Text-1495,MedAgentsBench,Moderate,0.2097,1.5898,1.5898,0.0,1,1,0,solo,solo,group-3,629,629,3762
MAGBENCH_Text-1496,MedAgentsBench,Moderate,0.1877,1.6835,1.6835,0.2693,1,1,1,solo,solo,group-3,594,594,3714
MAGBENCH_Text-1500,MedAgentsBench,Complex,0.383,0.0,0.0,0.2447,0,0,1,solo,solo,group-3,754,754,4086
MAGBENCH_Text-1501,MedAgentsBench,Complex,0.367,1.2361,1.2361,0.2362,1,1,1,solo,solo,group-3,809,809,4233
MAGBENCH_Text-1503,MedAgentsBench,Complex,0.4057,0.4361,1.2484,0.2376,1,1,1,group-2,solo,group-3,2293,801,4208
MAGBENCH_Text-1505,MedAgentsBench,Complex,0.419,0.3836,0.997,0.2137,1,1,1,group-2,solo,group-3,2607,1003,4680
MAGBENCH_Text-1508,MedAgentsBench,Complex,0.419,0.0,0.0,0.0,0,0,0,group-2,solo,group-3,2753,998,4899
MAGBENCH_Text-1510,MedAgentsBench,Moderate,0.219,1.4514,1.4514,0.2619,1,1,1,solo,solo,group-3,689,689,3818
MAGBENCH_Text-1516,MedAgentsBench,Complex,0.4857,0.0,0.0,0.0,0,0,0,group-2,solo,group-3,2623,930,4704
MAGBENCH_Text-1523,MedAgentsBench,Complex,0.3837,1.4535,1.4535,0.0,1,1,0,solo,solo,group-3,688,688,3995
MAGBENCH_Text-1525,MedAgentsBench,Moderate,0.3197,1.2658,1.2658,0.2414,1,1,1,solo,solo,group-3,790,790,4142
MAGBENCH_Text-1530,MedAgentsBench,Moderate,0.3457,1.3514,1.3514,0.266,1,1,1,solo,solo,group-3,740,740,3759
MAGBENCH_Text-1532,MedAgentsBench,Complex,0.4457,0.0,0.0,0.0,0,0,0,group-2,solo,group-3,2587,917,4650
MAGBENCH_Text-1533,MedAgentsBench,Moderate,0.1757,2.1692,2.1692,0.2991,1,1,1,solo,solo,group-3,461,461,3343
MAGBENCH_Text-1540,MedAgentsBench,Moderate,0.2097,0.0,0.0,0.2745,0,0,1,solo,solo,group-3,522,522,3643
MAGBENCH_Text-1544,MedAgentsBench,Complex,0.419,0.4179,0.0,0.0,1,0,0,group-2,solo,group-3,2393,787,4329
MAGBENCH_Text-1547,MedAgentsBench,Complex,0.3804,0.0,0.0,0.2465,0,0,1,solo,solo,group-3,727,727,4057
MAGBENCH_Text-1548,MedAgentsBench,Moderate,0.2724,1.4815,1.4815,0.0,1,1,0,solo,solo,group-3,675,675,3578
MAGBENCH_Text-1549,MedAgentsBench,Moderate,0.3244,1.1779,1.1779,0.0,1,1,0,solo,solo,group-3,849,849,4098
MAGBENCH_Text-1553,MedAgentsBench,Complex,0.397,1.4409,1.4409,0.2807,1,1,1,solo,solo,group-3,694,694,3563
MAGBENCH_Text-1556,MedAgentsBench,Complex,0.4297,0.3951,1.0132,0.219,1,1,1,group-2,solo,group-3,2531,987,4566
MAGBENCH_Text-1557,MedAgentsBench,Complex,0.4324,0.0,0.0,0.0,0,0,0,group-2,solo,group-3,2263,809,4163
MAGBENCH_Text-1558,MedAgentsBench,Moderate,0.351,0.0,0.0,0.0,0,0,0,solo,solo,group-3,757,757,4075
MAGBENCH_Text-1568,MedAgentsBench,Complex,0.4144,0.0,1.3774,0.24,0,1,1,group-2,solo,group-3,2270,726,4167
MAGBENCH_Text-1569,MedAgentsBench,Moderate,0.3397,1.692,1.692,0.3027,1,1,1,solo,solo,group-3,591,591,3304
MAGBENCH_Text-1576,MedAgentsBench,Moderate,0.1237,0.0,0.0,0.0,0,0,0,solo,solo,group-3,475,475,2981
MAGBENCH_Text-1580,MedAgentsBench,Complex,0.4057,0.0,0.0,0.0,0,0,0,group-2,solo,group-3,2322,774,4253
MAGBENCH_Text-1585,MedAgentsBench,Moderate,0.2944,0.0,0.0,0.0,0,0,0,solo,solo,group-3,705,705,3907
MAGBENCH_Text-1590,MedAgentsBench,Complex,0.385,0.0,0.0,0.0,0,0,0,solo,solo,group-3,671,671,3950
MAGBENCH_Text-1593,MedAgentsBench,Complex,0.381,1.675,1.675,0.2801,1,1,1,solo,solo,group-3,597,597,3570
MAGBENCH_Text-160,MedAgentsBench,Moderate,0.205,1.5601,1.5601,0.2786,1,1,1,solo,solo,group-3,641,641,3590
MAGBENCH_Text-1604,MedAgentsBench,Moderate,0.231,0.0,0.0,0.0,0,0,0,solo,solo,group-3,613,613,3299
MAGBENCH_Text-1610,MedAgentsBench,Moderate,0.269,0.0,0.0,0.2514,0,0,1,solo,solo,group-3,770,770,3978
MAGBENCH_Text-1612,MedAgentsBench,Moderate,0.165,1.5432,1.5432,0.0,1,1,0,solo,solo,group-3,648,648,3616
MAGBENCH_Text-1614,MedAgentsBench,Moderate,0.2177,0.0,0.0,0.0,0,0,0,solo,solo,group-3,683,683,3682
MAGBENCH_Text-1616,MedAgentsBench,Moderate,0.3364,0.0,0.0,0.0,0,0,0,solo,solo,group-3,720,720,4032
MAGBENCH_Text-1619,MedAgentsBench,Complex,0.3997,1.2005,1.2005,0.2292,1,1,1,solo,solo,group-3,833,833,4363
MAGBENCH_Text-162,MedAgentsBench,Moderate,0.2844,1.5152,1.5152,0.2532,1,1,1,solo,solo,group-3,660,660,3950
MAGBENCH_Text-1624,MedAgentsBench,Moderate,0.1917,0.0,0.0,0.0,0,0,0,solo,solo,group-3,469,469,2964
MAGBENCH_Text-1625,MedAgentsBench,Moderate,0.305,0.0,0.0,0.0,0,0,0,solo,solo,group-3,569,569,3826
MAGBENCH_Text-1627,MedAgentsBench,Moderate,0.2257,0.0,0.0,0.2916,0,0,1,solo,solo,group-3,437,437,3429
MAGBENCH_Text-1629,MedAgentsBench,Moderate,0.325,0.0,0.0,0.0,0,0,0,solo,solo,group-3,541,541,3420
MAGBENCH_Text-163,MedAgentsBench,Moderate,0.2537,0.0,0.0,0.0,0,0,0,solo,solo,group-3,602,602,3581
MAGBENCH_Text-1632,MedAgentsBench,Complex,0.3624,0.0,0.0,0.2486,0,0,1,solo,solo,group-3,708,708,4022
MAGBENCH_Text-1633,MedAgentsBench,Moderate,0.3284,1.3605,1.3605,0.2435,1,1,1,solo,solo,group-3,735,735,4107
MAGBENCH_Text-1634,MedAgentsBench,Moderate,0.261,0.0,0.0,0.0,0,0,0,solo,solo,group-3,576,576,3698
MAGBENCH_Text-1635,MedAgentsBench,Moderate,0.2884,1.6474,1.6474,0.2676,1,1,1,solo,solo,group-3,607,607,3737
MAGBENCH_Text-1643,MedAgentsBench,Complex,0.387,1.4347,1.4347,0.2465,1,1,1,solo,solo,group-3,697,697,4056
MAGBENCH_Text-1646,MedAgentsBench,Complex,0.4724,0.3678,0.9588,0.2063,1,1,1,group-2,solo,group-3,2719,1043,4848
MAGBENCH_Text-1649,MedAgentsBench,Complex,0.4324,0.0,1.0504,0.0,0,1,0,group-2,solo,group-3,2425,952,4407
MAGBENCH_Text-1651,MedAgentsBench,Complex,0.459,0.0,0.9747,0.0,0,1,0,group-2,solo,group-3,2681,1026,4791
MAGBENCH_Text-1654,MedAgentsBench,Complex,0.3844,1.2121,1.2121,0.0,1,1,0,solo,solo,group-3,825,825,4001
MAGBENCH_Text-1655,MedAgentsBench,Complex,0.4324,0.0,1.2346,0.2213,0,1,1,group-2,solo,group-3,2499,810,4518
MAGBENCH_Text-1656,MedAgentsBench,Moderate,0.1417,0.0,0.0,0.2851,0,0,1,solo,solo,group-3,641,641,3508
MAGBENCH_Text-1658,MedAgentsBench,Complex,0.419,0.0,0.0,0.1919,0,0,1,group-2,solo,group-3,2961,1082,5211
MAGBENCH_Text-1659,MedAgentsBench,Moderate,0.219,0.0,0.0,0.0,0,0,0,solo,solo,group-3,577,577,3383
MAGBENCH_Text-1663,MedAgentsBench,Moderate,0.2537,0.0,0.0,0.0,0,0,0,solo,solo,group-3,655,655,3713
MAGBENCH_Text-1664,MedAgentsBench,Complex,0.369,0.0,0.0,0.0,0,0,0,solo,solo,group-3,801,801,4115
MAGBENCH_Text-1673,MedAgentsBench,Complex,0.4064,0.4399,1.297,0.2456,1,1,1,group-2,solo,group-3,2273,771,4071
MAGBENCH_Text-1674,MedAgentsBench,Moderate,0.3317,1.4327,1.4327,0.261,1,1,1,solo,solo,group-3,698,698,3832
MAGBENCH_Text-1683,MedAgentsBench,Moderate,0.2177,1.4225,1.4225,0.259,1,1,1,solo,solo,group-3,703,703,3861
MAGBENCH_Text-1684,MedAgentsBench,Complex,0.4277,0.0,0.0,0.0,0,0,0,group-2,solo,group-3,2331,878,4266
MAGBENCH_Text-1689,MedAgentsBench,Complex,0.391,1.1862,1.1862,0.0,1,1,0,solo,solo,group-3,843,843,4152
MAGBENCH_Text-1694,MedAgentsBench,Moderate,0.3344,0.0,0.0,0.0,0,0,0,solo,solo,group-3,703,703,3728
MAGBENCH_Text-1698,MedAgentsBench,Complex,0.419,0.0,0.0,0.2179,0,0,1,group-2,solo,group-3,2547,955,4590
MAGBENCH_Text-170,MedAgentsBench,Complex,0.419,0.478,1.5723,0.2606,1,1,1,group-2,solo,group-3,2092,636,3838
MAGBENCH_Text-1701,MedAgentsBench,Complex,0.4324,0.3761,1.0256,0.2102,1,1,1,group-2,solo,group-3,2659,975,4758
MAGBENCH_Text-1702,MedAgentsBench,Complex,0.385,0.0,0.0,0.2405,0,0,1,solo,solo,group-3,723,723,4158
MAGBENCH_Text-1703,MedAgentsBench,Complex,0.3857,1.2755,1.2755,0.2418,1,1,1,solo,solo,group-3,784,784,4136
MAGBENCH_Text-1706,MedAgentsBench,Complex,0.371,1.3004,1.3004,0.0,1,1,0,solo,solo,group-3,769,769,3955
MAGBENCH_Text-1712,MedAgentsBench,Complex,0.3764,1.2121,1.2121,0.2356,1,1,1,solo,solo,group-3,825,825,4245
MAGBENCH_Text-1713,MedAgentsBench,Moderate,0.355,0.0,0.0,0.0,0,0,0,solo,solo,group-3,732,732,4182
MAGBENCH_Text-1720,MedAgentsBench,Simple,0.0857,0.0,0.0,0.3885,0,0,1,solo,solo,group-3,298,298,2574
MAGBENCH_Text-1726,MedAgentsBench,Moderate,0.315,0.0,0.0,0.0,0,0,0,solo,solo,group-3,631,631,3960
MAGBENCH_Text-1727,MedAgentsBench,Moderate,0.2917,1.2392,1.2392,0.2377,1,1,1,solo,solo,group-3,807,807,4207
MAGBENCH_Text-1728,MedAgentsBench,Moderate,0.261,1.7241,1.7241,0.0,1,1,0,solo,solo,group-3,580,580,3523
MAGBENCH_Text-1729,MedAgentsBench,Moderate,0.2537,1.5949,1.5949,0.2758,1,1,1,solo,solo,group-3,627,627,3626
MAGBENCH_Text-173,MedAgentsBench,Moderate,0.2724,1.3928,1.3928,0.2592,1,1,1,solo,solo,group-3,718,718,3858
MAGBENCH_Text-1735,MedAgentsBench,Complex,0.4324,0.4367,1.1876,0.2379,1,1,1,group-2,solo,group-3,2290,842,4203
MAGBENCH_Text-1736,MedAgentsBench,Complex,0.4324,0.4423,1.4793,0.248,1,1,1,group-2,solo,group-3,2261,676,4032
MAGBENCH_Text-1740,MedAgentsBench,Complex,0.4057,0.0,0.0,0.0,0,0,0,group-2,solo,group-3,2523,1001,4553
MAGBENCH_Text-1748,MedAgentsBench,Moderate,0.3077,0.0,0.0,0.0,0,0,0,solo,solo,group-3,691,691,3919
MAGBENCH_Text-175,MedAgentsBench,Moderate,0.1537,1.7921,1.7921,0.0,1,1,0,solo,solo,group-3,558,558,3542
MAGBENCH_Text-1750,MedAgentsBench,Complex,0.419,0.0,0.994,0.2028,0,1,1,group-2,solo,group-3,2775,1006,4932
MAGBENCH_Text-1753,MedAgentsBench,Moderate,0.3317,0.0,0.0,0.2241,0,0,1,solo,solo,group-3,889,889,4463
MAGBENCH_Text-1759,MedAgentsBench,Moderate,0.201,1.7301,1.7301,0.2704,1,1,1,solo,solo,group-3,578,578,3698
MAGBENCH_Text-1768,MedAgentsBench,Moderate,0.1037,0.0,0.0,0.0,0,0,0,solo,solo,group-3,426,426,2941
MAGBENCH_Text-177,MedAgentsBench,Complex,0.369,0.0,0.0,0.0,0,0,0,solo,solo,group-3,794,794,4195
MAGBENCH_Text-1770,MedAgentsBench,Complex,0.399,1.0965,1.0965,0.0,1,1,0,solo,solo,group-3,912,912,4287
MAGBENCH_Text-1773,MedAgentsBench,Complex,0.4724,0.0,0.0,0.2492,0,0,1,group-2,solo,group-3,2236,800,4013
MAGBENCH_Text-1781,MedAgentsBench,Moderate,0.1517,0.0,0.0,0.0,0,0,0,solo,solo,group-3,440,440,3158
MAGBENCH_Text-1784,MedAgentsBench,Complex,0.3597,0.0,0.0,0.0,0,0,0,solo,solo,group-3,662,662,3926
MAGBENCH_Text-1786,MedAgentsBench,Complex,0.4457,0.3902,1.1001,0.2167,1,1,1,group-2,solo,group-3,2563,909,4614
MAGBENCH_Text-179,MedAgentsBench,Moderate,0.353,0.0,0.0,0.0,0,0,0,solo,solo,group-3,914,914,4323
MAGBENCH_Text-1792,MedAgentsBench,Complex,0.4197,0.0,1.261,0.0,0,1,0,group-2,solo,group-3,2395,793,4293
MAGBENCH_Text-1793,MedAgentsBench,Moderate,0.2584,0.0,0.0,0.0,0,0,0,solo,solo,group-3,574,574,3885
MAGBENCH_Text-1794,MedAgentsBench,Moderate,0.265,0.0,0.0,0.0,0,0,0,solo,solo,group-3,674,674,3736
MAGBENCH_Text-1795,MedAgentsBench,Moderate,0.151,0.0,0.0,0.2866,0,0,1,solo,solo,group-3,451,451,3489
MAGBENCH_Text-1799,MedAgentsBench,Moderate,0.3244,1.3263,1.3263,0.0,1,1,0,solo,solo,group-3,754,754,3847
MAGBENCH_Text-180,MedAgentsBench,Moderate,0.2177,0.0,0.0,0.2908,0,0,1,solo,solo,group-3,564,564,3439
MAGBENCH_Text-1802,MedAgentsBench,Complex,0.459,0.0,0.0,0.0,0,0,0,group-2,solo,group-3,2775,1039,4932
MAGBENCH_Text-1806,MedAgentsBench,Moderate,0.3304,0.0,0.0,0.0,0,0,0,solo,solo,group-3,701,701,4068
MAGBENCH_Text-1814,MedAgentsBench,Complex,0.4324,0.0,1.292,0.2444,0,1,1,group-2,solo,group-3,2216,774,4092
MAGBENCH_Text-1816,MedAgentsBench,Simple,0.0997,1.634,1.634,0.0,1,1,0,solo,solo,group-3,612,612,3457
MAGBENCH_Text-1817,MedAgentsBench,Moderate,0.1477,2.2727,2.2727,0.3398,1,1,1,solo,solo,group-3,440,440,2943
MAGBENCH_Text-1818,MedAgentsBench,Simple,0.0957,1.9493,1.9493,0.2851,1,1,1,solo,solo,group-3,513,513,3507
MAGBENCH_Text-1821,MedAgentsBench,Complex,0.3817,0.0,0.0,0.0,0,0,0,solo,solo,group-3,746,746,4203
MAGBENCH_Text-1822,MedAgentsBench,Moderate,0.2864,1.3928,1.3928,0.0,1,1,0,solo,solo,group-3,718,718,3836
MAGBENCH_Text-1823,MedAgentsBench,Moderate,0.349,0.0,0.0,0.0,0,0,0,solo,solo,group-3,690,690,3996
MAGBENCH_Text-1826,MedAgentsBench,Moderate,0.3437,0.0,0.0,0.0,0,0,0,solo,solo,group-3,800,800,4114
MAGBENCH_Text-1828,MedAgentsBench,Moderate,0.3477,0.0,0.0,0.0,0,0,0,solo,solo,group-3,785,785,4082
MAGBENCH_Text-1833,MedAgentsBench,Moderate,0.3057,0.0,0.0,0.2639,0,0,1,solo,solo,group-3,693,693,3790
MAGBENCH_Text-1834,MedAgentsBench,Complex,0.419,0.0,0.0,0.0,0,0,0,group-2,solo,group-3,2329,682,4263
MAGBENCH_Text-1837,MedAgentsBench,Complex,0.3924,0.0,0.0,0.0,0,0,0,solo,solo,group-3,757,757,4098
MAGBENCH_Text-1838,MedAgentsBench,Complex,0.3924,0.0,0.0,0.0,0,0,0,solo,solo,group-3,740,740,4182
MAGBENCH_Text-184,MedAgentsBench,Moderate,0.3357,0.0,0.0,0.0,0,0,0,solo,solo,group-3,733,733,3928
MAGBENCH_Text-1841,MedAgentsBench,Complex,0.4057,0.0,1.0593,0.2215,0,1,1,group-2,solo,group-3,2496,944,4514
MAGBENCH_Text-1857,MedAgentsBench,Moderate,0.259,1.7606,1.7606,0.2608,1,1,1,solo,solo,group-3,568,568,3834
MAGBENCH_Text-1859,MedAgentsBench,Complex,0.419,0.3997,1.1779,0.2211,1,1,1,group-2,solo,group-3,2502,849,4522
MAGBENCH_Text-1861,MedAgentsBench,Complex,0.4004,0.4257,1.2034,0.233,1,1,1,group-2,solo,group-3,2349,831,4292
MAGBENCH_Text-1862,MedAgentsBench,Complex,0.389,1.4903,1.4903,0.2618,1,1,1,solo,solo,group-3,671,671,3819
MAGBENCH_Text-1863,MedAgentsBench,Complex,0.385,1.3605,1.3605,0.2395,1,1,1,solo,solo,group-3,735,735,4176
MAGBENCH_Text-1865,MedAgentsBench,Complex,0.3577,0.0,0.0,0.0,0,0,0,solo,solo,group-3,793,793,4151
MAGBENCH_Text-1867,MedAgentsBench,Moderate,0.1797,1.5873,1.5873,0.2726,1,1,1,solo,solo,group-3,630,630,3669
MAGBENCH_Text-1868,MedAgentsBench,Moderate,0.327,1.3532,1.3532,0.0,1,1,0,solo,solo,group-3,739,739,3979
MAGBENCH_Text-1876,MedAgentsBench,Moderate,0.1357,0.0,0.0,0.3297,0,0,1,solo,solo,group-3,493,493,3033
MAGBENCH_Text-1887,MedAgentsBench,Moderate,0.2717,1.3986,1.3986,0.2488,1,1,1,solo,solo,group-3,715,715,4020
MAGBENCH_Text-1892,MedAgentsBench,Moderate,0.1517,0.0,0.0,0.0,0,0,0,solo,solo,group-3,547,547,3348
MAGBENCH_Text-190,MedAgentsBench,Moderate,0.281,0.0,0.0,0.0,0,0,0,solo,solo,group-3,698,698,3899
MAGBENCH_Text-1902,MedAgentsBench,Moderate,0.1037,2.2075,2.2075,0.3186,1,1,1,solo,solo,group-3,453,453,3139
MAGBENCH_Text-1903,MedAgentsBench,Moderate,0.1717,1.5773,1.5773,0.0,1,1,0,solo,solo,group-3,634,634,3545
MAGBENCH_Text-1906,MedAgentsBench,Moderate,0.1217,0.0,0.0,0.0,0,0,0,solo,solo,group-3,584,584,3594
MAGBENCH_Text-1908,MedAgentsBench,Complex,0.419,0.0,0.0,0.0,0,0,0,group-2,solo,group-3,2516,913,4541
MAGBENCH_Text-1919,MedAgentsBench,Moderate,0.1257,0.0,0.0,0.0,0,0,0,solo,solo,group-3,392,392,2853
MAGBENCH_Text-1922,MedAgentsBench,Complex,0.4457,0.3478,0.8961,0.1968,1,1,1,group-2,solo,group-3,2875,1116,5082
MAGBENCH_Text-1925,MedAgentsBench,Complex,0.419,0.0,1.5723,0.2696,0,1,1,group-2,solo,group-3,1970,636,3709
MAGBENCH_Text-1927,MedAgentsBench,Moderate,0.1697,0.0,0.0,0.0,0,0,0,solo,solo,group-3,554,554,3654
MAGBENCH_Text-1931,MedAgentsBench,Moderate,0.289,1.4728,1.4728,0.2526,1,1,1,solo,solo,group-3,679,679,3959
MAGBENCH_Text-1934,MedAgentsBench,Moderate,0.349,1.5504,1.5504,0.0,1,1,0,solo,solo,group-3,645,645,4014
MAGBENCH_Text-1935,MedAgentsBench,Complex,0.419,0.5192,1.6835,0.2807,1,1,1,group-2,solo,group-3,1926,594,3562
MAGBENCH_Text-1936,MedAgentsBench,Moderate,0.3097,0.0,0.0,0.0,0,0,0,solo,solo,group-3,712,712,4029
MAGBENCH_Text-1937,MedAgentsBench,Complex,0.4124,0.0,0.0,0.0,0,0,0,group-2,solo,group-3,2347,796,4290
MAGBENCH_Text-194,MedAgentsBench,Moderate,0.1797,1.6129,1.6129,0.0,1,1,0,solo,solo,group-3,620,620,3583
MAGBENCH_Text-1943,MedAgentsBench,Moderate,0.1617,1.7762,1.7762,0.0,1,1,0,solo,solo,group-3,563,563,3163
MAGBENCH_Text-1946,MedAgentsBench,Complex,0.4057,0.3998,1.0549,0.2243,1,1,1,group-2,solo,group-3,2501,948,4458
MAGBENCH_Text-1948,MedAgentsBench,Moderate,0.3397,0.0,0.0,0.0,0,0,0,solo,solo,group-3,732,732,4191
MAGBENCH_Text-1950,MedAgentsBench,Moderate,0.321,1.4684,1.4684,0.2444,1,1,1,solo,solo,group-3,681,681,4092
MAGBENCH_Text-1951,MedAgentsBench,Complex,0.4097,0.4134,1.0811,0.2274,1,1,1,group-2,solo,group-3,2419,925,4397
MAGBENCH_Text-1952,MedAgentsBench,Complex,0.4057,0.0,0.0,0.2321,0,0,1,group-2,solo,group-3,2359,835,4308
MAGBENCH_Text-1954,MedAgentsBench,Moderate,0.3244,1.5798,1.5798,0.2453,1,1,1,solo,solo,group-3,633,633,4076
MAGBENCH_Text-1958,MedAgentsBench,Complex,0.363,0.0,0.0,0.0,0,0,0,solo,solo,group-3,758,758,3981
MAGBENCH_Text-196,MedAgentsBench,Moderate,0.2957,0.0,0.0,0.0,0,0,0,solo,solo,group-3,744,744,3924
MAGBENCH_Text-1960,MedAgentsBench,Complex,0.393,0.0,0.0,0.0,0,0,0,solo,solo,group-3,815,815,4235
MAGBENCH_Text-1965,MedAgentsBench,Moderate,0.2857,0.0,0.0,0.0,0,0,0,solo,solo,group-3,612,612,3891
MAGBENCH_Text-1968,MedAgentsBench,Moderate,0.227,0.0,0.0,0.0,0,0,0,solo,solo,group-3,587,587,3780
MAGBENCH_Text-197,MedAgentsBench,Moderate,0.2517,1.4104,1.4104,0.2623,1,1,1,solo,solo,group-3,709,709,3813
MAGBENCH_Text-1973,MedAgentsBench,Moderate,0.309,0.0,0.0,0.0,0,0,0,solo,solo,group-3,689,689,3910
MAGBENCH_Text-1974,MedAgentsBench,Moderate,0.1797,2.1459,2.1459,0.0,1,1,0,solo,solo,group-3,466,466,3164
MAGBENCH_Text-1977,MedAgentsBench,Complex,0.3824,1.1148,1.1148,0.2249,1,1,1,solo,solo,group-3,897,897,4447
MAGBENCH_Text-1979,MedAgentsBench,Moderate,0.295,1.7953,1.7953,0.2978,1,1,1,solo,solo,group-3,557,557,3358
MAGBENCH_Text-1982,MedAgentsBench,Complex,0.361,0.0,0.0,0.0,0,0,0,solo,solo,group-3,845,845,4250
MAGBENCH_Text-1985,MedAgentsBench,Moderate,0.1837,1.9646,1.9646,0.3259,1,1,1,solo,solo,group-3,509,509,3068
MAGBENCH_Text-1990,MedAgentsBench,Complex,0.4324,0.0,0.0,0.0,0,0,0,group-2,solo,group-3,2599,955,4668
MAGBENCH_Text-1992,MedAgentsBench,Moderate,0.2137,1.2376,1.2376,0.0,1,1,0,solo,solo,group-3,808,808,3858
MAGBENCH_Text-1996,MedAgentsBench,Complex,0.407,0.4103,1.0482,0.226,1,1,1,group-2,solo,group-3,2437,954,4425
MAGBENCH_Text-20,MedAgentsBench,Complex,0.459,0.4165,0.0,0.2288,1,0,1,group-2,solo,group-3,2401,910,4371
MAGBENCH_Text-2004,MedAgentsBench,Complex,0.419,0.4394,1.3459,0.2476,1,1,1,group-2,solo,group-3,2276,743,4038
MAGBENCH_Text-2005,MedAgentsBench,Complex,0.4084,0.0,1.224,0.0,0,1,0,group-2,solo,group-3,2399,817,4368
MAGBENCH_Text-2006,MedAgentsBench,Moderate,0.2217,1.9305,1.9305,0.3029,1,1,1,solo,solo,group-3,518,518,3301
MAGBENCH_Text-2007,MedAgentsBench,Moderate,0.3097,1.3477,1.3477,0.0,1,1,0,solo,solo,group-3,742,742,3907
MAGBENCH_Text-2008,MedAgentsBench,Moderate,0.2544,1.4793,1.4793,0.0,1,1,0,solo,solo,group-3,676,676,3911
MAGBENCH_Text-2010,MedAgentsBench,Complex,0.359,0.0,0.0,0.2537,0,0,1,solo,solo,group-3,667,667,3942
MAGBENCH_Text-2011,MedAgentsBench,Moderate,0.3524,0.0,0.0,0.0,0,0,0,solo,solo,group-3,657,657,3778
MAGBENCH_Text-2012,MedAgentsBench,Complex,0.397,1.2706,1.2706,0.2366,1,1,1,solo,solo,group-3,787,787,4227
MAGBENCH_Text-2015,MedAgentsBench,Complex,0.4324,0.0,0.0,0.0,0,0,0,group-2,solo,group-3,2391,800,4305
MAGBENCH_Text-2018,MedAgentsBench,Moderate,0.271,1.4205,1.4205,0.0,1,1,0,solo,solo,group-3,704,704,3720
MAGBENCH_Text-2022,MedAgentsBench,Complex,0.4324,0.0,0.0,0.0,0,0,0,group-2,solo,group-3,2380,899,4279
MAGBENCH_Text-2025,MedAgentsBench,Moderate,0.2457,0.0,0.0,0.0,0,0,0,solo,solo,group-3,524,524,3591
MAGBENCH_Text-2026,MedAgentsBench,Moderate,0.3237,0.0,0.0,0.0,0,0,0,solo,solo,group-3,716,716,4060
MAGBENCH_Text-2029,MedAgentsBench,Complex,0.3837,0.0,0.0,0.0,0,0,0,solo,solo,group-3,799,799,4180
MAGBENCH_Text-203,MedAgentsBench,Moderate,0.1017,2.4691,2.4691,0.3169,1,1,1,solo,solo,group-3,405,405,3156
MAGBENCH_Text-2031,MedAgentsBench,Moderate,0.2257,1.5848,1.5848,0.2712,1,1,1,solo,solo,group-3,631,631,3687
MAGBENCH_Text-2034,MedAgentsBench,Moderate,0.2857,1.5152,1.5152,0.2864,1,1,1,solo,solo,group-3,660,660,3492
MAGBENCH_Text-2036,MedAgentsBench,Complex,0.369,1.2422,1.2422,0.2381,1,1,1,solo,solo,group-3,805,805,4200
MAGBENCH_Text-204,MedAgentsBench,Complex,0.3937,1.4859,1.4859,0.0,1,1,0,solo,solo,group-3,673,673,3945
MAGBENCH_Text-2047,MedAgentsBench,Moderate,0.2017,1.5873,1.5873,0.2739,1,1,1,solo,solo,group-3,630,630,3651
MAGBENCH_Text-205,MedAgentsBench,Moderate,0.1937,1.6835,1.6835,0.2681,1,1,1,solo,solo,group-3,594,594,3730
MAGBENCH_Text-2050,MedAgentsBench,Moderate,0.295,0.0,0.0,0.0,0,0,0,solo,solo,group-3,717,717,4071
MAGBENCH_Text-2056,MedAgentsBench,Complex,0.4057,0.0,0.0,0.0,0,0,0,group-2,solo,group-3,3005,1133,5268
MAGBENCH_Text-2061,MedAgentsBench,Complex,0.3944,0.0,0.0,0.0,0,0,0,solo,solo,group-3,704,704,4044
MAGBENCH_Text-2068,MedAgentsBench,Complex,0.419,0.0,0.0,0.0,0,0,0,group-2,solo,group-3,2375,769,4332
MAGBENCH_Text-2069,MedAgentsBench,Moderate,0.1277,2.1277,2.1277,0.3265,1,1,1,solo,solo,group-3,470,470,3063
MAGBENCH_Text-2070,MedAgentsBench,Complex,0.4104,0.489,0.0,0.2642,1,0,1,group-2,solo,group-3,2045,713,3785
MAGBENCH_Text-2071,MedAgentsBench,Moderate,0.2877,0.0,0.0,0.0,0,0,0,solo,solo,group-3,792,792,4039
MAGBENCH_Text-2072,MedAgentsBench,Complex,0.3917,0.0,0.0,0.0,0,0,0,solo,solo,group-3,885,885,4316
MAGBENCH_Text-2081,MedAgentsBench,Moderate,0.1957,2.4331,2.4331,0.327,1,1,1,solo,solo,group-3,411,411,3058
MAGBENCH_Text-2084,MedAgentsBench,Complex,0.397,1.227,1.227,0.2361,1,1,1,solo,solo,group-3,815,815,4236
MAGBENCH_Text-2085,MedAgentsBench,Complex,0.3877,1.3889,1.3889,0.2583,1,1,1,solo,solo,group-3,720,720,3872
MAGBENCH_Text-2089,MedAgentsBench,Moderate,0.3197,0.0,0.0,0.2463,0,0,1,solo,solo,group-3,817,817,4060
MAGBENCH_Text-209,MedAgentsBench,Moderate,0.3537,1.4771,1.4771,0.2772,1,1,1,solo,solo,group-3,677,677,3607
MAGBENCH_Text-2091,MedAgentsBench,Moderate,0.195,1.4556,1.4556,0.0,1,1,0,solo,solo,group-3,687,687,3720
MAGBENCH_Text-2092,MedAgentsBench,Moderate,0.311,0.0,0.0,0.0,0,0,0,solo,solo,group-3,618,618,3957
MAGBENCH_Text-2093,MedAgentsBench,Complex,0.4324,0.3606,0.999,0.2042,1,1,1,group-2,solo,group-3,2773,1001,4896
MAGBENCH_Text-2097,MedAgentsBench,Complex,0.4017,0.4361,0.0,0.2394,1,0,1,group-2,solo,group-3,2293,797,4177
MAGBENCH_Text-2098,MedAgentsBench,Complex,0.3677,1.4859,1.4859,0.2648,1,1,1,solo,solo,group-3,673,673,3777
MAGBENCH_Text-2099,MedAgentsBench,Complex,0.4637,0.0,1.2531,0.2285,0,1,1,group-2,solo,group-3,2404,798,4376
MAGBENCH_Text-2102,MedAgentsBench,Complex,0.413,0.0,0.0,0.2431,0,0,1,group-2,solo,group-3,2246,764,4114
MAGBENCH_Text-2103,MedAgentsBench,Complex,0.369,0.0,0.0,0.2491,0,0,1,solo,solo,group-3,769,769,4014
MAGBENCH_Text-2105,MedAgentsBench,Complex,0.419,0.0,0.0,0.0,0,0,0,group-2,solo,group-3,2737,1054,4865
MAGBENCH_Text-2106,MedAgentsBench,Moderate,0.2297,1.4903,1.4903,0.27,1,1,1,solo,solo,group-3,671,671,3704
MAGBENCH_Text-2107,MedAgentsBench,Moderate,0.3244,1.443,1.443,0.2473,1,1,1,solo,solo,group-3,693,693,4044
MAGBENCH_Text-2108,MedAgentsBench,Moderate,0.3037,1.6313,1.6313,0.2688,1,1,1,solo,solo,group-3,613,613,3720
MAGBENCH_Text-2109,MedAgentsBench,Complex,0.357,1.1876,1.1876,0.2447,1,1,1,solo,solo,group-3,842,842,4086
MAGBENCH_Text-2110,MedAgentsBench,Moderate,0.3504,0.0,0.0,0.0,0,0,0,solo,solo,group-3,650,650,4021
MAGBENCH_Text-2115,MedAgentsBench,Moderate,0.237,1.8975,1.8975,0.3109,1,1,1,solo,solo,group-3,527,527,3216
MAGBENCH_Text-2117,MedAgentsBench,Moderate,0.3497,0.0,0.0,0.0,0,0,0,solo,solo,group-3,750,750,4090
MAGBENCH_Text-212,MedAgentsBench,Moderate,0.1577,0.0,0.0,0.0,0,0,0,solo,solo,group-3,394,394,2767
MAGBENCH_Text-2125,MedAgentsBench,Moderate,0.2017,1.5456,1.5456,0.2767,1,1,1,solo,solo,group-3,647,647,3614
MAGBENCH_Text-2128,MedAgentsBench,Complex,0.3817,0.0,0.0,0.0,0,0,0,solo,solo,group-3,758,758,4086
MAGBENCH_Text-213,MedAgentsBench,Complex,0.4057,0.0,0.0,0.0,0,0,0,group-2,solo,group-3,2447,817,4440
MAGBENCH_Text-2133,MedAgentsBench,Complex,0.3904,1.3624,1.3624,0.2393,1,1,1,solo,solo,group-3,734,734,4178
MAGBENCH_Text-2134,MedAgentsBench,Complex,0.405,0.4523,1.3889,0.2494,1,1,1,group-2,solo,group-3,2211,720,4009
MAGBENCH_Text-2139,MedAgentsBench,Moderate,0.2837,1.6807,1.6807,0.2562,1,1,1,solo,solo,group-3,595,595,3903
MAGBENCH_Text-2140,MedAgentsBench,Moderate,0.2884,1.4706,1.4706,0.2527,1,1,1,solo,solo,group-3,680,680,3957
MAGBENCH_Text-2147,MedAgentsBench,Complex,0.419,0.0,0.0,0.0,0,0,0,group-2,solo,group-3,2154,798,3931
MAGBENCH_Text-215,MedAgentsBench,Moderate,0.255,1.5267,1.5267,0.0,1,1,0,solo,solo,group-3,655,655,3643
MAGBENCH_Text-2152,MedAgentsBench,Moderate,0.3377,1.4347,1.4347,0.2524,1,1,1,solo,solo,group-3,697,697,3962
MAGBENCH_Text-2154,MedAgentsBench,Moderate,0.327,0.0,0.0,0.0,0,0,0,solo,solo,group-3,708,708,3954
MAGBENCH_Text-2158,MedAgentsBench,Moderate,0.3017,0.0,0.0,0.0,0,0,0,solo,solo,group-3,538,538,3727
MAGBENCH_Text-216,MedAgentsBench,Moderate,0.2204,0.0,0.0,0.0,0,0,0,solo,solo,group-3,603,603,3410
MAGBENCH_Text-2165,MedAgentsBench,Moderate,0.3297,0.0,0.0,0.0,0,0,0,solo,solo,group-3,689,689,3913
MAGBENCH_Text-2168,MedAgentsBench,Moderate,0.3484,1.3477,1.3477,0.0,1,1,0,solo,solo,group-3,742,742,4036
MAGBENCH_Text-2169,MedAgentsBench,Moderate,0.315,0.0,0.0,0.0,0,0,0,solo,solo,group-3,738,738,4125
MAGBENCH_Text-217,MedAgentsBench,Complex,0.3684,0.0,0.0,0.0,0,0,0,solo,solo,group-3,653,653,3849
MAGBENCH_Text-2175,MedAgentsBench,Moderate,0.2357,1.7153,1.7153,0.2809,1,1,1,solo,solo,group-3,583,583,3560
MAGBENCH_Text-2176,MedAgentsBench,Complex,0.419,0.406,1.0881,0.224,1,1,1,group-2,solo,group-3,2463,919,4464
MAGBENCH_Text-2177,MedAgentsBench,Moderate,0.1517,0.0,0.0,0.0,0,0,0,solo,solo,group-3,556,556,3091
MAGBENCH_Text-218,MedAgentsBench,Complex,0.3737,0.0,0.0,0.2319,0,0,1,solo,solo,group-3,829,829,4313
MAGBENCH_Text-2180,MedAgentsBench,Complex,0.413,0.0,0.0,0.0,0,0,0,group-2,solo,group-3,2413,755,4389
MAGBENCH_Text-2183,MedAgentsBench,Complex,0.4324,0.3598,0.0,0.2025,1,0,1,group-2,solo,group-3,2779,1120,4938
MAGBENCH_Text-219,MedAgentsBench,Complex,0.3837,0.0,0.0,0.0,0,0,0,solo,solo,group-3,793,793,4227
MAGBENCH_Text-2194,MedAgentsBench,Complex,0.377,0.0,0.0,0.0,0,0,0,solo,solo,group-3,786,786,4105
MAGBENCH_Text-22,MedAgentsBench,Complex,0.3817,0.0,0.0,0.0,0,0,0,solo,solo,group-3,870,870,4243
MAGBENCH_Text-2204,MedAgentsBench,Complex,0.365,0.0,0.0,0.2518,0,0,1,solo,solo,group-3,646,646,3972
MAGBENCH_Text-2205,MedAgentsBench,Moderate,0.171,1.7065,1.7065,0.0,1,1,0,solo,solo,group-3,586,586,3225
MAGBENCH_Text-2207,MedAgentsBench,Complex,0.459,0.0,0.0,0.0,0,0,0,group-2,solo,group-3,2533,881,4569
MAGBENCH_Text-2210,MedAgentsBench,Complex,0.371,1.2255,1.2255,0.2315,1,1,1,solo,solo,group-3,816,816,4320
MAGBENCH_Text-2213,MedAgentsBench,Complex,0.4057,0.4149,1.221,0.2353,1,1,1,group-2,solo,group-3,2410,819,4249
MAGBENCH_Text-2216,MedAgentsBench,Complex,0.3937,0.0,0.0,0.2473,0,0,1,solo,solo,group-3,668,668,4044
MAGBENCH_Text-2223,MedAgentsBench,Moderate,0.3284,1.292,1.292,0.2447,1,1,1,solo,solo,group-3,774,774,4087
MAGBENCH_Text-2226,MedAgentsBench,Moderate,0.2057,2.3202,2.3202,0.2937,1,1,1,solo,solo,group-3,431,431,3405
MAGBENCH_Text-2229,MedAgentsBench,Moderate,0.1397,2.0161,2.0161,0.0,1,1,0,solo,solo,group-3,496,496,3072
MAGBENCH_Text-223,MedAgentsBench,Complex,0.369,1.1891,1.1891,0.2394,1,1,1,solo,solo,group-3,841,841,4177
MAGBENCH_Text-2230,MedAgentsBench,Moderate,0.1017,2.3148,2.3148,0.3227,1,1,1,solo,solo,group-3,432,432,3099
MAGBENCH_Text-2238,MedAgentsBench,Moderate,0.1797,0.0,0.0,0.0,0,0,0,solo,solo,group-3,645,645,3813
MAGBENCH_Text-224,MedAgentsBench,Moderate,0.321,0.0,0.0,0.3121,0,0,1,solo,solo,group-3,554,554,3204
MAGBENCH_Text-2243,MedAgentsBench,Complex,0.3857,0.0,0.0,0.0,0,0,0,solo,solo,group-3,698,698,3964
MAGBENCH_Text-2245,MedAgentsBench,Moderate,0.1917,2.0492,2.0492,0.3079,1,1,1,solo,solo,group-3,488,488,3248
MAGBENCH_Text-2250,MedAgentsBench,Complex,0.459,0.2914,0.7267,0.169,1,1,1,group-2,solo,group-3,3432,1376,5917
MAGBENCH_Text-2255,MedAgentsBench,Complex,0.419,0.0,0.0,0.0,0,0,0,group-2,solo,group-3,2573,974,4590
MAGBENCH_Text-226,MedAgentsBench,Complex,0.4457,0.3839,1.0616,0.2138,1,1,1,group-2,solo,group-3,2605,942,4677
MAGBENCH_Text-2282,MedAgentsBench,Complex,0.4457,0.3323,0.0,0.0,1,0,0,group-2,solo,group-3,3009,1189,5283
MAGBENCH_Text-2286,MedAgentsBench,Complex,0.4457,0.3583,0.9643,0.2019,1,1,1,group-2,solo,group-3,2791,1037,4952
MAGBENCH_Text-229,MedAgentsBench,Complex,0.3757,0.0,0.0,0.2284,0,0,1,solo,solo,group-3,904,904,4379
MAGBENCH_Text-2295,MedAgentsBench,Moderate,0.2017,1.692,1.692,0.0,1,1,0,solo,solo,group-3,591,591,3720
MAGBENCH_Text-2301,MedAgentsBench,Moderate,0.3117,1.5175,1.5175,0.0,1,1,0,solo,solo,group-3,659,659,3852
MAGBENCH_Text-231,MedAgentsBench,Moderate,0.253,1.6722,1.6722,0.2843,1,1,1,solo,solo,group-3,598,598,3518
MAGBENCH_Text-2310,MedAgentsBench,Moderate,0.251,1.6367,1.6367,0.2879,1,1,1,solo,solo,group-3,611,611,3474
MAGBENCH_Text-2314,MedAgentsBench,Moderate,0.327,1.3459,1.3459,0.0,1,1,0,solo,solo,group-3,743,743,4055
MAGBENCH_Text-2320,MedAgentsBench,Moderate,0.2877,1.6667,1.6667,0.3018,1,1,1,solo,solo,group-3,600,600,3314
MAGBENCH_Text-2321,MedAgentsBench,Moderate,0.3444,0.0,0.0,0.0,0,0,0,solo,solo,group-3,718,718,4039
MAGBENCH_Text-2322,MedAgentsBench,Moderate,0.269,1.7637,1.7637,0.281,1,1,1,solo,solo,group-3,567,567,3559
MAGBENCH_Text-2323,MedAgentsBench,Moderate,0.297,0.0,0.0,0.2609,0,0,1,solo,solo,group-3,649,649,3833
MAGBENCH_Text-2324,MedAgentsBench,Moderate,0.3257,0.0,0.0,0.0,0,0,0,solo,solo,group-3,672,672,3915
MAGBENCH_Text-2325,MedAgentsBench,Moderate,0.1497,1.7825,1.7825,0.0,1,1,0,solo,solo,group-3,561,561,3112
MAGBENCH_Text-2326,MedAgentsBench,Complex,0.4204,0.0,0.0,0.0,0,0,0,group-2,solo,group-3,2376,822,4308
MAGBENCH_Text-2327,MedAgentsBench,Complex,0.419,0.0,0.0,0.0,0,0,0,group-2,solo,group-3,2653,943,4749
MAGBENCH_Text-2334,MedAgentsBench,Moderate,0.1917,0.0,0.0,0.0,0,0,0,solo,solo,group-3,500,500,3428
MAGBENCH_Text-2335,MedAgentsBench,Moderate,0.167,0.0,0.0,0.2743,0,0,1,solo,solo,group-3,574,574,3645
MAGBENCH_Text-2336,MedAgentsBench,Complex,0.383,1.4859,1.4859,0.266,1,1,1,solo,solo,group-3,673,673,3759
MAGBENCH_Text-2341,MedAgentsBench,Complex,0.4224,0.0,0.0,0.0,0,0,0,group-2,solo,group-3,2295,803,4212
MAGBENCH_Text-2342,MedAgentsBench,Complex,0.419,0.4037,1.1186,0.2251,1,1,1,group-2,solo,group-3,2477,894,4443
MAGBENCH_Text-2348,MedAgentsBench,Moderate,0.1357,0.0,0.0,0.3705,0,0,1,solo,solo,group-3,416,416,2699
MAGBENCH_Text-2353,MedAgentsBench,Complex,0.4057,0.373,1.0593,0.2087,1,1,1,group-2,solo,group-3,2681,944,4791
MAGBENCH_Text-2354,MedAgentsBench,Complex,0.4057,0.5063,1.2723,0.2733,1,1,1,group-2,solo,group-3,1975,786,3659
MAGBENCH_Text-2359,MedAgentsBench,Moderate,0.2977,1.6393,1.6393,0.2879,1,1,1,solo,solo,group-3,610,610,3473
MAGBENCH_Text-2361,MedAgentsBench,Moderate,0.2764,0.0,0.0,0.2675,0,0,1,solo,solo,group-3,612,612,3739
MAGBENCH_Text-2362,MedAgentsBench,Moderate,0.149,0.0,0.0,0.0,0,0,0,solo,solo,group-3,664,664,3642
MAGBENCH_Text-2367,MedAgentsBench,Moderate,0.3177,1.2594,1.2594,0.2433,1,1,1,solo,solo,group-3,794,794,4110
MAGBENCH_Text-2374,MedAgentsBench,Complex,0.4324,0.4021,1.1261,0.2222,1,1,1,group-2,solo,group-3,2487,888,4500
MAGBENCH_Text-2375,MedAgentsBench,Moderate,0.2337,1.6207,1.6207,0.2901,1,1,1,solo,solo,group-3,617,617,3447
MAGBENCH_Text-2376,MedAgentsBench,Complex,0.4324,0.0,1.1351,0.0,0,1,0,group-2,solo,group-3,2441,881,4431
MAGBENCH_Text-2380,MedAgentsBench,Moderate,0.309,1.4265,1.4265,0.2546,1,1,1,solo,solo,group-3,701,701,3927
MAGBENCH_Text-2385,MedAgentsBench,Moderate,0.2444,1.8382,1.8382,0.2956,1,1,1,solo,solo,group-3,544,544,3383
MAGBENCH_Text-2389,MedAgentsBench,Complex,0.397,0.0,0.0,0.0,0,0,0,solo,solo,group-3,774,774,4224
MAGBENCH_Text-2392,MedAgentsBench,Moderate,0.233,1.675,1.675,0.2721,1,1,1,solo,solo,group-3,597,597,3675
MAGBENCH_Text-2393,MedAgentsBench,Moderate,0.2577,0.0,0.0,0.0,0,0,0,solo,solo,group-3,585,585,3866
MAGBENCH_Text-2399,MedAgentsBench,Complex,0.419,0.0,0.0,0.0,0,0,0,group-2,solo,group-3,2402,869,4273
MAGBENCH_Text-2402,MedAgentsBench,Moderate,0.1077,2.3419,2.3419,0.3532,1,1,1,solo,solo,group-3,427,427,2831
MAGBENCH_Text-2406,MedAgentsBench,Complex,0.4057,0.0,0.0,0.0,0,0,0,group-2,solo,group-3,2290,732,4205
MAGBENCH_Text-2412,MedAgentsBench,Complex,0.357,0.0,0.0,0.0,0,0,0,solo,solo,group-3,778,778,4060
MAGBENCH_Text-2414,MedAgentsBench,Moderate,0.2417,2.0325,2.0325,0.3023,1,1,1,solo,solo,group-3,492,492,3308
MAGBENCH_Text-2417,MedAgentsBench,Complex,0.4324,0.0,0.0,0.0,0,0,0,group-2,solo,group-3,2467,833,4469
MAGBENCH_Text-2421,MedAgentsBench,Moderate,0.2984,1.4265,1.4265,0.0,1,1,0,solo,solo,group-3,701,701,3677
MAGBENCH_Text-2422,MedAgentsBench,Moderate,0.2864,0.0,0.0,0.251,0,0,1,solo,solo,group-3,690,690,3984
MAGBENCH_Text-2425,MedAgentsBench,Moderate,0.2537,1.221,1.221,0.247,1,1,1,solo,solo,group-3,819,819,4049
MAGBENCH_Text-243,MedAgentsBench,Moderate,0.3057,1.5038,1.5038,0.2478,1,1,1,solo,solo,group-3,665,665,4035
MAGBENCH_Text-2432,MedAgentsBench,Complex,0.4324,0.0,1.1574,0.0,0,1,0,group-2,solo,group-3,2415,864,4391
MAGBENCH_Text-2433,MedAgentsBench,Complex,0.3957,0.0,0.0,0.0,0,0,0,solo,solo,group-3,785,785,4284
MAGBENCH_Text-2435,MedAgentsBench,Complex,0.359,0.0,0.0,0.0,0,0,0,solo,solo,group-3,876,876,4179
MAGBENCH_Text-244,MedAgentsBench,Complex,0.4324,0.0,0.0,0.0,0,0,0,group-2,solo,group-3,2816,1073,4993
MAGBENCH_Text-2440,MedAgentsBench,Moderate,0.283,0.0,0.0,0.2562,0,0,1,solo,solo,group-3,670,670,3903
MAGBENCH_Text-2442,MedAgentsBench,Moderate,0.1217,0.0,0.0,0.0,0,0,0,solo,solo,group-3,506,506,3282
MAGBENCH_Text-2444,MedAgentsBench,Moderate,0.3544,1.2755,1.2755,0.2392,1,1,1,solo,solo,group-3,784,784,4180
MAGBENCH_Text-2448,MedAgentsBench,Complex,0.4324,0.4376,1.3717,0.2388,1,1,1,group-2,solo,group-3,2285,729,4188
MAGBENCH_Text-2449,MedAgentsBench,Moderate,0.3364,1.3333,1.3333,0.2498,1,1,1,solo,solo,group-3,750,750,4003
MAGBENCH_Text-246,MedAgentsBench,Moderate,0.2317,0.0,0.0,0.0,0,0,0,solo,solo,group-3,593,593,3588
MAGBENCH_Text-247,MedAgentsBench,Moderate,0.251,1.5432,1.5432,0.258,1,1,1,solo,solo,group-3,648,648,3876
MAGBENCH_Text-248,MedAgentsBench,Moderate,0.3177,0.0,0.0,0.0,0,0,0,solo,solo,group-3,650,650,4053
MAGBENCH_Text-250,MedAgentsBench,Moderate,0.309,1.506,1.506,0.2655,1,1,1,solo,solo,group-3,664,664,3767
MAGBENCH_Text-261,MedAgentsBench,Complex,0.4324,0.0,0.0,0.0,0,0,0,group-2,solo,group-3,2173,851,3936
MAGBENCH_Text-268,MedAgentsBench,Complex,0.361,1.3423,1.3423,0.2458,1,1,1,solo,solo,group-3,745,745,4068
MAGBENCH_Text-273,MedAgentsBench,Complex,0.4324,0.0,1.1186,0.0,0,1,0,group-2,solo,group-3,2374,894,4329
MAGBENCH_Text-274,MedAgentsBench,Moderate,0.3084,0.0,0.0,0.0,0,0,0,solo,solo,group-3,664,664,3966
MAGBENCH_Text-275,MedAgentsBench,Complex,0.419,0.0,1.0695,0.0,0,1,0,group-2,solo,group-3,2565,935,4616
MAGBENCH_Text-28,MedAgentsBench,Complex,0.459,0.0,0.0,0.0,0,0,0,group-2,solo,group-3,2531,933,4542
MAGBENCH_Text-282,MedAgentsBench,Complex,0.417,0.4494,1.2739,0.2441,1,1,1,group-2,solo,group-3,2225,785,4096
MAGBENCH_Text-296,MedAgentsBench,Complex,0.411,0.0,0.0,0.0,0,0,0,group-2,solo,group-3,2425,821,4407
MAGBENCH_Text-297,MedAgentsBench,Complex,0.3957,0.0,0.0,0.2331,0,0,1,solo,solo,group-3,834,834,4290
MAGBENCH_Text-298,MedAgentsBench,Moderate,0.245,1.5924,1.5924,0.2914,1,1,1,solo,solo,group-3,628,628,3432
MAGBENCH_Text-300,MedAgentsBench,Complex,0.419,0.0,1.1249,0.0,0,1,0,group-2,solo,group-3,2483,889,4494
MAGBENCH_Text-303,MedAgentsBench,Complex,0.4204,0.3908,1.1416,0.22,1,1,1,group-2,solo,group-3,2559,876,4546
MAGBENCH_Text-304,MedAgentsBench,Moderate,0.1197,2.2472,2.2472,0.394,1,1,1,solo,solo,group-3,445,445,2538
MAGBENCH_Text-308,MedAgentsBench,Complex,0.419,0.4519,1.3947,0.0,1,1,0,group-2,solo,group-3,2213,717,4089
MAGBENCH_Text-313,MedAgentsBench,Complex,0.399,1.5504,1.5504,0.2829,1,1,1,solo,solo,group-3,645,645,3535
MAGBENCH_Text-326,MedAgentsBench,Moderate,0.245,0.0,0.0,0.0,0,0,0,solo,solo,group-3,541,541,3540
MAGBENCH_Text-33,MedAgentsBench,Moderate,0.263,0.0,0.0,0.26,0,0,1,solo,solo,group-3,602,602,3846
MAGBENCH_Text-338,MedAgentsBench,Complex,0.3997,1.2063,1.2063,0.2381,1,1,1,solo,solo,group-3,829,829,4200
MAGBENCH_Text-342,MedAgentsBench,Complex,0.419,0.0,0.0,0.0,0,0,0,group-2,solo,group-3,2148,688,3956
MAGBENCH_Text-343,MedAgentsBench,Moderate,0.2217,0.0,0.0,0.0,0,0,0,solo,solo,group-3,536,536,3649
MAGBENCH_Text-347,MedAgentsBench,Complex,0.4057,0.0,0.0,0.0,0,0,0,group-2,solo,group-3,2564,949,4616
MAGBENCH_Text-35,MedAgentsBench,Complex,0.3837,0.0,0.0,0.2388,0,0,1,solo,solo,group-3,857,857,4188
MAGBENCH_Text-352,MedAgentsBench,Complex,0.4057,0.3929,0.0,0.0,1,0,0,group-2,solo,group-3,2545,912,4563
MAGBENCH_Text-359,MedAgentsBench,Complex,0.3697,1.3158,1.3158,0.2488,1,1,1,solo,solo,group-3,760,760,4020
MAGBENCH_Text-36,MedAgentsBench,Complex,0.3897,1.4948,1.4948,0.2503,1,1,1,solo,solo,group-3,669,669,3996
MAGBENCH_Text-360,MedAgentsBench,Moderate,0.341,1.4577,1.4577,0.0,1,1,0,solo,solo,group-3,686,686,3955
MAGBENCH_Text-367,MedAgentsBench,Complex,0.417,0.0,0.0,0.0,0,0,0,group-2,solo,group-3,2291,689,4206
MAGBENCH_Text-371,MedAgentsBench,Moderate,0.199,0.0,0.0,0.0,0,0,0,solo,solo,group-3,590,590,3726
MAGBENCH_Text-374,MedAgentsBench,Complex,0.4837,0.3743,0.9268,0.2094,1,1,1,group-2,solo,group-3,2672,1079,4776
MAGBENCH_Text-383,MedAgentsBench,Moderate,0.3237,0.0,0.0,0.0,0,0,0,solo,solo,group-3,668,668,3964
MAGBENCH_Text-384,MedAgentsBench,Moderate,0.2737,0.0,0.0,0.0,0,0,0,solo,solo,group-3,638,638,3567
MAGBENCH_Text-385,MedAgentsBench,Complex,0.419,0.0,0.0,0.0,0,0,0,group-2,solo,group-3,2294,767,4202
MAGBENCH_Text-391,MedAgentsBench,Moderate,0.1437,0.0,0.0,0.0,0,0,0,solo,solo,group-3,508,508,3359
MAGBENCH_Text-396,MedAgentsBench,Moderate,0.1997,1.4065,1.4065,0.0,1,1,0,solo,solo,group-3,711,711,3780
MAGBENCH_Text-397,MedAgentsBench,Moderate,0.157,0.0,0.0,0.0,0,0,0,solo,solo,group-3,490,490,3129
MAGBENCH_Text-4,MedAgentsBench,Complex,0.419,0.0,0.0,0.0,0,0,0,group-2,solo,group-3,2471,936,4428
MAGBENCH_Text-40,MedAgentsBench,Complex,0.4057,0.0,0.0,0.2351,0,0,1,group-2,solo,group-3,2323,818,4253
MAGBENCH_Text-402,MedAgentsBench,Moderate,0.2564,0.0,0.0,0.0,0,0,0,solo,solo,group-3,643,643,3960
MAGBENCH_Text-404,MedAgentsBench,Moderate,0.1197,2.2989,2.2989,0.383,1,1,1,solo,solo,group-3,435,435,2611
MAGBENCH_Text-408,MedAgentsBench,Moderate,0.2757,0.0,0.0,0.0,0,0,0,solo,solo,group-3,639,639,3906
MAGBENCH_Text-413,MedAgentsBench,Moderate,0.321,1.4663,1.4663,0.2684,1,1,1,solo,solo,group-3,682,682,3726
MAGBENCH_Text-417,MedAgentsBench,Complex,0.419,0.0,0.0,0.0,0,0,0,group-2,solo,group-3,2453,966,4448
MAGBENCH_Text-418,MedAgentsBench,Complex,0.3757,1.2315,1.2315,0.2345,1,1,1,solo,solo,group-3,812,812,4264
MAGBENCH_Text-421,MedAgentsBench,Complex,0.4324,0.0,0.0,0.0,0,0,0,group-2,solo,group-3,2642,998,4733
MAGBENCH_Text-423,MedAgentsBench,Complex,0.3997,0.0,0.0,0.0,0,0,0,solo,solo,group-3,713,713,4125
MAGBENCH_Text-425,MedAgentsBench,Moderate,0.301,1.6155,1.6155,0.2546,1,1,1,solo,solo,group-3,619,619,3927
MAGBENCH_Text-428,MedAgentsBench,Moderate,0.2824,1.5361,1.5361,0.0,1,1,0,solo,solo,group-3,651,651,3555
MAGBENCH_Text-429,MedAgentsBench,Complex,0.4457,0.4308,1.25,0.2352,1,1,1,group-2,solo,group-3,2321,800,4251
MAGBENCH_Text-431,MedAgentsBench,Complex,0.359,0.0,0.0,0.2535,0,0,1,solo,solo,group-3,614,614,3945
MAGBENCH_Text-437,MedAgentsBench,Moderate,0.2457,0.0,0.0,0.2667,0,0,1,solo,solo,group-3,643,643,3750
MAGBENCH_Text-438,MedAgentsBench,Moderate,0.287,1.5601,1.5601,0.0,1,1,0,solo,solo,group-3,641,641,3818
MAGBENCH_Text-439,MedAgentsBench,Complex,0.417,0.0,0.0,0.2377,0,0,1,group-2,solo,group-3,2319,772,4207
MAGBENCH_Text-441,MedAgentsBench,Moderate,0.2657,1.4881,1.4881,0.263,1,1,1,solo,solo,group-3,672,672,3802
MAGBENCH_Text-442,MedAgentsBench,Complex,0.459,0.0,1.0428,0.0,0,1,0,group-2,solo,group-3,2441,959,4431
MAGBENCH_Text-445,MedAgentsBench,Complex,0.4324,0.0,0.0,0.0,0,0,0,group-2,solo,group-3,2308,739,4229
MAGBENCH_Text-446,MedAgentsBench,Complex,0.419,0.0,0.0,0.0,0,0,0,group-2,solo,group-3,2357,848,4251
MAGBENCH_Text-450,MedAgentsBench,Moderate,0.289,0.0,0.0,0.0,0,0,0,solo,solo,group-3,598,598,3771
MAGBENCH_Text-462,MedAgentsBench,Moderate,0.297,1.5221,1.5221,0.2663,1,1,1,solo,solo,group-3,657,657,3755
MAGBENCH_Text-465,MedAgentsBench,Moderate,0.3044,0.0,0.0,0.261,0,0,1,solo,solo,group-3,650,650,3832
MAGBENCH_Text-469,MedAgentsBench,Complex,0.3904,1.1905,1.1905,0.2219,1,1,1,solo,solo,group-3,840,840,4506
MAGBENCH_Text-472,MedAgentsBench,Moderate,0.1737,0.0,0.0,0.0,0,0,0,solo,solo,group-3,359,359,2646
MAGBENCH_Text-474,MedAgentsBench,Complex,0.4017,0.0,0.0,0.231,0,0,1,group-2,solo,group-3,2392,869,4329
MAGBENCH_Text-480,MedAgentsBench,Complex,0.4324,0.0,0.0,0.0,0,0,0,group-2,solo,group-3,2181,796,3937
MAGBENCH_Text-481,MedAgentsBench,Complex,0.365,1.1494,1.1494,0.0,1,1,0,solo,solo,group-3,870,870,4176
MAGBENCH_Text-495,MedAgentsBench,Moderate,0.321,1.171,1.171,0.24,1,1,1,solo,solo,group-3,854,854,4166
MAGBENCH_Text-50,MedAgentsBench,Moderate,0.313,0.0,0.0,0.0,0,0,0,solo,solo,group-3,661,661,3752
MAGBENCH_Text-500,MedAgentsBench,Complex,0.415,0.4235,0.0,0.0,1,0,0,group-2,solo,group-3,2361,787,4312
MAGBENCH_Text-503,MedAgentsBench,Moderate,0.3557,0.0,0.0,0.0,0,0,0,solo,solo,group-3,851,851,4241
MAGBENCH_Text-505,MedAgentsBench,Moderate,0.1357,0.0,0.0,0.0,0,0,0,solo,solo,group-3,499,499,3189
MAGBENCH_Text-514,MedAgentsBench,Moderate,0.1357,2.2272,2.2272,0.3136,1,1,1,solo,solo,group-3,449,449,3189
MAGBENCH_Text-518,MedAgentsBench,Complex,0.419,0.0,0.0,0.0,0,0,0,group-2,solo,group-3,2537,927,4575
MAGBENCH_Text-519,MedAgentsBench,Complex,0.403,0.4254,1.328,0.2329,1,1,1,group-2,solo,group-3,2351,753,4294
MAGBENCH_Text-523,MedAgentsBench,Moderate,0.3297,1.2821,1.2821,0.0,1,1,0,solo,solo,group-3,780,780,3771
MAGBENCH_Text-525,MedAgentsBench,Complex,0.419,0.4279,1.3831,0.2339,1,1,1,group-2,solo,group-3,2337,723,4276
MAGBENCH_Text-526,MedAgentsBench,Complex,0.4057,0.4286,1.2469,0.2351,1,1,1,group-2,solo,group-3,2333,802,4253
MAGBENCH_Text-529,MedAgentsBench,Complex,0.4057,0.0,0.0,0.0,0,0,0,group-2,solo,group-3,2353,835,4299
MAGBENCH_Text-531,MedAgentsBench,Moderate,0.353,0.0,0.0,0.2557,0,0,1,solo,solo,group-3,726,726,3911
MAGBENCH_Text-536,MedAgentsBench,Complex,0.3644,0.0,0.0,0.0,0,0,0,solo,solo,group-3,812,812,4073
MAGBENCH_Text-550,MedAgentsBench,Moderate,0.3184,0.0,0.0,0.0,0,0,0,solo,solo,group-3,859,859,4140
MAGBENCH_Text-551,MedAgentsBench,Moderate,0.1917,1.5924,1.5924,0.2694,1,1,1,solo,solo,group-3,628,628,3712
MAGBENCH_Text-554,MedAgentsBench,Complex,0.4057,0.4517,1.2771,0.2448,1,1,1,group-2,solo,group-3,2214,783,4085
MAGBENCH_Text-556,MedAgentsBench,Moderate,0.233,1.4245,1.4245,0.2598,1,1,1,solo,solo,group-3,702,702,3849
MAGBENCH_Text-557,MedAgentsBench,Moderate,0.2757,0.0,0.0,0.0,0,0,0,solo,solo,group-3,627,627,3638
MAGBENCH_Text-571,MedAgentsBench,Complex,0.419,0.0,0.0,0.0,0,0,0,group-2,solo,group-3,2255,685,4152
MAGBENCH_Text-572,MedAgentsBench,Complex,0.379,1.2821,1.2821,0.0,1,1,0,solo,solo,group-3,780,780,4191
MAGBENCH_Text-574,MedAgentsBench,Moderate,0.3277,0.0,0.0,0.0,0,0,0,solo,solo,group-3,915,915,4236
MAGBENCH_Text-575,MedAgentsBench,Complex,0.3957,0.0,0.0,0.0,0,0,0,solo,solo,group-3,789,789,4151
MAGBENCH_Text-576,MedAgentsBench,Moderate,0.3417,1.4514,1.4514,0.2514,1,1,1,solo,solo,group-3,689,689,3978
MAGBENCH_Text-577,MedAgentsBench,Complex,0.4064,0.0,0.0,0.0,0,0,0,group-2,solo,group-3,2140,734,3908
MAGBENCH_Text-585,MedAgentsBench,Complex,0.419,0.0,1.1682,0.2223,0,1,1,group-2,solo,group-3,2516,856,4498
MAGBENCH_Text-592,MedAgentsBench,Moderate,0.2597,0.0,0.0,0.0,0,0,0,solo,solo,group-3,562,562,3418
MAGBENCH_Text-595,MedAgentsBench,Complex,0.419,0.4323,0.0,0.0,1,0,0,group-2,solo,group-3,2313,738,4213
MAGBENCH_Text-599,MedAgentsBench,Moderate,0.241,1.7153,1.7153,0.2592,1,1,1,solo,solo,group-3,583,583,3858
MAGBENCH_Text-601,MedAgentsBench,Complex,0.4857,0.0,0.0,0.0,0,0,0,group-2,solo,group-3,3075,1277,5382
MAGBENCH_Text-603,MedAgentsBench,Complex,0.3917,1.5129,1.5129,0.2461,1,1,1,solo,solo,group-3,661,661,4063
MAGBENCH_Text-604,MedAgentsBench,Complex,0.4397,0.0,0.0,0.0,0,0,0,group-2,solo,group-3,2320,837,4249
MAGBENCH_Text-605,MedAgentsBench,Complex,0.365,1.4144,1.4144,0.2511,1,1,1,solo,solo,group-3,707,707,3982
MAGBENCH_Text-606,MedAgentsBench,Simple,0.0897,0.0,0.0,0.0,0,0,0,solo,solo,group-3,340,340,2397
MAGBENCH_Text-607,MedAgentsBench,Complex,0.3737,0.0,0.0,0.2515,0,0,1,solo,solo,group-3,690,690,3976
MAGBENCH_Text-61,MedAgentsBench,Moderate,0.1137,1.8904,1.8904,0.3408,1,1,1,solo,solo,group-3,529,529,2934
MAGBENCH_Text-614,MedAgentsBench,Moderate,0.163,1.7452,1.7452,0.0,1,1,0,solo,solo,group-3,573,573,3646
MAGBENCH_Text-617,MedAgentsBench,Complex,0.4324,0.0,0.0,0.0,0,0,0,group-2,solo,group-3,2597,981,4665
MAGBENCH_Text-618,MedAgentsBench,Complex,0.3704,0.0,0.0,0.0,0,0,0,solo,solo,group-3,651,651,3652
MAGBENCH_Text-624,MedAgentsBench,Moderate,0.2104,1.5152,1.5152,0.0,1,1,0,solo,solo,group-3,660,660,3765
MAGBENCH_Text-625,MedAgentsBench,Moderate,0.1884,1.7036,1.7036,0.2672,1,1,1,solo,solo,group-3,587,587,3743
MAGBENCH_Text-631,MedAgentsBench,Moderate,0.247,0.0,0.0,0.0,0,0,0,solo,solo,group-3,630,630,3616
MAGBENCH_Text-632,MedAgentsBench,Complex,0.4057,0.0,1.4535,0.0,0,1,0,group-2,solo,group-3,2056,688,3818
MAGBENCH_Text-636,MedAgentsBench,Moderate,0.257,0.0,0.0,0.0,0,0,0,solo,solo,group-3,724,724,3433
MAGBENCH_Text-640,MedAgentsBench,Moderate,0.2344,1.4881,1.4881,0.2628,1,1,1,solo,solo,group-3,672,672,3805
MAGBENCH_Text-641,MedAgentsBench,Moderate,0.3157,0.0,0.0,0.0,0,0,0,solo,solo,group-3,650,650,3986
MAGBENCH_Text-644,MedAgentsBench,Moderate,0.321,1.2658,1.2658,0.2594,1,1,1,solo,solo,group-3,790,790,3855
MAGBENCH_Text-646,MedAgentsBench,Complex,0.459,0.4554,0.0,0.0,1,0,0,group-2,solo,group-3,2196,825,3984
MAGBENCH_Text-650,MedAgentsBench,Moderate,0.1397,0.0,0.0,0.3122,0,0,1,solo,solo,group-3,446,446,3203
MAGBENCH_Text-651,MedAgentsBench,Moderate,0.2597,0.0,0.0,0.0,0,0,0,solo,solo,group-3,605,605,3478
MAGBENCH_Text-654,MedAgentsBench,Complex,0.369,0.0,0.0,0.0,0,0,0,solo,solo,group-3,880,880,4458
MAGBENCH_Text-658,MedAgentsBench,Moderate,0.3357,1.4577,1.4577,0.2469,1,1,1,solo,solo,group-3,686,686,4050
MAGBENCH_Text-659,MedAgentsBench,Moderate,0.269,1.7953,1.7953,0.3183,1,1,1,solo,solo,group-3,557,557,3142
MAGBENCH_Text-662,MedAgentsBench,Moderate,0.2617,2.457,2.457,0.3304,1,1,1,solo,solo,group-3,407,407,3027
MAGBENCH_Text-667,MedAgentsBench,Moderate,0.1777,0.0,0.0,0.2775,0,0,1,solo,solo,group-3,537,537,3603
MAGBENCH_Text-671,MedAgentsBench,Complex,0.3724,1.2821,1.2821,0.2473,1,1,1,solo,solo,group-3,780,780,4043
MAGBENCH_Text-673,MedAgentsBench,Moderate,0.299,1.3405,1.3405,0.261,1,1,1,solo,solo,group-3,746,746,3832
MAGBENCH_Text-676,MedAgentsBench,Moderate,0.2377,1.269,1.269,0.2478,1,1,1,solo,solo,group-3,788,788,4035
MAGBENCH_Text-677,MedAgentsBench,Complex,0.367,0.0,0.0,0.0,0,0,0,solo,solo,group-3,823,823,3999
MAGBENCH_Text-681,MedAgentsBench,Complex,0.4457,0.0,0.0,0.0,0,0,0,group-2,solo,group-3,2523,976,4554
MAGBENCH_Text-684,MedAgentsBench,Moderate,0.3137,0.0,0.0,0.0,0,0,0,solo,solo,group-3,684,684,3986
MAGBENCH_Text-690,MedAgentsBench,Complex,0.4017,0.3939,1.0638,0.0,1,1,0,group-2,solo,group-3,2539,940,4578
MAGBENCH_Text-692,MedAgentsBench,Moderate,0.3504,1.3928,1.3928,0.2475,1,1,1,solo,solo,group-3,718,718,4040
MAGBENCH_Text-696,MedAgentsBench,Moderate,0.347,1.5674,1.5674,0.2676,1,1,1,solo,solo,group-3,638,638,3737
MAGBENCH_Text-697,MedAgentsBench,Complex,0.4057,0.0,0.9416,0.0,0,1,0,group-2,solo,group-3,2645,1062,4737
MAGBENCH_Text-700,MedAgentsBench,Complex,0.3944,0.0,0.0,0.0,0,0,0,solo,solo,group-3,813,813,4332
MAGBENCH_Text-707,MedAgentsBench,Moderate,0.2877,0.0,0.0,0.0,0,0,0,solo,solo,group-3,686,686,3635
MAGBENCH_Text-708,MedAgentsBench,Moderate,0.1677,1.7668,1.7668,0.0,1,1,0,solo,solo,group-3,566,566,3528
MAGBENCH_Text-71,MedAgentsBench,Moderate,0.3197,0.0,0.0,0.0,0,0,0,solo,solo,group-3,785,785,4200
MAGBENCH_Text-712,MedAgentsBench,Complex,0.4457,0.0,0.0,0.0,0,0,0,group-2,solo,group-3,2999,1122,5268
MAGBENCH_Text-716,MedAgentsBench,Simple,0.0917,2.3256,2.3256,0.3339,1,1,1,solo,solo,group-3,430,430,2995
MAGBENCH_Text-725,MedAgentsBench,Moderate,0.1937,2.0,2.0,0.0,1,1,0,solo,solo,group-3,500,500,2923
MAGBENCH_Text-731,MedAgentsBench,Moderate,0.1477,1.7331,1.7331,0.0,1,1,0,solo,solo,group-3,577,577,2880
MAGBENCH_Text-735,MedAgentsBench,Complex,0.3864,0.0,0.0,0.2484,0,0,1,solo,solo,group-3,826,826,4026
MAGBENCH_Text-736,MedAgentsBench,Moderate,0.1477,2.3095,2.3095,0.2969,1,1,1,solo,solo,group-3,433,433,3368
MAGBENCH_Text-741,MedAgentsBench,Moderate,0.2544,0.0,0.0,0.0,0,0,0,solo,solo,group-3,527,527,3628
MAGBENCH_Text-743,MedAgentsBench,Moderate,0.2617,1.4472,1.4472,0.2643,1,1,1,solo,solo,group-3,691,691,3783
MAGBENCH_Text-744,MedAgentsBench,Moderate,0.2264,0.0,0.0,0.0,0,0,0,solo,solo,group-3,544,544,3411
MAGBENCH_Text-747,MedAgentsBench,Moderate,0.3337,1.3459,1.3459,0.2434,1,1,1,solo,solo,group-3,743,743,4108
MAGBENCH_Text-750,MedAgentsBench,Complex,0.367,1.328,1.328,0.2419,1,1,1,solo,solo,group-3,753,753,4134
MAGBENCH_Text-753,MedAgentsBench,Moderate,0.3084,0.0,0.0,0.0,0,0,0,solo,solo,group-3,734,734,4118
MAGBENCH_Text-76,MedAgentsBench,Moderate,0.1397,1.642,1.642,0.29,1,1,1,solo,solo,group-3,609,609,3448
MAGBENCH_Text-760,MedAgentsBench,Complex,0.385,0.0,0.0,0.0,0,0,0,solo,solo,group-3,698,698,4097
MAGBENCH_Text-761,MedAgentsBench,Complex,0.4724,0.3604,1.0183,0.2072,1,1,1,group-2,solo,group-3,2775,982,4826
MAGBENCH_Text-764,MedAgentsBench,Moderate,0.3057,1.2034,1.2034,0.0,1,1,0,solo,solo,group-3,831,831,4009
MAGBENCH_Text-766,MedAgentsBench,Complex,0.3984,0.0,0.0,0.0,0,0,0,solo,solo,group-3,765,765,4322
MAGBENCH_Text-768,MedAgentsBench,Moderate,0.2277,1.9342,1.9342,0.2926,1,1,1,solo,solo,group-3,517,517,3418
MAGBENCH_Text-769,MedAgentsBench,Complex,0.419,0.0,0.0,0.0,0,0,0,group-2,solo,group-3,2717,971,4796
MAGBENCH_Text-775,MedAgentsBench,Moderate,0.2157,2.2222,2.2222,0.0,1,1,0,solo,solo,group-3,450,450,3555
MAGBENCH_Text-778,MedAgentsBench,Complex,0.387,1.3441,1.3441,0.0,1,1,0,solo,solo,group-3,744,744,3891
MAGBENCH_Text-781,MedAgentsBench,Complex,0.3904,1.1364,1.1364,0.2394,1,1,1,solo,solo,group-3,880,880,4177
MAGBENCH_Text-782,MedAgentsBench,Complex,0.419,0.4165,1.2642,0.2287,1,1,1,group-2,solo,group-3,2401,791,4372
MAGBENCH_Text-788,MedAgentsBench,Complex,0.419,0.4195,1.1364,0.2302,1,1,1,group-2,solo,group-3,2384,880,4344
MAGBENCH_Text-792,MedAgentsBench,Complex,0.4057,0.4511,0.0,0.2442,1,0,1,group-2,solo,group-3,2217,692,4095
MAGBENCH_Text-793,MedAgentsBench,Complex,0.3797,0.0,0.0,0.0,0,0,0,solo,solo,group-3,752,752,3975
MAGBENCH_Text-795,MedAgentsBench,Complex,0.367,1.2642,1.2642,0.2391,1,1,1,solo,solo,group-3,791,791,4182
MAGBENCH_Text-798,MedAgentsBench,Complex,0.419,0.0,0.0,0.0,0,0,0,group-2,solo,group-3,2200,785,4003
MAGBENCH_Text-799,MedAgentsBench,Complex,0.3977,1.2853,1.2853,0.2447,1,1,1,solo,solo,group-3,778,778,4086
MAGBENCH_Text-802,MedAgentsBench,Moderate,0.1797,1.6639,1.6639,0.0,1,1,0,solo,solo,group-3,601,601,3430
MAGBENCH_Text-806,MedAgentsBench,Complex,0.4057,0.0,0.0,0.0,0,0,0,group-2,solo,group-3,2625,991,4707
MAGBENCH_Text-810,MedAgentsBench,Complex,0.3717,0.0,0.0,0.2338,0,0,1,solo,solo,group-3,863,863,4278
MAGBENCH_Text-814,MedAgentsBench,Moderate,0.339,0.0,0.0,0.0,0,0,0,solo,solo,group-3,693,693,3962
MAGBENCH_Text-816,MedAgentsBench,Complex,0.4057,0.0,1.1198,0.0,0,1,0,group-2,solo,group-3,2319,893,4243
MAGBENCH_Text-817,MedAgentsBench,Moderate,0.2457,1.4663,1.4663,0.2588,1,1,1,solo,solo,group-3,682,682,3864
MAGBENCH_Text-82,MedAgentsBench,Moderate,0.1397,0.0,0.0,0.0,0,0,0,solo,solo,group-3,619,619,3679
MAGBENCH_Text-827,MedAgentsBench,Complex,0.4117,0.0,0.0,0.0,0,0,0,group-2,solo,group-3,2162,757,3934
MAGBENCH_Text-828,MedAgentsBench,Simple,0.0977,2.0492,2.0492,0.3017,1,1,1,solo,solo,group-3,488,488,3315
MAGBENCH_Text-829,MedAgentsBench,Moderate,0.2837,1.171,1.171,0.2412,1,1,1,solo,solo,group-3,854,854,4146
MAGBENCH_Text-83,MedAgentsBench,Moderate,0.299,0.0,0.0,0.2597,0,0,1,solo,solo,group-3,795,795,3850
MAGBENCH_Text-836,MedAgentsBench,Moderate,0.1677,0.0,0.0,0.0,0,0,0,solo,solo,group-3,630,630,3291
MAGBENCH_Text-838,MedAgentsBench,Moderate,0.3437,0.0,0.0,0.0,0,0,0,solo,solo,group-3,697,697,4089
MAGBENCH_Text-839,MedAgentsBench,Complex,0.4057,0.0,0.0,0.0,0,0,0,group-2,solo,group-3,2322,696,4252
MAGBENCH_Text-842,MedAgentsBench,Complex,0.4057,0.0,0.0,0.0,0,0,0,group-2,solo,group-3,2190,698,3876
MAGBENCH_Text-849,MedAgentsBench,Moderate,0.1917,1.385,1.385,0.0,1,1,0,solo,solo,group-3,722,722,3681
MAGBENCH_Text-850,MedAgentsBench,Moderate,0.3197,1.1468,1.1468,0.226,1,1,1,solo,solo,group-3,872,872,4425
MAGBENCH_Text-851,MedAgentsBench,Moderate,0.1717,1.3405,1.3405,0.2658,1,1,1,solo,solo,group-3,746,746,3762
MAGBENCH_Text-852,MedAgentsBench,Complex,0.419,0.0,0.0,0.0,0,0,0,group-2,solo,group-3,2345,825,4287
MAGBENCH_Text-856,MedAgentsBench,Moderate,0.3524,1.5106,1.5106,0.2627,1,1,1,solo,solo,group-3,662,662,3807
MAGBENCH_Text-86,MedAgentsBench,Complex,0.4324,0.0,0.7981,0.0,0,1,0,group-2,solo,group-3,3049,1253,5343
MAGBENCH_Text-860,MedAgentsBench,Complex,0.387,1.23,1.23,0.2394,1,1,1,solo,solo,group-3,813,813,4177
MAGBENCH_Text-866,MedAgentsBench,Moderate,0.317,0.0,0.0,0.2919,0,0,1,solo,solo,group-3,563,563,3426
MAGBENCH_Text-87,MedAgentsBench,Moderate,0.247,0.0,0.0,0.0,0,0,0,solo,solo,group-3,661,661,3882
MAGBENCH_Text-871,MedAgentsBench,Moderate,0.3424,1.6835,1.6835,0.2724,1,1,1,solo,solo,group-3,594,594,3671
MAGBENCH_Text-878,MedAgentsBench,Moderate,0.3284,1.4881,1.4881,0.2475,1,1,1,solo,solo,group-3,672,672,4041
MAGBENCH_Text-879,MedAgentsBench,Complex,0.365,0.0,0.0,0.2349,0,0,1,solo,solo,group-3,809,809,4258
MAGBENCH_Text-885,MedAgentsBench,Complex,0.3984,0.0,0.0,0.2334,0,0,1,solo,solo,group-3,911,911,4284
MAGBENCH_Text-89,MedAgentsBench,Moderate,0.303,0.0,0.0,0.0,0,0,0,solo,solo,group-3,715,715,4067
MAGBENCH_Text-894,MedAgentsBench,Complex,0.419,0.0,0.0,0.0,0,0,0,group-2,solo,group-3,3129,1250,5462
MAGBENCH_Text-896,MedAgentsBench,Complex,0.4457,0.0,0.0,0.0,0,0,0,group-2,solo,group-3,2587,971,4602
MAGBENCH_Text-898,MedAgentsBench,Complex,0.3884,1.4184,1.4184,0.2465,1,1,1,solo,solo,group-3,705,705,4056
MAGBENCH_Text-908,MedAgentsBench,Complex,0.3944,1.199,1.199,0.2508,1,1,1,solo,solo,group-3,834,834,3988
MAGBENCH_Text-91,MedAgentsBench,Complex,0.459,0.4193,1.139,0.2328,1,1,1,group-2,solo,group-3,2385,878,4296
MAGBENCH_Text-911,MedAgentsBench,Moderate,0.3277,1.2392,1.2392,0.0,1,1,0,solo,solo,group-3,807,807,4085
MAGBENCH_Text-918,MedAgentsBench,Moderate,0.2517,1.5823,1.5823,0.268,1,1,1,solo,solo,group-3,632,632,3732
MAGBENCH_Text-927,MedAgentsBench,Complex,0.4057,0.0,1.2674,0.2444,0,1,1,group-2,solo,group-3,2290,789,4091
MAGBENCH_Text-93,MedAgentsBench,Complex,0.359,1.292,1.292,0.0,1,1,0,solo,solo,group-3,774,774,4042
MAGBENCH_Text-930,MedAgentsBench,Complex,0.4017,0.0,1.506,0.2442,0,1,1,group-2,solo,group-3,2217,664,4095
MAGBENCH_Text-934,MedAgentsBench,Complex,0.3597,0.0,0.0,0.0,0,0,0,solo,solo,group-3,743,743,4152
MAGBENCH_Text-935,MedAgentsBench,Moderate,0.351,0.0,0.0,0.2577,0,0,1,solo,solo,group-3,663,663,3881
MAGBENCH_Text-938,MedAgentsBench,Moderate,0.1157,1.8657,1.8657,0.0,1,1,0,solo,solo,group-3,536,536,3228
MAGBENCH_Text-941,MedAgentsBench,Moderate,0.213,0.0,0.0,0.0,0,0,0,solo,solo,group-3,604,604,3824
MAGBENCH_Text-942,MedAgentsBench,Complex,0.419,0.4083,1.1669,0.2251,1,1,1,group-2,solo,group-3,2449,857,4443
MAGBENCH_Text-943,MedAgentsBench,Moderate,0.1357,0.0,0.0,0.0,0,0,0,solo,solo,group-3,522,522,3303
MAGBENCH_Text-944,MedAgentsBench,Moderate,0.341,1.7606,1.7606,0.2927,1,1,1,solo,solo,group-3,568,568,3417
MAGBENCH_Text-948,MedAgentsBench,Moderate,0.2957,0.0,0.0,0.2549,0,0,1,solo,solo,group-3,565,565,3923
MAGBENCH_Text-951,MedAgentsBench,Complex,0.417,0.0,0.0,0.0,0,0,0,group-2,solo,group-3,2405,840,4377
MAGBENCH_Text-953,MedAgentsBench,Moderate,0.2664,0.0,0.0,0.0,0,0,0,solo,solo,group-3,518,518,3260
MAGBENCH_Text-956,MedAgentsBench,Moderate,0.269,1.506,1.506,0.0,1,1,0,solo,solo,group-3,664,664,3797
MAGBENCH_Text-957,MedAgentsBench,Moderate,0.1357,0.0,0.0,0.3105,0,0,1,solo,solo,group-3,506,506,3221
MAGBENCH_Text-961,MedAgentsBench,Complex,0.4057,0.0,1.1947,0.2405,0,1,1,group-2,solo,group-3,2304,837,4158
MAGBENCH_Text-967,MedAgentsBench,Complex,0.4337,0.0,0.0,0.0,0,0,0,group-2,solo,group-3,2337,894,4275
MAGBENCH_Text-970,MedAgentsBench,Complex,0.3604,1.2937,1.2937,0.2444,1,1,1,solo,solo,group-3,773,773,4092
MAGBENCH_Text-972,MedAgentsBench,Moderate,0.1017,0.0,0.0,0.0,0,0,0,solo,solo,group-3,328,328,2780
MAGBENCH_Text-975,MedAgentsBench,Moderate,0.305,1.6313,1.6313,0.2828,1,1,1,solo,solo,group-3,613,613,3536
MAGBENCH_Text-976,MedAgentsBench,Simple,0.0877,2.451,2.451,0.3173,1,1,1,solo,solo,group-3,408,408,3152
MAGBENCH_Text-977,MedAgentsBench,Moderate,0.267,0.0,0.0,0.2576,0,0,1,solo,solo,group-3,754,754,3882
MAGBENCH_Text-978,MedAgentsBench,Moderate,0.233,0.0,0.0,0.0,0,0,0,solo,solo,group-3,574,574,3581
MAGBENCH_Text-979,MedAgentsBench,Complex,0.419,0.0,0.0,0.0,0,0,0,group-2,solo,group-3,2261,806,4161
MAGBENCH_Text-982,MedAgentsBench,Complex,0.4324,0.3833,1.003,0.2135,1,1,1,group-2,solo,group-3,2609,997,4683
MAGBENCH_Text-986,MedAgentsBench,Moderate,0.2677,0.0,0.0,0.0,0,0,0,solo,solo,group-3,687,687,3613
MAGBENCH_Text-988,MedAgentsBench,Moderate,0.3204,0.0,0.0,0.0,0,0,0,solo,solo,group-3,691,691,4002
MAGBENCH_Text-992,MedAgentsBench,Complex,0.459,0.0,1.321,0.0,0,1,0,group-2,solo,group-3,2294,757,4209
MAGBENCH_Text-993,MedAgentsBench,Moderate,0.241,1.6367,1.6367,0.274,1,1,1,solo,solo,group-3,611,611,3649
MAGBENCH_Text-996,MedAgentsBench,Complex,0.419,0.0,0.0,0.0,0,0,0,group-2,solo,group-3,2611,926,4686
MAGBENCH_Text-998,MedAgentsBench,Complex,0.419,0.0,1.1628,0.0,0,1,0,group-2,solo,group-3,2304,860,4226
MAGBENCH_a01034cd-7b51-4717-ba9f-51476e477ff7,MedAgentsBench,Simple,0.0337,0.0,0.0,0.0,0,0,0,solo,solo,group-3,192,192,2614
MAGBENCH_a04c4de3-ed44-43ac-8771-4ea6743009f0,MedAgentsBench,Moderate,0.1357,2.0161,2.0161,0.3268,1,1,1,solo,solo,group-3,496,496,3060
MAGBENCH_a0f45cea-4081-4953-943a-04c0b89c02b7,MedAgentsBench,Simple,0.0477,0.0,0.0,0.0,0,0,0,solo,solo,group-3,340,340,3159
MAGBENCH_a1111432-f1c4-4e04-b61b-449b435e99ad,MedAgentsBench,Simple,0.0577,3.861,3.861,0.0,1,1,0,solo,solo,group-3,259,259,2790
MAGBENCH_a115b765-ec7a-4e63-abac-50516a65b46a,MedAgentsBench,Simple,0.0737,2.7855,2.7855,0.331,1,1,1,solo,solo,group-3,359,359,3021
MAGBENCH_a1546ddd-5e66-42f2-897f-90fce5601b72,MedAgentsBench,Simple,0.0417,0.0,0.0,0.0,0,0,0,solo,solo,group-3,366,366,3000
MAGBENCH_a1bea2c7-217e-4240-a208-541618437eec,MedAgentsBench,Simple,0.0217,0.0,0.0,0.0,0,0,0,solo,solo,group-3,248,248,2853
MAGBENCH_a1ce62e7-bc2f-4bd3-96b3-610e839b227b,MedAgentsBench,Simple,0.0277,4.8544,4.8544,0.3467,1,1,1,solo,solo,group-3,206,206,2884
MAGBENCH_a1fa0704-7aab-4226-990d-5790d34c5d27,MedAgentsBench,Simple,0.0177,0.0,0.0,0.0,0,0,0,solo,solo,group-3,256,256,2813
MAGBENCH_a2c69e1b-2b47-4fdb-9eca-12d2338f7d8f,MedAgentsBench,Simple,0.0397,0.0,0.0,0.0,0,0,0,solo,solo,group-3,438,438,2955
MAGBENCH_a318b5cf-a25d-4860-878c-e1d0295fa46f,MedAgentsBench,Moderate,0.185,0.0,0.0,0.2854,0,0,1,solo,solo,group-3,521,521,3504
MAGBENCH_a31fa037-1f22-44a4-8d07-6457c439b685,MedAgentsBench,Simple,0.0677,0.0,0.0,0.0,0,0,0,solo,solo,group-3,359,359,3273
MAGBENCH_a35fecfa-0c54-497b-957c-58da96b3716a,MedAgentsBench,Simple,0.0297,0.0,0.0,0.0,0,0,0,solo,solo,group-3,157,157,2586
MAGBENCH_a385924e2f19be5163b9588bcb4469e9f2669550ffe628b3ac8d7c353d067b45,MedAgentsBench,Simple,0.0397,3.3113,3.3113,0.3812,1,1,1,solo,solo,group-3,302,302,2623
MAGBENCH_a42b0e53-041f-4bcc-b415-83f7d7ff89a1,MedAgentsBench,Simple,0.0257,4.3478,4.3478,0.4129,1,1,1,solo,solo,group-3,230,230,2422
MAGBENCH_a456bf4d-1f3e-42a4-8976-b1b81ff466ee,MedAgentsBench,Simple,0.0477,0.0,0.0,0.0,0,0,0,solo,solo,group-3,251,251,2281
MAGBENCH_a4d559cf-a0bb-4eab-9cd6-023fceb916ad,MedAgentsBench,Simple,0.0217,0.0,0.0,0.0,0,0,0,solo,solo,group-3,310,310,2592
MAGBENCH_a4e71725-0ed0-4088-bec3-6cfc37490df4,MedAgentsBench,Simple,0.0177,5.4645,5.4645,0.4112,1,1,1,solo,solo,group-3,183,183,2432
MAGBENCH_a5b0d222-214a-4d53-9dda-e37cf9f4d3f4,MedAgentsBench,Simple,0.0717,0.0,0.0,0.0,0,0,0,solo,solo,group-3,359,359,2982
MAGBENCH_a6f9c0c6-3b93-436b-89ea-3c2217313d75,MedAgentsBench,Simple,0.0357,3.1153,3.1153,0.405,1,1,1,solo,solo,group-3,321,321,2469
MAGBENCH_a7a74ef5-0ff4-474c-b160-bd1c4fa24434,MedAgentsBench,Simple,0.0177,0.0,0.0,0.3369,0,0,1,solo,solo,group-3,312,312,2968
MAGBENCH_a8a11df7-227b-4010-9298-061ea082634d,MedAgentsBench,Simple,0.0257,0.0,0.0,0.0,0,0,0,solo,solo,group-3,196,196,2816
MAGBENCH_aa1f0b19-488f-475f-b792-397b41536ca7,MedAgentsBench,Simple,0.0297,0.0,0.0,0.0,0,0,0,solo,solo,group-3,277,277,2548
MAGBENCH_aa23e05a-7e73-494b-bc8d-6331b060a964,MedAgentsBench,Simple,0.0297,0.0,0.0,0.0,0,0,0,solo,solo,group-3,341,341,2333
MAGBENCH_aa4176f5-8b14-4c05-ae4d-48e6094afbb2,MedAgentsBench,Simple,0.0177,0.0,0.0,0.4168,0,0,1,solo,solo,group-3,183,183,2399
MAGBENCH_aa654bb2-617b-4216-af79-a578a513ca7b,MedAgentsBench,Simple,0.039,0.0,0.0,0.3784,0,0,1,solo,solo,group-3,176,176,2643
MAGBENCH_aac3f7a9-9821-4f19-a131-0f6661d13562,MedAgentsBench,Simple,0.0177,0.0,0.0,0.0,0,0,0,solo,solo,group-3,117,117,2643
MAGBENCH_ab0d7b68-3f9b-4879-b13f-09f33ede7424,MedAgentsBench,Simple,0.0217,0.0,0.0,0.0,0,0,0,solo,solo,group-3,336,336,2614
MAGBENCH_ab2b5e379dcdd06bdc5be2ae754e0803a9199e94c881521258114215e16337b7,MedAgentsBench,Simple,0.0297,0.0,0.0,0.0,0,0,0,solo,solo,group-3,247,247,2246
MAGBENCH_ab34e961-f641-4c92-9324-06da16cc52ef,MedAgentsBench,Simple,0.0217,0.0,0.0,0.0,0,0,0,solo,solo,group-3,288,288,3150
MAGBENCH_ab9b2188-4674-4115-9415-f6c1666f32c0,MedAgentsBench,Simple,0.0137,0.0,0.0,0.0,0,0,0,solo,solo,group-3,280,280,2766
MAGBENCH_abd507d7-232c-46cb-8605-cb573b86ee2b,MedAgentsBench,Simple,0.0237,0.0,0.0,0.0,0,0,0,solo,solo,group-3,223,223,2322
MAGBENCH_abe0ec0b-3b93-4151-b93a-3ce5e4f29328,MedAgentsBench,Simple,0.0217,0.0,0.0,0.0,0,0,0,solo,solo,group-3,142,142,2880
MAGBENCH_abed431b-5d40-4df7-9f7b-4088185b5728,MedAgentsBench,Simple,0.0157,0.0,0.0,0.0,0,0,0,solo,solo,group-3,161,161,2788
MAGBENCH_ac1196e0-224c-4c6c-a6b8-2853a776ade6,MedAgentsBench,Simple,0.0257,0.0,0.0,0.0,0,0,0,solo,solo,group-3,202,202,1832
MAGBENCH_ac195c22-e47e-49f9-87d5-87b26416ea05,MedAgentsBench,Simple,0.0577,2.7778,2.7778,0.3304,1,1,1,solo,solo,group-3,360,360,3027
MAGBENCH_ac6be140-880b-40c6-9855-01f30c8dd7b2,MedAgentsBench,Simple,0.0477,0.0,0.0,0.0,0,0,0,solo,solo,group-3,272,272,2595
MAGBENCH_ad581666-9c58-4d4a-a9df-8c4743715a53,MedAgentsBench,Simple,0.0357,0.0,0.0,0.4769,0,0,1,solo,solo,group-3,194,194,2097
MAGBENCH_ae3aa91a-4bfb-42a5-b8f6-7f8217e18fb0,MedAgentsBench,Simple,0.0517,0.0,0.0,0.408,0,0,1,solo,solo,group-3,267,267,2451
MAGBENCH_ae962062-af3e-4fcb-a952-a71b7a3c726d,MedAgentsBench,Simple,0.0257,0.0,0.0,0.0,0,0,0,solo,solo,group-3,233,233,2787
MAGBENCH_af75fc76-911b-48da-9ca0-75a8c912c18b,MedAgentsBench,Simple,0.0157,0.0,0.0,0.0,0,0,0,solo,solo,group-3,196,196,2119
MAGBENCH_af82f88f-21e6-4877-a69a-e4a476697bed,MedAgentsBench,Simple,0.0217,0.0,0.0,0.0,0,0,0,solo,solo,group-3,263,263,2639
MAGBENCH_afb560a9-453f-43f9-b0d8-8e54519d46a6,MedAgentsBench,Simple,0.0217,5.7143,5.7143,0.3785,1,1,1,solo,solo,group-3,175,175,2642
MAGBENCH_afd502ff-b700-4ecf-acec-f849331dd1ed,MedAgentsBench,Simple,0.0317,0.0,0.0,0.0,0,0,0,solo,solo,group-3,364,364,2504
MAGBENCH_b03d869bce05b93d6e6546fa84966ab841a1ecb65a4b16168d8dc7de36c35937,MedAgentsBench,Simple,0.0137,0.0,0.0,0.0,0,0,0,solo,solo,group-3,194,194,2676
MAGBENCH_b057a579-865e-4b5d-bd32-c859e19078c6,MedAgentsBench,Simple,0.0137,5.9524,5.9524,0.3897,1,1,1,solo,solo,group-3,168,168,2566
MAGBENCH_b0b54bca-bd14-47e5-ac75-b6fa6469ff65,MedAgentsBench,Simple,0.0257,5.4645,5.4645,0.3932,1,1,1,solo,solo,group-3,183,183,2543
MAGBENCH_b0b7042b-be4c-42ad-8507-897cb8e6efd6,MedAgentsBench,Simple,0.0197,8.6957,8.6957,0.3987,1,1,1,solo,solo,group-3,115,115,2508
MAGBENCH_b0d97337-7157-40c6-984d-87e24959fa80,MedAgentsBench,Simple,0.0597,0.0,0.0,0.4454,0,0,1,solo,solo,group-3,218,218,2245
MAGBENCH_b0db4fac-bf20-4a54-8efa-0ff926e03a9b,MedAgentsBench,Simple,0.0197,4.9261,4.9261,0.3992,1,1,1,solo,solo,group-3,203,203,2505
MAGBENCH_b0f5d8eb-eda4-48a2-ad59-d158d8132c16,MedAgentsBench,Moderate,0.105,0.0,0.0,0.0,0,0,0,solo,solo,group-3,312,312,3102
MAGBENCH_b1cb5022-7ebd-41b5-808c-c969958bfb62,MedAgentsBench,Simple,0.0477,4.1841,4.1841,0.0,1,1,0,solo,solo,group-3,239,239,2667
MAGBENCH_b31e3c42-29b5-4773-aec7-c8e8c7c9e444,MedAgentsBench,Simple,0.0217,0.0,0.0,0.0,0,0,0,solo,solo,group-3,154,154,2393
MAGBENCH_b3278b6a-2f6e-4a05-87c1-18772ca70c83,MedAgentsBench,Simple,0.087,2.6954,2.6954,0.3307,1,1,1,solo,solo,group-3,371,371,3024
MAGBENCH_b32bfca8-6485-4558-a470-b5cc8c213072,MedAgentsBench,Moderate,0.1477,0.0,0.0,0.0,0,0,0,solo,solo,group-3,503,503,3363
MAGBENCH_b478535e-7c19-45f4-9041-357628a77e73,MedAgentsBench,Simple,0.0197,0.0,0.0,0.0,0,0,0,solo,solo,group-3,211,211,3227
MAGBENCH_b4eb3c97-408a-4f77-84df-620c3a02ebae,MedAgentsBench,Simple,0.0137,0.0,0.0,0.0,0,0,0,solo,solo,group-3,228,228,2591
MAGBENCH_b5135682-e700-4fda-a6b2-39b289c3cc41,MedAgentsBench,Simple,0.0577,0.0,0.0,0.0,0,0,0,solo,solo,group-3,262,262,2412
MAGBENCH_b55cdaad-1107-4491-b7dc-64a2a939838b,MedAgentsBench,Simple,0.0317,0.0,0.0,0.0,0,0,0,solo,solo,group-3,260,260,2368
MAGBENCH_b5d6f664-7734-48e9-8a58-0966937fe271,MedAgentsBench,Simple,0.0257,0.0,0.0,0.3973,0,0,1,solo,solo,group-3,121,121,2517
MAGBENCH_b64edf88-505f-4eed-a95c-0bb506eaddf1,MedAgentsBench,Simple,0.0497,0.0,0.0,0.0,0,0,0,solo,solo,group-3,346,346,3065
MAGBENCH_b6662113-6b69-40b4-934f-2f69c1c760d6,MedAgentsBench,Simple,0.0237,0.0,0.0,0.3546,0,0,1,solo,solo,group-3,377,377,2820
MAGBENCH_b687604e-5145-4aa3-ba07-56c624e501ec,MedAgentsBench,Simple,0.0437,0.0,0.0,0.0,0,0,0,solo,solo,group-3,147,147,2599
MAGBENCH_b69b1f70-e671-41d6-9f11-a788d34498db,MedAgentsBench,Simple,0.0237,0.0,0.0,0.0,0,0,0,solo,solo,group-3,298,298,2526
MAGBENCH_b7021f6a-0299-49df-a478-009fe45c5d92,MedAgentsBench,Simple,0.0277,0.0,0.0,0.0,0,0,0,solo,solo,group-3,200,200,2467
MAGBENCH_b7899c5a-8bd2-4a87-8082-0ad7980f3886,MedAgentsBench,Simple,0.0197,0.0,0.0,0.0,0,0,0,solo,solo,group-3,347,347,2285
MAGBENCH_b78e3c97-dc54-4c08-9b4e-b38187a48cf8,MedAgentsBench,Simple,0.0177,3.5211,3.5211,0.3398,1,1,1,solo,solo,group-3,284,284,2943
MAGBENCH_b7a4a79f-e53f-42d8-bba2-3bef01840d17,MedAgentsBench,Simple,0.0137,0.0,0.0,0.0,0,0,0,solo,solo,group-3,214,214,2464
MAGBENCH_b7a77489-2de7-4bc8-910c-0792906b8375,MedAgentsBench,Simple,0.0157,9.2593,9.2593,0.3539,1,1,1,solo,solo,group-3,108,108,2826
MAGBENCH_b7b22c3c-d5fb-4be7-8da8-6e2df03be23a,MedAgentsBench,Simple,0.0337,0.0,0.0,0.0,0,0,0,solo,solo,group-3,222,222,2859
MAGBENCH_b8fad18b-75df-42b6-b06d-8902a10f6e16,MedAgentsBench,Simple,0.0317,0.0,0.0,0.0,0,0,0,solo,solo,group-3,363,363,2712
MAGBENCH_b92c7401-27d9-4cc0-80f1-5e6369047365,MedAgentsBench,Simple,0.0477,0.0,0.0,0.0,0,0,0,solo,solo,group-3,190,190,2622
MAGBENCH_b9430ce6-2167-41f1-86a6-5d8c3e143d86,MedAgentsBench,Simple,0.0197,6.5789,6.5789,0.4019,1,1,1,solo,solo,group-3,152,152,2488
MAGBENCH_b9558853-1ef8-40c5-93a0-4514d251569f,MedAgentsBench,Simple,0.0297,0.0,0.0,0.0,0,0,0,solo,solo,group-3,202,202,2293
MAGBENCH_ba4a3d15-f1cf-4072-b836-ecf2785657e3,MedAgentsBench,Simple,0.0157,0.0,0.0,0.4398,0,0,1,solo,solo,group-3,296,296,2274
MAGBENCH_ba6049c45a8dbd9bb6f0395a7a0bcd05dc6671dd68586380ac9b1fa7d61379c2,MedAgentsBench,Simple,0.0557,0.0,0.0,0.0,0,0,0,solo,solo,group-3,340,340,2567
MAGBENCH_bb58a829-673d-42e3-bd68-b4b9c0a56b80,MedAgentsBench,Simple,0.0237,0.0,0.0,0.423,0,0,1,solo,solo,group-3,139,139,2364
MAGBENCH_bc041127-1659-41db-909f-71bc5514bc5c,MedAgentsBench,Simple,0.0577,0.0,0.0,0.0,0,0,0,solo,solo,group-3,329,329,3096
MAGBENCH_bc46c956-a37d-4804-91ac-fa804db85897,MedAgentsBench,Simple,0.0437,0.0,0.0,0.0,0,0,0,solo,solo,group-3,354,354,2490
MAGBENCH_bcdd9b91-5c85-4e9c-bce4-9d92cc3d810b,MedAgentsBench,Simple,0.0237,3.2362,3.2362,0.0,1,1,0,solo,solo,group-3,309,309,2447
MAGBENCH_be168ef1-fee0-4f80-9c60-6259e78b56b9,MedAgentsBench,Simple,0.0257,0.0,0.0,0.0,0,0,0,solo,solo,group-3,226,226,2543
MAGBENCH_be37c099-2519-4ebc-a1ff-54ee572c7efe,MedAgentsBench,Simple,0.0257,0.0,0.0,0.0,0,0,0,solo,solo,group-3,169,169,2796
MAGBENCH_be68160f-1668-4576-abcc-882aa211beb3,MedAgentsBench,Simple,0.0357,0.0,0.0,0.0,0,0,0,solo,solo,group-3,244,244,2846
MAGBENCH_bee09bc5-3c41-4d41-8da8-a307dfd4228e,MedAgentsBench,Simple,0.0337,0.0,0.0,0.0,0,0,0,solo,solo,group-3,229,229,2427
MAGBENCH_bf221348-de3d-4d97-ad8e-eb42f7361518,MedAgentsBench,Simple,0.0397,0.0,0.0,0.0,0,0,0,solo,solo,group-3,277,277,2399
MAGBENCH_bf4732f0-2a61-4911-8463-11e3bee37870,MedAgentsBench,Simple,0.0217,0.0,0.0,0.0,0,0,0,solo,solo,group-3,186,186,2448
MAGBENCH_bf96e90e-8e47-4660-93c7-bd01ec8735fb,MedAgentsBench,Simple,0.0297,0.0,0.0,0.0,0,0,0,solo,solo,group-3,168,168,2144
MAGBENCH_bfe1f29e-4880-4b0b-bc9e-c9b96f580f47,MedAgentsBench,Simple,0.0437,0.0,0.0,0.0,0,0,0,solo,solo,group-3,293,293,2765
MAGBENCH_c03c5c4d-5433-4515-a343-12c7f0ea1e07,MedAgentsBench,Simple,0.0337,0.0,0.0,0.0,0,0,0,solo,solo,group-3,188,188,2506
MAGBENCH_c0548093-a9d1-4cbf-82e1-e04613825ddf,MedAgentsBench,Simple,0.0197,4.065,4.065,0.0,1,1,0,solo,solo,group-3,246,246,2696
MAGBENCH_c068c66cc5a79ec89fb77680396e0e9ee9c3e751d5bd5b3566d22fd5ef072800,MedAgentsBench,Simple,0.0177,5.9524,5.9524,0.4095,1,1,1,solo,solo,group-3,168,168,2442
MAGBENCH_c0b79a36-0b9f-4aa3-b3ac-4435c4a92fe3,MedAgentsBench,Simple,0.0277,6.8027,6.8027,0.4369,1,1,1,solo,solo,group-3,147,147,2289
MAGBENCH_c0bf19ac-df23-4d2b-8a88-0b2f256fed66,MedAgentsBench,Moderate,0.143,0.0,0.0,0.3307,0,0,1,solo,solo,group-3,338,338,3024
MAGBENCH_c1368e96-1d20-4847-9cb0-8cd53b314859,MedAgentsBench,Simple,0.0197,0.0,0.0,0.0,0,0,0,solo,solo,group-3,300,300,2747
MAGBENCH_c18807a9-ccf8-40f5-8b11-9e2c8b789c3e,MedAgentsBench,Moderate,0.1077,0.0,0.0,0.0,0,0,0,solo,solo,group-3,368,368,2580
MAGBENCH_c1905ae5-b13b-4f01-8797-d1eb7043d461,MedAgentsBench,Simple,0.0257,0.0,0.0,0.0,0,0,0,solo,solo,group-3,271,271,2811
MAGBENCH_c1de4352-f68b-4953-a451-778c7f8b88b0,MedAgentsBench,Simple,0.0237,0.0,0.0,0.0,0,0,0,solo,solo,group-3,167,167,2184
MAGBENCH_c22f03e2-d4ca-4d27-a7ca-fbd3386a6530,MedAgentsBench,Simple,0.0197,0.0,0.0,0.0,0,0,0,solo,solo,group-3,215,215,2598
MAGBENCH_c25ec100e679d3f110dba2c86d1bd781d6d84cb2216d29d6dfda38deaad5fd0e,MedAgentsBench,Simple,0.0197,0.0,0.0,0.0,0,0,0,solo,solo,group-3,243,243,2707
MAGBENCH_c27e7c0b-7d26-4ca7-b537-c44b71114d55,MedAgentsBench,Simple,0.0317,5.848,5.848,0.431,1,1,1,solo,solo,group-3,171,171,2320
MAGBENCH_c2966f39-a3e7-464d-9048-937bf330c794,MedAgentsBench,Simple,0.0317,3.096,3.096,0.0,1,1,0,solo,solo,group-3,323,323,2927
MAGBENCH_c3042a2cfb855f4e0943ddc02c840f40f9ff05dcca6a5f369a013eb58d4d1b3a,MedAgentsBench,Simple,0.0417,0.0,0.0,0.3352,0,0,1,solo,solo,group-3,347,347,2983
MAGBENCH_c34c9996-5391-4655-9249-948fe2cb0d2b,MedAgentsBench,Simple,0.0177,3.5461,3.5461,0.3259,1,1,1,solo,solo,group-3,282,282,3068
MAGBENCH_c3f2d738-cddc-4bd2-b9e7-e8a41969d42d,MedAgentsBench,Simple,0.0177,0.0,0.0,0.0,0,0,0,solo,solo,group-3,127,127,2652
MAGBENCH_c41e6817-ab7a-4208-aa4b-d89da0668ac9,MedAgentsBench,Simple,0.0357,3.125,3.125,0.3455,1,1,1,solo,solo,group-3,320,320,2894
MAGBENCH_c48cca4e-55ef-4a73-b07d-6ac3a3c5c1eb,MedAgentsBench,Simple,0.0557,0.0,0.0,0.0,0,0,0,solo,solo,group-3,172,172,2768
MAGBENCH_c48fcdd2-948f-41e7-a457-56f42646cc60,MedAgentsBench,Simple,0.0257,6.25,6.25,0.3578,1,1,1,solo,solo,group-3,160,160,2795
MAGBENCH_c4c1684b-c60c-47ae-a4d1-ad6c1c633be3,MedAgentsBench,Simple,0.0257,0.0,0.0,0.0,0,0,0,solo,solo,group-3,229,229,2326
MAGBENCH_c4caf8e5-f647-49b9-8e91-b5f18d3c24e5,MedAgentsBench,Simple,0.0217,0.0,0.0,0.0,0,0,0,solo,solo,group-3,195,195,2591
MAGBENCH_c54dfaa1-6f96-4b0a-8b63-bfbbbbbb3a3c,MedAgentsBench,Simple,0.0217,0.0,0.0,0.0,0,0,0,solo,solo,group-3,331,331,2833
MAGBENCH_c5641329-23a5-4f95-a7c9-3be2882bcbcf,MedAgentsBench,Simple,0.0257,2.6954,2.6954,0.3185,1,1,1,solo,solo,group-3,371,371,3140
MAGBENCH_c56d4b66-8192-4b25-9d20-7312a5f5d4cb,MedAgentsBench,Simple,0.0257,0.0,0.0,0.0,0,0,0,solo,solo,group-3,258,258,2907
MAGBENCH_c6da06a8-62d4-49b1-9bce-e4584bbadc62,MedAgentsBench,Simple,0.0197,0.0,0.0,0.0,0,0,0,solo,solo,group-3,264,264,2825
MAGBENCH_c8353fc5-db77-40d7-970a-64309e53ba93,MedAgentsBench,Simple,0.0537,0.0,0.0,0.0,0,0,0,solo,solo,group-3,342,342,3032
MAGBENCH_c839b148-d464-4420-9f5d-d66be78d0fd5,MedAgentsBench,Simple,0.0177,0.0,0.0,0.0,0,0,0,solo,solo,group-3,359,359,3236
MAGBENCH_c8d2885b-1529-4575-abcd-b8afdfb64512,MedAgentsBench,Simple,0.0577,3.9062,3.9062,0.3537,1,1,1,solo,solo,group-3,256,256,2827
MAGBENCH_c8e7ce5b231321620620bfc43ef73f8701d28b73c4be68e21ead6cd19c36d3bb,MedAgentsBench,Moderate,0.1117,0.0,0.0,0.0,0,0,0,solo,solo,group-3,517,517,3087
MAGBENCH_ca34b209-b2de-4643-b1a6-a2e8b7c3e356,MedAgentsBench,Simple,0.0237,2.8329,2.8329,0.3683,1,1,1,solo,solo,group-3,353,353,2715
MAGBENCH_ca435de5-729e-4d62-8d92-116f5afb5a48,MedAgentsBench,Simple,0.0517,2.6882,2.6882,0.0,1,1,0,solo,solo,group-3,372,372,2683
MAGBENCH_cb8ad6b2-009b-443e-9237-85b46e3a87a5,MedAgentsBench,Simple,0.0477,0.0,0.0,0.4263,0,0,1,solo,solo,group-3,191,191,2346
MAGBENCH_cb8ea9a3-b993-4d69-a1e2-aa031b0bdb11,MedAgentsBench,Simple,0.0157,0.0,0.0,0.0,0,0,0,solo,solo,group-3,243,243,2374
MAGBENCH_cc0d09f8-564d-4fe5-8b22-4b7d3e4ed586,MedAgentsBench,Simple,0.0177,0.0,0.0,0.0,0,0,0,solo,solo,group-3,114,114,2713
MAGBENCH_cc1da36a-147f-4b74-9015-b7640ebb7ead,MedAgentsBench,Simple,0.0277,3.3333,3.3333,0.3342,1,1,1,solo,solo,group-3,300,300,2992
MAGBENCH_ccaa5421-7958-40bb-ac48-a08641e7e13c,MedAgentsBench,Simple,0.0297,0.0,0.0,0.3472,0,0,1,solo,solo,group-3,267,267,2880
MAGBENCH_ccec60b1-80b6-4130-b1ab-8631cac2fa14,MedAgentsBench,Simple,0.0137,0.0,0.0,0.3519,0,0,1,solo,solo,group-3,216,216,2842
MAGBENCH_cd4a4452-2cfc-41d0-be4f-ab2c29778feb,MedAgentsBench,Simple,0.065,2.3753,2.3753,0.3063,1,1,1,solo,solo,group-3,421,421,3265
MAGBENCH_cdb145d0926ee2ce9ab47552405d83130f3bb1f57c12dedde100d6ad928cddc8,MedAgentsBench,Moderate,0.1617,1.912,1.912,0.2992,1,1,1,solo,solo,group-3,523,523,3342
MAGBENCH_ce41e98c-3f43-4c6a-9dbb-74c77dc10584,MedAgentsBench,Simple,0.0157,0.0,0.0,0.0,0,0,0,solo,solo,group-3,234,234,2704
MAGBENCH_ce4bf55c-99a1-41a9-9107-cdab91e7e11b,MedAgentsBench,Simple,0.0377,0.0,0.0,0.0,0,0,0,solo,solo,group-3,221,221,2634
MAGBENCH_ced932ec-06de-41fd-96f4-4efd3746eb21,MedAgentsBench,Simple,0.0097,0.0,0.0,0.0,0,0,0,solo,solo,group-3,222,222,3013
MAGBENCH_cf442471-776c-434b-8186-a07315839c06,MedAgentsBench,Simple,0.0297,0.0,0.0,0.0,0,0,0,solo,solo,group-3,204,204,2608
MAGBENCH_cf9116f0-d344-4b8d-b010-050ac77a8dd1,MedAgentsBench,Simple,0.0517,3.4965,3.4965,0.0,1,1,0,solo,solo,group-3,286,286,3028
MAGBENCH_cfb81145-9c8a-41bf-975a-bd76f75be629,MedAgentsBench,Simple,0.0857,0.0,0.0,0.0,0,0,0,solo,solo,group-3,302,302,3017
MAGBENCH_d04e9217-abaf-4e62-89ed-5d443c9aa4f2,MedAgentsBench,Simple,0.0137,0.0,0.0,0.0,0,0,0,solo,solo,group-3,171,171,2268
MAGBENCH_d05667f6-6469-49d1-b8c5-0cacd49cc623,MedAgentsBench,Simple,0.0197,3.003,3.003,0.0,1,1,0,solo,solo,group-3,333,333,2572
MAGBENCH_d0de8433-05e9-4391-ad03-5b228436ccd5,MedAgentsBench,Simple,0.0197,3.9062,3.9062,0.4533,1,1,1,solo,solo,group-3,256,256,2206
MAGBENCH_d0e62648-4f9f-497a-be1a-a6ee1295704c,MedAgentsBench,Simple,0.0197,0.0,0.0,0.0,0,0,0,solo,solo,group-3,201,201,2402
MAGBENCH_d1872344-cb7a-4782-820e-6ea25a23ac9a,MedAgentsBench,Simple,0.0197,2.9762,2.9762,0.3733,1,1,1,solo,solo,group-3,336,336,2679
MAGBENCH_d1bdce43-2f6d-47ee-9957-2bff4b27d2ce,MedAgentsBench,Simple,0.0237,0.0,0.0,0.0,0,0,0,solo,solo,group-3,245,245,2722
MAGBENCH_d1ef23c9-e756-4ae2-a91c-992fa658c4c3,MedAgentsBench,Simple,0.0177,0.0,0.0,0.0,0,0,0,solo,solo,group-3,374,374,3060
MAGBENCH_d2198d20-fa7b-4abd-a3f6-d849ee0973fb,MedAgentsBench,Moderate,0.119,2.1277,2.1277,0.2952,1,1,1,solo,solo,group-3,470,470,3387
MAGBENCH_d282f15c-2838-42fd-8841-a94bd92981d9,MedAgentsBench,Simple,0.0117,0.0,0.0,0.0,0,0,0,solo,solo,group-3,193,193,2442
MAGBENCH_d2f3fa53-c024-4179-bf34-169fd7b99fc9,MedAgentsBench,Simple,0.0237,0.0,0.0,0.3451,0,0,1,solo,solo,group-3,317,317,2898
MAGBENCH_d31db168-d292-495b-a874-4ea4e0adb69d,MedAgentsBench,Simple,0.0137,0.0,0.0,0.0,0,0,0,solo,solo,group-3,142,142,2221
MAGBENCH_d326533c-505c-41cf-b6ed-e4bee357707c,MedAgentsBench,Simple,0.0217,2.7027,2.7027,0.33,1,1,1,solo,solo,group-3,370,370,3030
MAGBENCH_d3298813-ec9f-4fb0-8f6d-be5d39543480,MedAgentsBench,Simple,0.0357,3.2051,3.2051,0.3433,1,1,1,solo,solo,group-3,312,312,2913
MAGBENCH_d32f0f04-48eb-4a63-bae0-705aed8793a3,MedAgentsBench,Simple,0.0237,0.0,0.0,0.0,0,0,0,solo,solo,group-3,407,407,2908
MAGBENCH_d3629a0f-c519-46c6-bb27-a33adc0ac0fc,MedAgentsBench,Simple,0.0277,0.0,0.0,0.0,0,0,0,solo,solo,group-3,112,112,2962
MAGBENCH_d3d896df-5856-43da-9baa-4f4ddaefde74,MedAgentsBench,Simple,0.0257,5.2356,5.2356,0.3837,1,1,1,solo,solo,group-3,191,191,2606
MAGBENCH_d462a540-afc7-4f6a-a396-daddb1b5c3ef,MedAgentsBench,Simple,0.0197,0.0,0.0,0.0,0,0,0,solo,solo,group-3,334,334,2798
MAGBENCH_d4bab786-97f4-4ab9-be9f-f4fdf77c4c7f,MedAgentsBench,Simple,0.0357,4.0,4.0,0.3615,1,1,1,solo,solo,group-3,250,250,2766
MAGBENCH_d4d54e039070a655910b191d5a535a2789fe99d0595bba8d54637368a0e3fa33,MedAgentsBench,Simple,0.0397,3.7594,3.7594,0.3324,1,1,1,solo,solo,group-3,266,266,3008
MAGBENCH_d4f6fc8c-f415-4619-9831-8da71140bbac,MedAgentsBench,Simple,0.0197,0.0,0.0,0.0,0,0,0,solo,solo,group-3,198,198,2172
MAGBENCH_d50419e1-2a30-4eee-bc64-d8ed11d958cb,MedAgentsBench,Simple,0.0677,0.0,0.0,0.0,0,0,0,solo,solo,group-3,336,336,3033
MAGBENCH_d5070ff9-a3de-4f6c-a9ba-12918fa6ef04,MedAgentsBench,Simple,0.0297,0.0,0.0,0.0,0,0,0,solo,solo,group-3,289,289,2428
MAGBENCH_d544a9740c72dcab4271857d5c9255c84e4e710aee6b00354ea0829190dc017f,MedAgentsBench,Moderate,0.1197,0.0,0.0,0.0,0,0,0,solo,solo,group-3,424,424,3109
MAGBENCH_d5501e81-deb1-4fc4-bbf8-d8344d44f673,MedAgentsBench,Simple,0.0317,4.2194,4.2194,0.3706,1,1,1,solo,solo,group-3,237,237,2698
MAGBENCH_d5f7c86d-3441-4fdd-8618-8510dbead871,MedAgentsBench,Simple,0.0317,0.0,0.0,0.0,0,0,0,solo,solo,group-3,296,296,2639
MAGBENCH_d6094ebe-a5b0-49fe-8443-6d9eeabff0fb,MedAgentsBench,Simple,0.0097,0.0,0.0,0.0,0,0,0,solo,solo,group-3,315,315,2787
MAGBENCH_d68d6158-666d-424d-9f9b-26cf0fe6acf5,MedAgentsBench,Simple,0.0457,0.0,0.0,0.0,0,0,0,solo,solo,group-3,294,294,2945
MAGBENCH_d73fd51d-04c8-44c3-a4af-6b1cf3c3d88c,MedAgentsBench,Simple,0.0257,4.2017,4.2017,0.0,1,1,0,solo,solo,group-3,238,238,2386
MAGBENCH_d7889f090c29811739fb69ae57b323cca3c42f50cb1fb7146d989ecacb912a5e,MedAgentsBench,Moderate,0.1217,2.1142,2.1142,0.0,1,1,0,solo,solo,group-3,473,473,3456
MAGBENCH_d79a6a3c-0b37-4f9f-aeb9-483298fdb4e2,MedAgentsBench,Simple,0.0197,0.0,0.0,0.0,0,0,0,solo,solo,group-3,267,267,2394
MAGBENCH_d8458f0b-fe46-465b-9f9d-85ff2379f6e1,MedAgentsBench,Simple,0.0197,0.0,0.0,0.0,0,0,0,solo,solo,group-3,122,122,2264
MAGBENCH_d8a98adf-739e-4e14-9236-e3bb4f0cd91e,MedAgentsBench,Simple,0.0297,0.0,0.0,0.0,0,0,0,solo,solo,group-3,289,289,2623
MAGBENCH_d8d4dc47-e669-4f12-a089-b1a362fc0c51,MedAgentsBench,Simple,0.0277,0.0,0.0,0.0,0,0,0,solo,solo,group-3,214,214,2647
MAGBENCH_d95f1158-fa4b-4229-98c5-40f4dc2bacec,MedAgentsBench,Moderate,0.1817,0.0,0.0,0.0,0,0,0,solo,solo,group-3,547,547,3548
MAGBENCH_d98f10a4-8b10-44bd-8160-ec5719d2f4c1,MedAgentsBench,Simple,0.0317,3.4965,3.4965,0.3457,1,1,1,solo,solo,group-3,286,286,2893
MAGBENCH_da27e783-4c0b-4621-bc3d-938a109d8425,MedAgentsBench,Simple,0.0437,0.0,0.0,0.363,0,0,1,solo,solo,group-3,317,317,2755
MAGBENCH_db481d43-eaa9-45e9-8e23-4416d4894eb4,MedAgentsBench,Simple,0.0617,0.0,0.0,0.0,0,0,0,solo,solo,group-3,373,373,2884
MAGBENCH_db529a12-e737-4028-ab55-43f4e97fa109,MedAgentsBench,Simple,0.0657,0.0,0.0,0.0,0,0,0,solo,solo,group-3,412,412,2749
MAGBENCH_db661878-b25b-42f5-9cc6-2dffda4cb3b2,MedAgentsBench,Simple,0.0157,0.0,0.0,0.0,0,0,0,solo,solo,group-3,161,161,1797
MAGBENCH_dbd24ee5-8032-4316-9330-fe831f819c40,MedAgentsBench,Simple,0.0537,3.003,3.003,0.3405,1,1,1,solo,solo,group-3,333,333,2937
MAGBENCH_dbd6efef-b527-48fe-86f3-2f0f6b861718,MedAgentsBench,Simple,0.0357,3.5842,3.5842,0.3359,1,1,1,solo,solo,group-3,279,279,2977
MAGBENCH_dbf75aad-9f19-4edb-9fba-6245c880b59c,MedAgentsBench,Simple,0.0237,0.0,0.0,0.0,0,0,0,solo,solo,group-3,382,382,2664
MAGBENCH_dc248bc1-20c6-4aca-a7db-3642df59fe8a,MedAgentsBench,Simple,0.0277,0.0,0.0,0.0,0,0,0,solo,solo,group-3,260,260,2112
MAGBENCH_dc59a224-08b1-4438-8176-03e96dcf8392,MedAgentsBench,Simple,0.0217,0.0,0.0,0.0,0,0,0,solo,solo,group-3,229,229,2822
MAGBENCH_dc8f8f08-ca45-4ad5-ad3f-278eb9e2bd49,MedAgentsBench,Simple,0.0337,0.0,0.0,0.0,0,0,0,solo,solo,group-3,313,313,2440
MAGBENCH_dc99feed-a4eb-42de-84bb-f86f4f1812ac,MedAgentsBench,Simple,0.0197,5.8824,5.8824,0.381,1,1,1,solo,solo,group-3,170,170,2625
MAGBENCH_dce755d7-6fd9-4ec6-b136-74ead349da24,MedAgentsBench,Simple,0.0237,5.7471,5.7471,0.4448,1,1,1,solo,solo,group-3,174,174,2248
MAGBENCH_dd210467-68c5-4566-9cad-34e5ffa22bc9,MedAgentsBench,Simple,0.0157,0.0,0.0,0.0,0,0,0,solo,solo,group-3,240,240,2225
MAGBENCH_de06c967-1c49-42ad-a5bb-ddaf1f0a9e59,MedAgentsBench,Simple,0.0357,0.0,0.0,0.0,0,0,0,solo,solo,group-3,294,294,2884
MAGBENCH_de4374af-70ba-41e4-b46a-5159e73a690e,MedAgentsBench,Simple,0.0357,0.0,0.0,0.3867,0,0,1,solo,solo,group-3,174,174,2586
MAGBENCH_dec39d56-fcb3-4cf1-8e83-e09a09a8ce6e,MedAgentsBench,Simple,0.0177,0.0,0.0,0.0,0,0,0,solo,solo,group-3,279,279,2651
MAGBENCH_def993c5-605f-48c5-afb4-01a6f29fcc73,MedAgentsBench,Simple,0.0197,7.874,7.874,0.0,1,1,0,solo,solo,group-3,127,127,2303
MAGBENCH_df8ae3bc-aef6-48d0-8033-d715cfe36b3d,MedAgentsBench,Simple,0.0757,0.0,0.0,0.0,0,0,0,solo,solo,group-3,349,349,3048
MAGBENCH_dfd6bf3b-b4c4-48c9-87aa-4532fa309157,MedAgentsBench,Moderate,0.1277,2.6596,2.6596,0.0,1,1,0,solo,solo,group-3,376,376,3135
MAGBENCH_e0471ba9-d328-4924-b5e1-6d036b3005b6,MedAgentsBench,Simple,0.0257,5.6818,5.6818,0.4425,1,1,1,solo,solo,group-3,176,176,2260
MAGBENCH_e0952660-983f-4990-a8c6-d6b6bc19aca3,MedAgentsBench,Simple,0.0317,3.6496,3.6496,0.4112,1,1,1,solo,solo,group-3,274,274,2432
MAGBENCH_e0f9e4af-3c3f-49d3-a19a-f8b884951de6,MedAgentsBench,Simple,0.0397,0.0,0.0,0.0,0,0,0,solo,solo,group-3,125,125,2375
MAGBENCH_e14c42e1-754e-40a6-9b50-5d27b40e5a7d,MedAgentsBench,Simple,0.0297,3.937,3.937,0.3915,1,1,1,solo,solo,group-3,254,254,2554
MAGBENCH_e15bd12a-6b91-40be-a531-eef51948125d,MedAgentsBench,Simple,0.0137,0.0,0.0,0.0,0,0,0,solo,solo,group-3,164,164,3060
MAGBENCH_e1cf9f3f-2fd8-40e3-96c3-1a6ecb016b22,MedAgentsBench,Simple,0.0257,4.1667,4.1667,0.0,1,1,0,solo,solo,group-3,240,240,2719
MAGBENCH_e1e575e9-3c85-4c16-86ad-29f6ea41c627,MedAgentsBench,Simple,0.0297,0.0,0.0,0.3455,0,0,1,solo,solo,group-3,314,314,2894
MAGBENCH_e22b0ef5-df61-4475-b22b-30f2932f90fe,MedAgentsBench,Simple,0.0297,3.3003,3.3003,0.3571,1,1,1,solo,solo,group-3,303,303,2800
MAGBENCH_e2784a8a-04af-4ced-8bf8-e6c496245df2,MedAgentsBench,Simple,0.0457,2.849,2.849,0.3429,1,1,1,solo,solo,group-3,351,351,2916
MAGBENCH_e30ed9f31199cbf93bfea949426c653b3a5bab89113cec574b3f0963bdf41b77,MedAgentsBench,Simple,0.0237,0.0,0.0,0.0,0,0,0,solo,solo,group-3,285,285,2746
MAGBENCH_e321f1c5-710f-47d9-9632-b2a45152ea9d,MedAgentsBench,Simple,0.0297,0.0,0.0,0.0,0,0,0,solo,solo,group-3,277,277,2952
MAGBENCH_e3782486-d6bf-4ef2-8830-5cdfdcacb020,MedAgentsBench,Simple,0.039,0.0,0.0,0.0,0,0,0,solo,solo,group-3,332,332,2755
MAGBENCH_e3ff3b29-7ef6-41d9-bc6e-e3d6b52d340c,MedAgentsBench,Simple,0.0157,0.0,0.0,0.0,0,0,0,solo,solo,group-3,231,231,2253
MAGBENCH_e4281c68-9e8b-4802-9c1d-edf0de6c7195,MedAgentsBench,Simple,0.0197,3.012,3.012,0.3478,1,1,1,solo,solo,group-3,332,332,2875
MAGBENCH_e4443b0c-20d3-464c-800b-b1ffe606f65d,MedAgentsBench,Simple,0.0217,0.0,0.0,0.0,0,0,0,solo,solo,group-3,331,331,2800
MAGBENCH_e4610f09-b587-47c8-99ff-c8967f481322,MedAgentsBench,Simple,0.0277,0.0,0.0,0.0,0,0,0,solo,solo,group-3,215,215,2877
MAGBENCH_e60f51ab-3827-4ddd-9649-a6d601b9682c,MedAgentsBench,Simple,0.0177,0.0,0.0,0.0,0,0,0,solo,solo,group-3,188,188,2820
MAGBENCH_e621e03f-d935-427f-a7a7-14f6f9a0efab,MedAgentsBench,Simple,0.0977,2.6247,2.6247,0.3068,1,1,1,solo,solo,group-3,381,381,3259
MAGBENCH_e698d5622a5b212008bb3942cd31029fed27c0d5c04113d4421e3135a69ac2d1,MedAgentsBench,Simple,0.0097,0.0,0.0,0.0,0,0,0,solo,solo,group-3,154,154,2561
MAGBENCH_e6d619bc-90fe-44e0-b5c6-59c4b3a15720,MedAgentsBench,Simple,0.0864,0.0,0.0,0.0,0,0,0,solo,solo,group-3,376,376,3022
MAGBENCH_e737ad44-e48a-4f53-8077-79b181818e5f,MedAgentsBench,Simple,0.0137,4.9505,4.9505,0.3697,1,1,1,solo,solo,group-3,202,202,2705
MAGBENCH_e76e4afb-db7c-4a0e-99bd-1be821e11adf,MedAgentsBench,Simple,0.0757,4.1152,4.1152,0.3769,1,1,1,solo,solo,group-3,243,243,2653
MAGBENCH_e85a3e86-3c85-4691-ba5e-81189bae3d3d,MedAgentsBench,Simple,0.0357,0.0,0.0,0.0,0,0,0,solo,solo,group-3,218,218,2966
MAGBENCH_e891af5e-7b28-489c-b8a9-7beff3f76ead,MedAgentsBench,Simple,0.0137,0.0,0.0,0.0,0,0,0,solo,solo,group-3,267,267,2266
MAGBENCH_e8de9b5f-8d91-4770-b700-0a4ac5dd29e2,MedAgentsBench,Simple,0.0217,0.0,0.0,0.0,0,0,0,solo,solo,group-3,124,124,1781
MAGBENCH_e995894b-0611-4ae2-ae1f-0d35025845ae,MedAgentsBench,Simple,0.0397,0.0,0.0,0.0,0,0,0,solo,solo,group-3,331,331,2871
MAGBENCH_e9c312b7-2cc1-41ec-8daa-a55d69514721,MedAgentsBench,Simple,0.0117,0.0,0.0,0.0,0,0,0,solo,solo,group-3,276,276,3013
MAGBENCH_e9f755a1-3316-491b-8c3b-e0ace0866967,MedAgentsBench,Simple,0.0637,0.0,0.0,0.0,0,0,0,solo,solo,group-3,351,351,2921
MAGBENCH_ea52cf79-3622-4578-bbea-b66cb2833ca2,MedAgentsBench,Simple,0.0177,0.0,0.0,0.0,0,0,0,solo,solo,group-3,161,161,2388
MAGBENCH_eaa184bf-53c5-4755-bee8-a9153e587ff0,MedAgentsBench,Simple,0.0197,6.5359,6.5359,0.4132,1,1,1,solo,solo,group-3,153,153,2420
MAGBENCH_eaa33fd8-64a3-47a0-b13c-2b49a1f0e37f,MedAgentsBench,Simple,0.0237,0.0,0.0,0.0,0,0,0,solo,solo,group-3,280,280,2803
MAGBENCH_eace9551-5aa2-446b-bb1d-5d4c8e1e21ff,MedAgentsBench,Simple,0.0117,0.0,0.0,0.0,0,0,0,solo,solo,group-3,223,223,2400
MAGBENCH_eae98f93-8d7a-4920-9c80-298de99d64a8,MedAgentsBench,Simple,0.0317,0.0,0.0,0.0,0,0,0,solo,solo,group-3,199,199,2070
MAGBENCH_eb01af3c-48a4-484b-a376-1074eb7450e2,MedAgentsBench,Simple,0.0337,0.0,0.0,0.365,0,0,1,solo,solo,group-3,349,349,2740
MAGBENCH_eb49deaf-5611-4a19-8ad5-0cca73608043,MedAgentsBench,Simple,0.0237,0.0,0.0,0.0,0,0,0,solo,solo,group-3,182,182,2516
MAGBENCH_eb5d2e40-c7b7-4de2-a394-26b3ce685746,MedAgentsBench,Simple,0.0257,8.1301,8.1301,0.3887,1,1,1,solo,solo,group-3,123,123,2573
MAGBENCH_eb97b898c24981307d1f22b87044d05dde1344b8bf19cdef6c47c06671b38763,MedAgentsBench,Simple,0.0637,0.0,0.0,0.0,0,0,0,solo,solo,group-3,350,350,3096
MAGBENCH_eb9e9551-a8a7-47a4-8531-2633fbb69a52,MedAgentsBench,Simple,0.0277,0.0,0.0,0.0,0,0,0,solo,solo,group-3,230,230,2693
MAGBENCH_ebefed46-d39d-42b5-8406-b16c9fb32ba7,MedAgentsBench,Simple,0.0397,0.0,0.0,0.0,0,0,0,solo,solo,group-3,402,402,2516
MAGBENCH_ec170d3976f9768aacbf65dec1fb5551ce0ebf1b4eeadc5dc30d8e23e4cccabd,MedAgentsBench,Simple,0.0157,0.0,0.0,0.3166,0,0,1,solo,solo,group-3,316,316,3159
MAGBENCH_ec6967c1-a9cd-4905-966d-9c9b7bb5a8f2,MedAgentsBench,Simple,0.0357,2.4272,2.4272,0.0,1,1,0,solo,solo,group-3,412,412,3228
MAGBENCH_ec9282d1-e1af-4be7-87b7-439159e3c16c,MedAgentsBench,Simple,0.045,0.0,0.0,0.3487,0,0,1,solo,solo,group-3,345,345,2868
MAGBENCH_ed8f7e06-e5bb-4a64-aafa-97c1e56fc1fd,MedAgentsBench,Simple,0.0217,4.9505,4.9505,0.4161,1,1,1,solo,solo,group-3,202,202,2403
MAGBENCH_ed92d804-ac83-440a-b908-df404df935ad,MedAgentsBench,Simple,0.0217,0.0,0.0,0.0,0,0,0,solo,solo,group-3,293,293,2846
MAGBENCH_eda8d5c0-449d-4c34-ad66-8a269fcdcb39,MedAgentsBench,Simple,0.0277,5.5249,5.5249,0.3266,1,1,1,solo,solo,group-3,181,181,3062
MAGBENCH_edb0ef61-a009-4fe9-811e-5b9d6ea40435,MedAgentsBench,Simple,0.0277,0.0,0.0,0.3469,0,0,1,solo,solo,group-3,367,367,2883
MAGBENCH_edcb831f-c060-498e-a756-c2047eb19c15,MedAgentsBench,Simple,0.0277,0.0,0.0,0.0,0,0,0,solo,solo,group-3,334,334,2465
MAGBENCH_ee31cc18-91fd-4582-a3e8-5311e85521b3,MedAgentsBench,Simple,0.0277,0.0,0.0,0.0,0,0,0,solo,solo,group-3,142,142,2460
MAGBENCH_ee343e97-60cc-402d-8c90-c92e8f168813,MedAgentsBench,Simple,0.0257,0.0,0.0,0.0,0,0,0,solo,solo,group-3,312,312,2922
MAGBENCH_ee350111-02ad-4142-8dc2-0be524836a16,MedAgentsBench,Simple,0.0157,0.0,0.0,0.0,0,0,0,solo,solo,group-3,200,200,2901
MAGBENCH_ee55a9bc-62bb-4952-957a-1902ff5b4376,MedAgentsBench,Simple,0.0237,3.4722,3.4722,0.3706,1,1,1,solo,solo,group-3,288,288,2698
MAGBENCH_ee5e4f25-9cee-48ea-b4aa-b631162d4543,MedAgentsBench,Simple,0.0277,3.1949,3.1949,0.3634,1,1,1,solo,solo,group-3,313,313,2752
MAGBENCH_ee6fc122-f7cc-425b-b372-9c55c4f5f5ab,MedAgentsBench,Moderate,0.1137,2.9762,2.9762,0.3495,1,1,1,solo,solo,group-3,336,336,2861
MAGBENCH_ef09a789-e189-42dc-a0fb-70da2c5ca170,MedAgentsBench,Simple,0.0257,0.0,0.0,0.0,0,0,0,solo,solo,group-3,308,308,2896
MAGBENCH_ef300ffa-be04-4c72-b18c-8e584ad89b20,MedAgentsBench,Simple,0.0177,7.5758,7.5758,0.4115,1,1,1,solo,solo,group-3,132,132,2430
MAGBENCH_ef6cd49c2cc86125af2ad77201d5be1bda68f097f18cefa11817136311713c98,MedAgentsBench,Simple,0.0157,0.0,0.0,0.0,0,0,0,solo,solo,group-3,277,277,2994
MAGBENCH_ef73b23ad24c5483df6724ecff6904dc382126ed6689b952c03f74458e96009e,MedAgentsBench,Simple,0.0877,0.0,0.0,0.0,0,0,0,solo,solo,group-3,415,415,3183
MAGBENCH_ef7dd5a4-386f-45e2-aa47-b2e9835f7169,MedAgentsBench,Simple,0.0157,4.3668,4.3668,0.4023,1,1,1,solo,solo,group-3,229,229,2486
MAGBENCH_ef893ac0-92b0-4689-984d-7eade2d8cf53,MedAgentsBench,Simple,0.0317,0.0,0.0,0.0,0,0,0,solo,solo,group-3,336,336,2831
MAGBENCH_ef9a0bee-7dbf-44e3-bc03-908430db2007,MedAgentsBench,Simple,0.0277,0.0,0.0,0.0,0,0,0,solo,solo,group-3,145,145,2697
MAGBENCH_f06f787a-ac63-41ec-b508-2b6d9848264d,MedAgentsBench,Simple,0.0257,3.69,3.69,0.4274,1,1,1,solo,solo,group-3,271,271,2340
MAGBENCH_f0ae92d9-8a7e-478e-bcdf-3546a9cd3b7b,MedAgentsBench,Simple,0.0297,3.6232,3.6232,0.3701,1,1,1,solo,solo,group-3,276,276,2702
MAGBENCH_f0d305f8-9c80-4091-bf91-9121f03ef067,MedAgentsBench,Simple,0.0297,0.0,0.0,0.3544,0,0,1,solo,solo,group-3,331,331,2822
MAGBENCH_f0e43051-15d7-4c2a-ba6e-daa8a5e30c11,MedAgentsBench,Simple,0.0157,0.0,0.0,0.0,0,0,0,solo,solo,group-3,122,122,2457
MAGBENCH_f0f91922-12fd-4213-871c-19e47532a6d6,MedAgentsBench,Simple,0.0737,0.0,0.0,0.0,0,0,0,solo,solo,group-3,304,304,2678
MAGBENCH_f1b944e7-35c7-4ae3-aea7-3cd1d32e5249,MedAgentsBench,Simple,0.0337,4.4248,4.4248,0.3997,1,1,1,solo,solo,group-3,226,226,2502
MAGBENCH_f2b61b44bbfd11383033f9a50302558425a0077be6e9b2c9d2d2c00ffb94a063,MedAgentsBench,Moderate,0.1217,0.0,0.0,0.0,0,0,0,solo,solo,group-3,465,465,3378
MAGBENCH_f2f90872-25be-4295-9e2c-26f8310a2100,MedAgentsBench,Simple,0.0577,0.0,0.0,0.0,0,0,0,solo,solo,group-3,376,376,2963
MAGBENCH_f300872f6e9f68452e5693fb747a4f37aca4bd51f319e038ada9a5ac6efe15d3,MedAgentsBench,Simple,0.0297,0.0,0.0,0.0,0,0,0,solo,solo,group-3,223,223,2506
MAGBENCH_f37b26c3-1be2-4ebd-8a21-a44172a0b092,MedAgentsBench,Simple,0.0257,0.0,0.0,0.0,0,0,0,solo,solo,group-3,224,224,2324
MAGBENCH_f4affb3a-0fce-423d-aaac-027d30259334,MedAgentsBench,Simple,0.0257,8.1301,8.1301,0.384,1,1,1,solo,solo,group-3,123,123,2604
MAGBENCH_f5b89559-4ce3-4dd5-b950-5624eb6f4ca8,MedAgentsBench,Simple,0.0537,0.0,0.0,0.0,0,0,0,solo,solo,group-3,342,342,3121
MAGBENCH_f5cd69ed-816c-4f6b-99cf-4cb41bce9f55,MedAgentsBench,Simple,0.0617,0.0,0.0,0.0,0,0,0,solo,solo,group-3,370,370,3171
MAGBENCH_f61e8ed7-4156-466d-a4eb-57ae2dedb0c8,MedAgentsBench,Simple,0.0197,0.0,0.0,0.0,0,0,0,solo,solo,group-3,251,251,2599
MAGBENCH_f65fa6cba026938c5d4d4c3754ce1416f1f9287bdff806c2b9ac6f8a6cf7c175,MedAgentsBench,Simple,0.0617,3.3223,3.3223,0.0,1,1,0,solo,solo,group-3,301,301,2955
MAGBENCH_f6629c78-7a28-4abb-a0ff-98789fbe04da,MedAgentsBench,Simple,0.0397,4.3103,4.3103,0.3592,1,1,1,solo,solo,group-3,232,232,2784
MAGBENCH_f6cf71c5-7ca4-43a2-893a-f459548c5132,MedAgentsBench,Simple,0.0237,0.0,0.0,0.0,0,0,0,solo,solo,group-3,265,265,2660
MAGBENCH_f6f50542-f6b4-4fa8-b073-d12597eb52f9,MedAgentsBench,Simple,0.0617,4.3103,4.3103,0.338,1,1,1,solo,solo,group-3,232,232,2959
MAGBENCH_f70b9c50-597e-40e1-94ea-ecf1ddc146aa,MedAgentsBench,Simple,0.0397,0.0,0.0,0.0,0,0,0,solo,solo,group-3,241,241,2687
MAGBENCH_f7440f57-de36-4bf3-9fd7-f2b6048a472a,MedAgentsBench,Simple,0.0177,0.0,0.0,0.0,0,0,0,solo,solo,group-3,277,277,2898
MAGBENCH_f7aaa747-4b20-4034-b4dd-3aa8b964327a,MedAgentsBench,Simple,0.0317,0.0,0.0,0.0,0,0,0,solo,solo,group-3,377,377,2881
MAGBENCH_f7d9f997-d9d6-40e0-a921-49bb343f8b52,MedAgentsBench,Simple,0.0317,2.8902,2.8902,0.0,1,1,0,solo,solo,group-3,346,346,2853
MAGBENCH_f7e5f3040045388ee6a393602dd59e1f007ee0e50021d2354fae544aede8dff0,MedAgentsBench,Simple,0.0157,0.0,0.0,0.0,0,0,0,solo,solo,group-3,342,342,2831
MAGBENCH_f8268ff0-f341-40ac-9dd7-e639781e9914,MedAgentsBench,Simple,0.0217,10.989,10.989,0.3586,1,1,1,solo,solo,group-3,91,91,2789
MAGBENCH_f841125e-342d-4ad5-9138-4acd357f08c6,MedAgentsBench,Simple,0.0117,0.0,0.0,0.0,0,0,0,solo,solo,group-3,171,171,2461
MAGBENCH_f8420128-0bd2-4a3e-b54f-d99fd7eb7070,MedAgentsBench,Simple,0.0137,0.0,0.0,0.0,0,0,0,solo,solo,group-3,218,218,3024
MAGBENCH_f8c7a8c6-351b-4ffe-b108-dc3363837624,MedAgentsBench,Simple,0.0937,0.0,0.0,0.0,0,0,0,solo,solo,group-3,383,383,3402
MAGBENCH_f8f510ef-4928-4806-ba2a-f984e29463c8,MedAgentsBench,Simple,0.0397,0.0,0.0,0.0,0,0,0,solo,solo,group-3,343,343,2721
MAGBENCH_f91736e8-259c-4655-a68c-453dd490a7b7,MedAgentsBench,Simple,0.0277,0.0,0.0,0.0,0,0,0,solo,solo,group-3,173,173,2551
MAGBENCH_f9739409-2790-47a9-80b7-98c70f0bcc16,MedAgentsBench,Simple,0.0977,0.0,0.0,0.0,0,0,0,solo,solo,group-3,336,336,3003
MAGBENCH_f9c97abd-33dd-4262-b287-42f7bd033097,MedAgentsBench,Simple,0.0197,0.0,0.0,0.4883,0,0,1,solo,solo,group-3,229,229,2048
MAGBENCH_fa7ee43b-5ca6-4b65-a72d-9bafd53b25df,MedAgentsBench,Simple,0.0217,0.0,0.0,0.0,0,0,0,solo,solo,group-3,275,275,2790
MAGBENCH_faca646b-50ec-405f-ab5a-db965ea8a6c6,MedAgentsBench,Simple,0.0217,0.0,0.0,0.0,0,0,0,solo,solo,group-3,234,234,2126
MAGBENCH_fadfba88-9355-4a6c-9c99-f689dcf6f3a2,MedAgentsBench,Simple,0.0197,0.0,0.0,0.0,0,0,0,solo,solo,group-3,277,277,2710
MAGBENCH_faf4af2f-9fe4-4062-9bdb-e21778b5cccd,MedAgentsBench,Simple,0.0297,0.0,0.0,0.3619,0,0,1,solo,solo,group-3,325,325,2763
MAGBENCH_fb47f171-c6d7-4871-8d28-92f2b97acc88,MedAgentsBench,Simple,0.0137,0.0,0.0,0.0,0,0,0,solo,solo,group-3,341,341,3165
MAGBENCH_fb834019-2bb9-4944-a0a0-0121cc6156fb,MedAgentsBench,Simple,0.0257,0.0,0.0,0.0,0,0,0,solo,solo,group-3,201,201,2711
MAGBENCH_fb9d4717-0a12-4fdf-bad8-0fe7bd66e722,MedAgentsBench,Simple,0.0437,0.0,0.0,0.0,0,0,0,solo,solo,group-3,309,309,2715
MAGBENCH_fc64fd3a-e114-404f-af63-dfaada2cdbf6,MedAgentsBench,Simple,0.0317,0.0,0.0,0.3697,0,0,1,solo,solo,group-3,201,201,2705
MAGBENCH_fca6dd3f-4e3a-49fe-a893-e4c69ee343b3,MedAgentsBench,Simple,0.0717,0.0,0.0,0.0,0,0,0,solo,solo,group-3,367,367,3188
MAGBENCH_fd8307b4-06b2-4493-bd48-46121a660315,MedAgentsBench,Simple,0.0157,3.4965,3.4965,0.0,1,1,0,solo,solo,group-3,286,286,2581
MAGBENCH_fdcb0022-449b-48e5-93b5-d9cd1813ed7b,MedAgentsBench,Simple,0.0157,4.5455,4.5455,0.3842,1,1,1,solo,solo,group-3,220,220,2603
MAGBENCH_fe1e7fd7-eab7-4ce9-a865-8c02fb21022b,MedAgentsBench,Simple,0.0297,0.0,0.0,0.0,0,0,0,solo,solo,group-3,230,230,2741
MAGBENCH_fe1e99cd-7e44-4118-b421-5944a39e5ae5,MedAgentsBench,Simple,0.0277,4.9261,4.9261,0.3514,1,1,1,solo,solo,group-3,203,203,2846
MAGBENCH_fe5ec2bf-ad45-4b77-9a7e-9fc2a67d9527,MedAgentsBench,Simple,0.0277,0.0,0.0,0.0,0,0,0,solo,solo,group-3,284,284,2577
MAGBENCH_fec4f95e-7c1c-4e3e-9245-18cc14fe84e9,MedAgentsBench,Simple,0.0257,0.0,0.0,0.0,0,0,0,solo,solo,group-3,397,397,2987
MAGBENCH_fec70b32-0c72-4266-908e-bd4900b01b31,MedAgentsBench,Simple,0.0457,4.4248,4.4248,0.4005,1,1,1,solo,solo,group-3,226,226,2497
MAGBENCH_feecbe83-6510-4c8d-bbac-3a4c02b96915,MedAgentsBench,Simple,0.083,2.551,2.551,0.2911,1,1,1,solo,solo,group-3,392,392,3435
MAGBENCH_fef5262b-beee-4456-aef1-aa0f161733ea,MedAgentsBench,Simple,0.0177,8.0,8.0,0.4189,1,1,1,solo,solo,group-3,125,125,2387
MAGBENCH_fff1837f-cb64-4f0a-9832-6d611b8e9f28,MedAgentsBench,Simple,0.0117,0.0,0.0,0.0,0,0,0,solo,solo,group-3,251,251,2449
MEDQA_1000,MedQA,Complex,0.3597,1.4388,1.4388,0.2479,1,1,1,solo,solo,group-3,695,695,4034
MEDQA_1001,MedQA,Complex,0.385,0.0,0.0,0.0,0,0,0,solo,solo,group-3,624,624,3919
MEDQA_1007,MedQA,Moderate,0.3137,0.0,0.0,0.0,0,0,0,solo,solo,group-3,680,680,3928
MEDQA_1011,MedQA,Moderate,0.293,0.0,0.0,0.0,0,0,0,solo,solo,group-3,698,698,3837
MEDQA_1021,MedQA,Moderate,0.2684,1.5552,1.5552,0.262,1,1,1,solo,solo,group-3,643,643,3817
MEDQA_1022,MedQA,Moderate,0.291,0.0,0.0,0.0,0,0,0,solo,solo,group-3,544,544,3921
MEDQA_1028,MedQA,Moderate,0.2557,0.0,0.0,0.0,0,0,0,solo,solo,group-3,544,544,3585
MEDQA_1029,MedQA,Complex,0.3844,1.5314,1.5314,0.2613,1,1,1,solo,solo,group-3,653,653,3827
MEDQA_1034,MedQA,Moderate,0.1117,0.0,0.0,0.0,0,0,0,solo,solo,group-3,398,398,2983
MEDQA_1036,MedQA,Moderate,0.173,2.6385,2.6385,0.0,1,1,0,solo,solo,group-3,379,379,3035
MEDQA_104,MedQA,Moderate,0.303,1.634,1.634,0.2717,1,1,1,solo,solo,group-3,612,612,3680
MEDQA_1046,MedQA,Moderate,0.1317,0.0,0.0,0.0,0,0,0,solo,solo,group-3,396,396,2905
MEDQA_105,MedQA,Moderate,0.2577,2.3923,2.3923,0.3032,1,1,1,solo,solo,group-3,418,418,3298
MEDQA_1054,MedQA,Complex,0.3764,1.8657,1.8657,0.278,1,1,1,solo,solo,group-3,536,536,3597
MEDQA_1055,MedQA,Moderate,0.1377,3.0581,3.0581,0.3182,1,1,1,solo,solo,group-3,327,327,3143
MEDQA_1056,MedQA,Moderate,0.1877,2.3202,2.3202,0.3148,1,1,1,solo,solo,group-3,431,431,3177
MEDQA_1058,MedQA,Moderate,0.283,0.0,0.0,0.0,0,0,0,solo,solo,group-3,619,619,3646
MEDQA_1059,MedQA,Moderate,0.147,2.2472,2.2472,0.2918,1,1,1,solo,solo,group-3,445,445,3427
MEDQA_106,MedQA,Moderate,0.293,0.0,0.0,0.0,0,0,0,solo,solo,group-3,594,594,3579
MEDQA_1061,MedQA,Moderate,0.2844,1.7271,1.7271,0.2623,1,1,1,solo,solo,group-3,579,579,3813
MEDQA_1065,MedQA,Moderate,0.2097,1.9157,1.9157,0.3053,1,1,1,solo,solo,group-3,522,522,3275
MEDQA_1067,MedQA,Moderate,0.1817,2.079,2.079,0.2874,1,1,1,solo,solo,group-3,481,481,3480
MEDQA_1068,MedQA,Moderate,0.2177,0.0,0.0,0.0,0,0,0,solo,solo,group-3,517,517,3489
MEDQA_1071,MedQA,Complex,0.4457,0.0,1.1947,0.2241,0,1,1,group-2,solo,group-3,2461,837,4462
MEDQA_1073,MedQA,Moderate,0.1117,0.0,0.0,0.0,0,0,0,solo,solo,group-3,432,432,3398
MEDQA_1084,MedQA,Moderate,0.1897,0.0,0.0,0.0,0,0,0,solo,solo,group-3,574,574,3548
MEDQA_1086,MedQA,Moderate,0.2024,0.0,0.0,0.0,0,0,0,solo,solo,group-3,505,505,3615
MEDQA_1093,MedQA,Moderate,0.331,0.0,0.0,0.0,0,0,0,solo,solo,group-3,617,617,3802
MEDQA_1095,MedQA,Moderate,0.193,2.7778,2.7778,0.3142,1,1,1,solo,solo,group-3,360,360,3183
MEDQA_1098,MedQA,Moderate,0.229,1.7483,1.7483,0.2781,1,1,1,solo,solo,group-3,572,572,3596
MEDQA_1105,MedQA,Moderate,0.2277,1.9231,1.9231,0.2822,1,1,1,solo,solo,group-3,520,520,3543
MEDQA_1108,MedQA,Moderate,0.1277,0.0,0.0,0.0,0,0,0,solo,solo,group-3,440,440,3000
MEDQA_1110,MedQA,Moderate,0.189,0.0,0.0,0.0,0,0,0,solo,solo,group-3,456,456,3525
MEDQA_1111,MedQA,Complex,0.419,0.0,0.0,0.0,0,0,0,group-2,solo,group-3,2331,729,4266
MEDQA_112,MedQA,Moderate,0.3177,1.5385,1.5385,0.2785,1,1,1,solo,solo,group-3,650,650,3591
MEDQA_1122,MedQA,Moderate,0.329,1.7857,1.7857,0.2582,1,1,1,solo,solo,group-3,560,560,3873
MEDQA_1123,MedQA,Moderate,0.185,0.0,0.0,0.0,0,0,0,solo,solo,group-3,467,467,3538
MEDQA_1124,MedQA,Moderate,0.3204,0.0,0.0,0.2563,0,0,1,solo,solo,group-3,649,649,3902
MEDQA_1126,MedQA,Moderate,0.2577,0.0,0.0,0.0,0,0,0,solo,solo,group-3,593,593,3741
MEDQA_1128,MedQA,Moderate,0.3044,0.0,0.0,0.0,0,0,0,solo,solo,group-3,594,594,3905
MEDQA_1131,MedQA,Moderate,0.165,2.3095,2.3095,0.0,1,1,0,solo,solo,group-3,433,433,2938
MEDQA_1136,MedQA,Moderate,0.2364,0.0,0.0,0.0,0,0,0,solo,solo,group-3,557,557,3378
MEDQA_1140,MedQA,Moderate,0.297,0.0,0.0,0.0,0,0,0,solo,solo,group-3,533,533,3531
MEDQA_1141,MedQA,Moderate,0.2917,0.0,0.0,0.0,0,0,0,solo,solo,group-3,601,601,3609
MEDQA_1142,MedQA,Moderate,0.311,1.4881,1.4881,0.0,1,1,0,solo,solo,group-3,672,672,3830
MEDQA_1145,MedQA,Moderate,0.1617,2.2676,2.2676,0.3045,1,1,1,solo,solo,group-3,441,441,3284
MEDQA_1146,MedQA,Moderate,0.1637,0.0,0.0,0.0,0,0,0,solo,solo,group-3,453,453,3256
MEDQA_1150,MedQA,Moderate,0.2777,0.0,0.0,0.2987,0,0,1,solo,solo,group-3,574,574,3348
MEDQA_1153,MedQA,Complex,0.4184,0.0,1.1765,0.2304,0,1,1,group-2,solo,group-3,2462,850,4340
MEDQA_1157,MedQA,Moderate,0.1377,0.0,0.0,0.0,0,0,0,solo,solo,group-3,492,492,3636
MEDQA_1158,MedQA,Complex,0.4057,0.4024,0.0,0.2224,1,0,1,group-2,solo,group-3,2485,842,4497
MEDQA_1159,MedQA,Moderate,0.1644,2.2371,2.2371,0.3116,1,1,1,solo,solo,group-3,447,447,3209
MEDQA_116,MedQA,Moderate,0.227,1.8116,1.8116,0.0,1,1,0,solo,solo,group-3,552,552,3428
MEDQA_1163,MedQA,Moderate,0.199,0.0,0.0,0.0,0,0,0,solo,solo,group-3,350,350,3354
MEDQA_1165,MedQA,Complex,0.4457,0.0,0.0,0.0,0,0,0,group-2,solo,group-3,2520,889,4548
MEDQA_1167,MedQA,Moderate,0.2597,0.0,0.0,0.269,0,0,1,solo,solo,group-3,647,647,3717
MEDQA_117,MedQA,Complex,0.397,1.1891,1.1891,0.2385,1,1,1,solo,solo,group-3,841,841,4193
MEDQA_1173,MedQA,Complex,0.4264,0.0,0.0,0.0,0,0,0,group-2,solo,group-3,2293,724,4209
MEDQA_1174,MedQA,Moderate,0.3204,0.0,0.0,0.0,0,0,0,solo,solo,group-3,709,709,3967
MEDQA_1175,MedQA,Moderate,0.233,0.0,0.0,0.0,0,0,0,solo,solo,group-3,459,459,3486
MEDQA_1178,MedQA,Moderate,0.1484,0.0,0.0,0.0,0,0,0,solo,solo,group-3,408,408,3205
MEDQA_118,MedQA,Moderate,0.3557,1.3736,1.3736,0.0,1,1,0,solo,solo,group-3,728,728,4032
MEDQA_1184,MedQA,Moderate,0.1124,0.0,0.0,0.0,0,0,0,solo,solo,group-3,317,317,3015
MEDQA_1186,MedQA,Moderate,0.229,1.8416,1.8416,0.2758,1,1,1,solo,solo,group-3,543,543,3626
MEDQA_1189,MedQA,Moderate,0.2457,2.451,2.451,0.2971,1,1,1,solo,solo,group-3,408,408,3366
MEDQA_119,MedQA,Moderate,0.2804,0.0,0.0,0.0,0,0,0,solo,solo,group-3,490,490,3645
MEDQA_1191,MedQA,Moderate,0.2137,2.045,2.045,0.0,1,1,0,solo,solo,group-3,489,489,3597
MEDQA_1192,MedQA,Moderate,0.2137,0.0,0.0,0.0,0,0,0,solo,solo,group-3,492,492,3567
MEDQA_1194,MedQA,Moderate,0.3297,0.0,0.0,0.2558,0,0,1,solo,solo,group-3,655,655,3909
MEDQA_1197,MedQA,Moderate,0.185,0.0,0.0,0.0,0,0,0,solo,solo,group-3,402,402,3212
MEDQA_120,MedQA,Moderate,0.319,1.6474,1.6474,0.2648,1,1,1,solo,solo,group-3,607,607,3776
MEDQA_1203,MedQA,Moderate,0.2677,1.9048,1.9048,0.3021,1,1,1,solo,solo,group-3,525,525,3310
MEDQA_1204,MedQA,Moderate,0.2884,0.0,0.0,0.0,0,0,0,solo,solo,group-3,561,561,3696
MEDQA_1207,MedQA,Moderate,0.1417,0.0,0.0,0.0,0,0,0,solo,solo,group-3,385,385,3361
MEDQA_121,MedQA,Moderate,0.2704,1.6694,1.6694,0.2655,1,1,1,solo,solo,group-3,599,599,3767
MEDQA_1213,MedQA,Moderate,0.2337,1.9417,1.9417,0.2818,1,1,1,solo,solo,group-3,515,515,3548
MEDQA_1215,MedQA,Moderate,0.221,2.1413,2.1413,0.3115,1,1,1,solo,solo,group-3,467,467,3210
MEDQA_1217,MedQA,Moderate,0.1804,0.0,0.0,0.0,0,0,0,solo,solo,group-3,441,441,3154
MEDQA_1219,MedQA,Moderate,0.3277,1.8051,1.8051,0.2658,1,1,1,solo,solo,group-3,554,554,3762
MEDQA_1222,MedQA,Simple,0.0957,0.0,0.0,0.0,0,0,0,solo,solo,group-3,244,244,3097
MEDQA_1223,MedQA,Moderate,0.1937,0.0,0.0,0.0,0,0,0,solo,solo,group-3,458,458,3293
MEDQA_1224,MedQA,Moderate,0.325,0.0,0.0,0.0,0,0,0,solo,solo,group-3,542,542,3699
MEDQA_1226,MedQA,Simple,0.0757,2.6385,2.6385,0.2967,1,1,1,solo,solo,group-3,379,379,3370
MEDQA_1227,MedQA,Moderate,0.165,0.0,0.0,0.0,0,0,0,solo,solo,group-3,568,568,3500
MEDQA_1228,MedQA,Complex,0.4057,0.3948,1.139,0.2189,1,1,1,group-2,solo,group-3,2533,878,4569
MEDQA_1231,MedQA,Moderate,0.1317,3.125,3.125,0.0,1,1,0,solo,solo,group-3,320,320,2835
MEDQA_1233,MedQA,Moderate,0.2644,1.5552,1.5552,0.0,1,1,0,solo,solo,group-3,643,643,3938
MEDQA_1235,MedQA,Moderate,0.1537,0.0,0.0,0.0,0,0,0,solo,solo,group-3,494,494,3147
MEDQA_1238,MedQA,Moderate,0.329,0.0,0.0,0.0,0,0,0,solo,solo,group-3,680,680,3939
MEDQA_1241,MedQA,Moderate,0.313,1.5432,1.5432,0.2715,1,1,1,solo,solo,group-3,648,648,3683
MEDQA_1243,MedQA,Moderate,0.239,1.5361,1.5361,0.261,1,1,1,solo,solo,group-3,651,651,3831
MEDQA_1246,MedQA,Moderate,0.325,0.0,0.0,0.0,0,0,0,solo,solo,group-3,670,670,4052
MEDQA_1248,MedQA,Moderate,0.2197,2.0576,2.0576,0.2865,1,1,1,solo,solo,group-3,486,486,3491
MEDQA_1253,MedQA,Moderate,0.235,1.7361,1.7361,0.2677,1,1,1,solo,solo,group-3,576,576,3735
MEDQA_1254,MedQA,Moderate,0.2684,2.1645,2.1645,0.2739,1,1,1,solo,solo,group-3,462,462,3651
MEDQA_1256,MedQA,Moderate,0.325,0.0,0.0,0.2746,0,0,1,solo,solo,group-3,594,594,3642
MEDQA_1257,MedQA,Moderate,0.2897,0.0,0.0,0.0,0,0,0,solo,solo,group-3,594,594,3642
MEDQA_1259,MedQA,Moderate,0.3004,0.0,0.0,0.0,0,0,0,solo,solo,group-3,617,617,3603
MEDQA_1260,MedQA,Moderate,0.1637,0.0,0.0,0.0,0,0,0,solo,solo,group-3,417,417,3033
MEDQA_1261,MedQA,Moderate,0.3137,0.0,0.0,0.2347,0,0,1,solo,solo,group-3,776,776,4261
MEDQA_1262,MedQA,Moderate,0.303,0.0,0.0,0.0,0,0,0,solo,solo,group-3,590,590,3719
MEDQA_1263,MedQA,Complex,0.371,0.0,0.0,0.2672,0,0,1,solo,solo,group-3,640,640,3743
MEDQA_1264,MedQA,Moderate,0.3297,1.6051,1.6051,0.0,1,1,0,solo,solo,group-3,623,623,3633
MEDQA_1269,MedQA,Complex,0.419,0.0,0.0,0.0,0,0,0,group-2,solo,group-3,2458,875,4434
MEDQA_127,MedQA,Moderate,0.2137,1.7301,1.7301,0.2829,1,1,1,solo,solo,group-3,578,578,3535
MEDQA_1270,MedQA,Moderate,0.339,0.0,0.0,0.0,0,0,0,solo,solo,group-3,621,621,3831
MEDQA_1271,MedQA,Moderate,0.3237,2.0576,2.0576,0.2834,1,1,1,solo,solo,group-3,486,486,3529
MEDQA_129,MedQA,Complex,0.3804,0.0,0.0,0.0,0,0,0,solo,solo,group-3,715,715,3963
MEDQA_131,MedQA,Moderate,0.185,2.3866,2.3866,0.2912,1,1,1,solo,solo,group-3,419,419,3434
MEDQA_135,MedQA,Moderate,0.1997,0.0,0.0,0.0,0,0,0,solo,solo,group-3,475,475,3100
MEDQA_136,MedQA,Moderate,0.1704,0.0,0.0,0.0,0,0,0,solo,solo,group-3,305,305,3248
MEDQA_137,MedQA,Moderate,0.311,0.0,0.0,0.0,0,0,0,solo,solo,group-3,679,679,3941
MEDQA_139,MedQA,Moderate,0.1277,0.0,0.0,0.0,0,0,0,solo,solo,group-3,475,475,3312
MEDQA_147,MedQA,Complex,0.3617,1.8018,1.8018,0.0,1,1,0,solo,solo,group-3,555,555,3753
MEDQA_154,MedQA,Complex,0.357,1.9417,1.9417,0.2571,1,1,1,solo,solo,group-3,515,515,3890
MEDQA_156,MedQA,Moderate,0.3097,1.7857,1.7857,0.2603,1,1,1,solo,solo,group-3,560,560,3841
MEDQA_164,MedQA,Moderate,0.3177,1.7452,1.7452,0.289,1,1,1,solo,solo,group-3,573,573,3460
MEDQA_165,MedQA,Moderate,0.2077,1.845,1.845,0.299,1,1,1,solo,solo,group-3,542,542,3344
MEDQA_172,MedQA,Moderate,0.2424,0.0,0.0,0.0,0,0,0,solo,solo,group-3,566,566,3626
MEDQA_176,MedQA,Moderate,0.1277,3.5587,3.5587,0.3795,1,1,1,solo,solo,group-3,281,281,2635
MEDQA_182,MedQA,Moderate,0.3477,0.0,0.0,0.0,0,0,0,solo,solo,group-3,650,650,3930
MEDQA_184,MedQA,Complex,0.391,0.0,0.0,0.0,0,0,0,solo,solo,group-3,659,659,3845
MEDQA_185,MedQA,Moderate,0.3017,1.6103,1.6103,0.0,1,1,0,solo,solo,group-3,621,621,3834
MEDQA_187,MedQA,Moderate,0.133,4.4248,4.4248,0.3232,1,1,1,solo,solo,group-3,226,226,3094
MEDQA_189,MedQA,Moderate,0.2097,0.0,0.0,0.3001,0,0,1,solo,solo,group-3,405,405,3332
MEDQA_19,MedQA,Moderate,0.2017,0.0,0.0,0.0,0,0,0,solo,solo,group-3,515,515,3645
MEDQA_190,MedQA,Moderate,0.3197,0.0,0.0,0.0,0,0,0,solo,solo,group-3,495,495,3666
MEDQA_192,MedQA,Moderate,0.2057,1.8553,1.8553,0.2948,1,1,1,solo,solo,group-3,539,539,3392
MEDQA_195,MedQA,Moderate,0.2297,1.8797,1.8797,0.3215,1,1,1,solo,solo,group-3,532,532,3110
MEDQA_197,MedQA,Moderate,0.2077,0.0,0.0,0.2525,0,0,1,solo,solo,group-3,588,588,3960
MEDQA_202,MedQA,Moderate,0.2317,0.0,0.0,0.0,0,0,0,solo,solo,group-3,532,532,3461
MEDQA_203,MedQA,Moderate,0.267,0.0,0.0,0.0,0,0,0,solo,solo,group-3,554,554,3608
MEDQA_208,MedQA,Moderate,0.1257,0.0,0.0,0.0,0,0,0,solo,solo,group-3,181,181,2479
MEDQA_21,MedQA,Moderate,0.2157,0.0,0.0,0.0,0,0,0,solo,solo,group-3,511,511,3241
MEDQA_215,MedQA,Moderate,0.237,0.0,0.0,0.2769,0,0,1,solo,solo,group-3,543,543,3611
MEDQA_221,MedQA,Moderate,0.1577,0.0,0.0,0.0,0,0,0,solo,solo,group-3,507,507,3483
MEDQA_222,MedQA,Moderate,0.267,0.0,0.0,0.0,0,0,0,solo,solo,group-3,596,596,3407
MEDQA_225,MedQA,Simple,0.0797,4.1667,4.1667,0.3337,1,1,1,solo,solo,group-3,240,240,2997
MEDQA_226,MedQA,Complex,0.3944,0.0,0.0,0.0,0,0,0,solo,solo,group-3,793,793,4213
MEDQA_227,MedQA,Moderate,0.1684,0.0,0.0,0.0,0,0,0,solo,solo,group-3,581,581,3666
MEDQA_23,MedQA,Moderate,0.2384,1.5337,1.5337,0.2615,1,1,1,solo,solo,group-3,652,652,3824
MEDQA_237,MedQA,Complex,0.357,0.0,0.0,0.0,0,0,0,solo,solo,group-3,688,688,3930
MEDQA_239,MedQA,Moderate,0.2857,1.5432,1.5432,0.2617,1,1,1,solo,solo,group-3,648,648,3821
MEDQA_24,MedQA,Complex,0.3857,0.0,0.0,0.0,0,0,0,solo,solo,group-3,680,680,4089
MEDQA_241,MedQA,Complex,0.4257,0.0,0.0,0.0,0,0,0,group-2,solo,group-3,2108,633,3899
MEDQA_245,MedQA,Complex,0.4177,0.4354,1.2723,0.2372,1,1,1,group-2,solo,group-3,2297,786,4215
MEDQA_25,MedQA,Simple,0.0937,2.2883,2.2883,0.0,1,1,0,solo,solo,group-3,437,437,3297
MEDQA_254,MedQA,Moderate,0.229,1.8083,1.8083,0.2748,1,1,1,solo,solo,group-3,553,553,3639
MEDQA_26,MedQA,Moderate,0.223,0.0,0.0,0.2874,0,0,1,solo,solo,group-3,458,458,3479
MEDQA_260,MedQA,Complex,0.401,0.0,1.2674,0.0,0,1,0,group-2,solo,group-3,2273,789,4179
MEDQA_262,MedQA,Moderate,0.2904,0.0,0.0,0.0,0,0,0,solo,solo,group-3,614,614,3628
MEDQA_267,MedQA,Simple,0.0657,2.9412,2.9412,0.3613,1,1,1,solo,solo,group-3,340,340,2768
MEDQA_272,MedQA,Moderate,0.1537,0.0,0.0,0.2856,0,0,1,solo,solo,group-3,479,479,3501
MEDQA_276,MedQA,Complex,0.3804,0.0,0.0,0.0,0,0,0,solo,solo,group-3,692,692,4137
MEDQA_278,MedQA,Moderate,0.2477,1.8975,1.8975,0.2641,1,1,1,solo,solo,group-3,527,527,3786
MEDQA_281,MedQA,Moderate,0.1217,2.2936,2.2936,0.3015,1,1,1,solo,solo,group-3,436,436,3317
MEDQA_285,MedQA,Moderate,0.2897,0.0,0.0,0.0,0,0,0,solo,solo,group-3,491,491,3720
MEDQA_288,MedQA,Moderate,0.2237,0.0,0.0,0.2775,0,0,1,solo,solo,group-3,460,460,3604
MEDQA_29,MedQA,Moderate,0.2637,1.8349,1.8349,0.2676,1,1,1,solo,solo,group-3,545,545,3737
MEDQA_291,MedQA,Moderate,0.271,1.7794,1.7794,0.2846,1,1,1,solo,solo,group-3,562,562,3514
MEDQA_292,MedQA,Moderate,0.1817,0.0,0.0,0.0,0,0,0,solo,solo,group-3,479,479,3238
MEDQA_294,MedQA,Simple,0.0997,2.8571,2.8571,0.3556,1,1,1,solo,solo,group-3,350,350,2812
MEDQA_3,MedQA,Moderate,0.263,0.0,0.0,0.0,0,0,0,solo,solo,group-3,636,636,3945
MEDQA_30,MedQA,Moderate,0.2684,1.6287,1.6287,0.2563,1,1,1,solo,solo,group-3,614,614,3901
MEDQA_301,MedQA,Moderate,0.185,0.0,0.0,0.0,0,0,0,solo,solo,group-3,508,508,3306
MEDQA_304,MedQA,Moderate,0.3057,0.0,0.0,0.0,0,0,0,solo,solo,group-3,642,642,3897
MEDQA_305,MedQA,Moderate,0.1937,2.1692,2.1692,0.3209,1,1,1,solo,solo,group-3,461,461,3116
MEDQA_309,MedQA,Moderate,0.2757,0.0,0.0,0.0,0,0,0,solo,solo,group-3,539,539,3200
MEDQA_310,MedQA,Moderate,0.1697,2.5974,2.5974,0.354,1,1,1,solo,solo,group-3,385,385,2825
MEDQA_313,MedQA,Complex,0.3904,1.5699,1.5699,0.2773,1,1,1,solo,solo,group-3,637,637,3606
MEDQA_320,MedQA,Moderate,0.207,0.0,0.0,0.2854,0,0,1,solo,solo,group-3,570,570,3504
MEDQA_327,MedQA,Moderate,0.1984,0.0,0.0,0.0,0,0,0,solo,solo,group-3,492,492,3431
MEDQA_336,MedQA,Moderate,0.3444,0.0,0.0,0.0,0,0,0,solo,solo,group-3,653,653,3907
MEDQA_337,MedQA,Complex,0.3764,0.0,0.0,0.0,0,0,0,solo,solo,group-3,640,640,3993
MEDQA_338,MedQA,Moderate,0.337,1.5674,1.5674,0.2543,1,1,1,solo,solo,group-3,638,638,3933
MEDQA_339,MedQA,Moderate,0.2617,2.2573,2.2573,0.2892,1,1,1,solo,solo,group-3,443,443,3458
MEDQA_341,MedQA,Moderate,0.209,2.0325,2.0325,0.2949,1,1,1,solo,solo,group-3,492,492,3391
MEDQA_342,MedQA,Complex,0.381,1.4245,1.4245,0.2532,1,1,1,solo,solo,group-3,702,702,3949
MEDQA_350,MedQA,Moderate,0.3324,0.0,0.0,0.0,0,0,0,solo,solo,group-3,733,733,4184
MEDQA_351,MedQA,Complex,0.4457,0.0,0.0,0.0,0,0,0,group-2,solo,group-3,2354,860,4282
MEDQA_355,MedQA,Moderate,0.2237,1.9646,1.9646,0.2968,1,1,1,solo,solo,group-3,509,509,3369
MEDQA_359,MedQA,Simple,0.0997,2.8902,2.8902,0.3267,1,1,1,solo,solo,group-3,346,346,3061
MEDQA_366,MedQA,Moderate,0.329,0.0,0.0,0.282,0,0,1,solo,solo,group-3,566,566,3546
MEDQA_37,MedQA,Moderate,0.1297,0.0,0.0,0.0,0,0,0,solo,solo,group-3,481,481,3488
MEDQA_370,MedQA,Moderate,0.2437,0.0,0.0,0.0,0,0,0,solo,solo,group-3,519,519,3710
MEDQA_372,MedQA,Complex,0.363,1.2821,1.2821,0.0,1,1,0,solo,solo,group-3,780,780,4224
MEDQA_373,MedQA,Moderate,0.245,0.0,0.0,0.0,0,0,0,solo,solo,group-3,436,436,3714
MEDQA_374,MedQA,Complex,0.4324,0.409,1.3004,0.2254,1,1,1,group-2,solo,group-3,2445,769,4437
MEDQA_375,MedQA,Moderate,0.219,0.0,0.0,0.0,0,0,0,solo,solo,group-3,533,533,3366
MEDQA_376,MedQA,Moderate,0.307,0.0,0.0,0.0,0,0,0,solo,solo,group-3,615,615,3850
MEDQA_378,MedQA,Complex,0.4324,0.0,0.0,0.0,0,0,0,group-2,solo,group-3,2465,864,4466
MEDQA_379,MedQA,Moderate,0.337,0.0,0.0,0.0,0,0,0,solo,solo,group-3,665,665,3919
MEDQA_38,MedQA,Complex,0.3637,0.0,0.0,0.0,0,0,0,solo,solo,group-3,642,642,3823
MEDQA_380,MedQA,Moderate,0.2944,0.0,0.0,0.0,0,0,0,solo,solo,group-3,637,637,3836
MEDQA_381,MedQA,Moderate,0.243,0.0,0.0,0.0,0,0,0,solo,solo,group-3,622,622,3477
MEDQA_382,MedQA,Moderate,0.2217,2.2676,2.2676,0.2921,1,1,1,solo,solo,group-3,441,441,3423
MEDQA_385,MedQA,Moderate,0.193,0.0,0.0,0.0,0,0,0,solo,solo,group-3,426,426,3357
MEDQA_387,MedQA,Moderate,0.3144,1.8248,1.8248,0.28,1,1,1,solo,solo,group-3,548,548,3572
MEDQA_388,MedQA,Complex,0.419,0.0,0.0,0.0,0,0,0,group-2,solo,group-3,2265,736,4140
MEDQA_389,MedQA,Moderate,0.2304,2.2936,2.2936,0.2999,1,1,1,solo,solo,group-3,436,436,3334
MEDQA_396,MedQA,Moderate,0.2124,2.2173,2.2173,0.2956,1,1,1,solo,solo,group-3,451,451,3383
MEDQA_4,MedQA,Moderate,0.2337,1.9157,1.9157,0.2719,1,1,1,solo,solo,group-3,522,522,3678
MEDQA_408,MedQA,Complex,0.3777,0.0,0.0,0.0,0,0,0,solo,solo,group-3,673,673,4241
MEDQA_409,MedQA,Moderate,0.1917,1.9802,1.9802,0.28,1,1,1,solo,solo,group-3,505,505,3572
MEDQA_41,MedQA,Moderate,0.287,0.0,0.0,0.0,0,0,0,solo,solo,group-3,790,790,4443
MEDQA_410,MedQA,Moderate,0.1477,0.0,0.0,0.0,0,0,0,solo,solo,group-3,510,510,3474
MEDQA_411,MedQA,Moderate,0.2077,1.8692,1.8692,0.2719,1,1,1,solo,solo,group-3,535,535,3678
MEDQA_413,MedQA,Moderate,0.2617,0.0,0.0,0.0,0,0,0,solo,solo,group-3,723,723,4013
MEDQA_419,MedQA,Moderate,0.2257,1.6287,1.6287,0.2656,1,1,1,solo,solo,group-3,614,614,3765
MEDQA_422,MedQA,Complex,0.459,0.0,0.0,0.0,0,0,0,group-2,solo,group-3,2346,805,4287
MEDQA_424,MedQA,Moderate,0.1157,0.0,0.0,0.0,0,0,0,solo,solo,group-3,409,409,3111
MEDQA_425,MedQA,Moderate,0.2137,0.0,0.0,0.0,0,0,0,solo,solo,group-3,550,550,3286
MEDQA_434,MedQA,Moderate,0.3537,1.7575,1.7575,0.2902,1,1,1,solo,solo,group-3,569,569,3446
MEDQA_439,MedQA,Moderate,0.333,0.0,0.0,0.0,0,0,0,solo,solo,group-3,629,629,3970
MEDQA_44,MedQA,Moderate,0.333,0.0,0.0,0.0,0,0,0,solo,solo,group-3,628,628,3769
MEDQA_440,MedQA,Moderate,0.253,0.0,0.0,0.0,0,0,0,solo,solo,group-3,501,501,3562
MEDQA_444,MedQA,Moderate,0.273,0.0,0.0,0.0,0,0,0,solo,solo,group-3,578,578,3707
MEDQA_445,MedQA,Moderate,0.3537,0.0,0.0,0.2527,0,0,1,solo,solo,group-3,677,677,3958
MEDQA_446,MedQA,Complex,0.375,0.0,0.0,0.0,0,0,0,solo,solo,group-3,732,732,3975
MEDQA_447,MedQA,Moderate,0.235,0.0,0.0,0.0,0,0,0,solo,solo,group-3,553,553,3694
MEDQA_450,MedQA,Moderate,0.1997,0.0,0.0,0.0,0,0,0,solo,solo,group-3,513,513,3287
MEDQA_458,MedQA,Moderate,0.1917,2.1231,2.1231,0.2816,1,1,1,solo,solo,group-3,471,471,3551
MEDQA_46,MedQA,Moderate,0.2037,2.1786,2.1786,0.3422,1,1,1,solo,solo,group-3,459,459,2922
MEDQA_461,MedQA,Moderate,0.3377,0.0,0.0,0.0,0,0,0,solo,solo,group-3,719,719,3951
MEDQA_462,MedQA,Moderate,0.3084,0.0,0.0,0.0,0,0,0,solo,solo,group-3,696,696,3711
MEDQA_464,MedQA,Complex,0.419,0.503,1.5337,0.268,1,1,1,group-2,solo,group-3,1988,652,3732
MEDQA_466,MedQA,Complex,0.357,0.0,0.0,0.0,0,0,0,solo,solo,group-3,630,630,3909
MEDQA_468,MedQA,Moderate,0.2337,2.1882,2.1882,0.2941,1,1,1,solo,solo,group-3,457,457,3400
MEDQA_472,MedQA,Moderate,0.1357,2.5253,2.5253,0.3328,1,1,1,solo,solo,group-3,396,396,3005
MEDQA_474,MedQA,Moderate,0.1597,2.2936,2.2936,0.0,1,1,0,solo,solo,group-3,436,436,3005
MEDQA_477,MedQA,Moderate,0.203,0.0,0.0,0.3111,0,0,1,solo,solo,group-3,434,434,3214
MEDQA_480,MedQA,Moderate,0.2217,0.0,0.0,0.0,0,0,0,solo,solo,group-3,509,509,3528
MEDQA_481,MedQA,Simple,0.0757,0.0,0.0,0.0,0,0,0,solo,solo,group-3,362,362,2886
MEDQA_49,MedQA,Moderate,0.241,0.0,0.0,0.0,0,0,0,solo,solo,group-3,460,460,3445
MEDQA_491,MedQA,Moderate,0.2177,0.0,0.0,0.0,0,0,0,solo,solo,group-3,446,446,2942
MEDQA_496,MedQA,Moderate,0.269,0.0,0.0,0.0,0,0,0,solo,solo,group-3,707,707,4080
MEDQA_497,MedQA,Moderate,0.263,0.0,0.0,0.0,0,0,0,solo,solo,group-3,572,572,3690
MEDQA_499,MedQA,Moderate,0.2737,0.0,0.0,0.0,0,0,0,solo,solo,group-3,602,602,3420
MEDQA_50,MedQA,Simple,0.0457,0.0,0.0,0.0,0,0,0,solo,solo,group-3,353,353,3042
MEDQA_503,MedQA,Moderate,0.1237,0.0,0.0,0.0,0,0,0,solo,solo,group-3,318,318,3086
MEDQA_506,MedQA,Moderate,0.1677,0.0,0.0,0.0,0,0,0,solo,solo,group-3,437,437,3247
MEDQA_507,MedQA,Complex,0.4077,0.0,0.0,0.2396,0,0,1,group-2,solo,group-3,2269,802,4173
MEDQA_508,MedQA,Moderate,0.2877,0.0,0.0,0.2942,0,0,1,solo,solo,group-3,462,462,3399
MEDQA_51,MedQA,Moderate,0.2424,1.6393,1.6393,0.2623,1,1,1,solo,solo,group-3,610,610,3812
MEDQA_515,MedQA,Moderate,0.203,0.0,0.0,0.0,0,0,0,solo,solo,group-3,416,416,3238
MEDQA_518,MedQA,Complex,0.4277,0.0,0.0,0.0,0,0,0,group-2,solo,group-3,2469,842,4473
MEDQA_522,MedQA,Complex,0.459,0.0,1.0929,0.0,0,1,0,group-2,solo,group-3,2705,915,4797
MEDQA_524,MedQA,Moderate,0.2137,0.0,0.0,0.0,0,0,0,solo,solo,group-3,554,554,3607
MEDQA_525,MedQA,Moderate,0.3077,0.0,0.0,0.0,0,0,0,solo,solo,group-3,739,739,4077
MEDQA_53,MedQA,Moderate,0.1384,2.2624,2.2624,0.3112,1,1,1,solo,solo,group-3,442,442,3213
MEDQA_531,MedQA,Complex,0.3857,0.0,0.0,0.0,0,0,0,solo,solo,group-3,838,838,4328
MEDQA_536,MedQA,Moderate,0.2884,0.0,0.0,0.2493,0,0,1,solo,solo,group-3,724,724,4011
MEDQA_543,MedQA,Complex,0.4004,0.4625,1.5175,0.25,1,1,1,group-2,solo,group-3,2162,659,4000
MEDQA_544,MedQA,Moderate,0.239,0.0,0.0,0.0,0,0,0,solo,solo,group-3,470,470,3272
MEDQA_549,MedQA,Moderate,0.2317,0.0,0.0,0.2945,0,0,1,solo,solo,group-3,572,572,3396
MEDQA_55,MedQA,Moderate,0.217,0.0,0.0,0.0,0,0,0,solo,solo,group-3,524,524,3561
MEDQA_552,MedQA,Complex,0.4457,0.0,1.1111,0.2271,0,1,1,group-2,solo,group-3,2424,900,4404
MEDQA_554,MedQA,Moderate,0.317,0.0,0.0,0.0,0,0,0,solo,solo,group-3,536,536,3481
MEDQA_555,MedQA,Complex,0.3597,0.0,0.0,0.0,0,0,0,solo,solo,group-3,562,562,3588
MEDQA_557,MedQA,Complex,0.403,0.4789,1.5552,0.2564,1,1,1,group-2,solo,group-3,2088,643,3900
MEDQA_560,MedQA,Moderate,0.321,1.5924,1.5924,0.0,1,1,0,solo,solo,group-3,628,628,3973
MEDQA_582,MedQA,Simple,0.0857,0.0,0.0,0.0,0,0,0,solo,solo,group-3,377,377,3140
MEDQA_586,MedQA,Moderate,0.1337,0.0,0.0,0.3106,0,0,1,solo,solo,group-3,358,358,3220
MEDQA_588,MedQA,Moderate,0.2997,0.0,0.0,0.258,0,0,1,solo,solo,group-3,651,651,3876
MEDQA_589,MedQA,Moderate,0.235,1.8657,1.8657,0.2896,1,1,1,solo,solo,group-3,536,536,3453
MEDQA_590,MedQA,Moderate,0.1177,2.1786,2.1786,0.2927,1,1,1,solo,solo,group-3,459,459,3417
MEDQA_596,MedQA,Moderate,0.2217,0.0,0.0,0.0,0,0,0,solo,solo,group-3,584,584,3612
MEDQA_597,MedQA,Moderate,0.1097,0.0,0.0,0.3119,0,0,1,solo,solo,group-3,448,448,3206
MEDQA_599,MedQA,Moderate,0.2617,2.0576,2.0576,0.2701,1,1,1,solo,solo,group-3,486,486,3702
MEDQA_6,MedQA,Moderate,0.147,0.0,0.0,0.0,0,0,0,solo,solo,group-3,333,333,3169
MEDQA_601,MedQA,Moderate,0.1217,2.2173,2.2173,0.3117,1,1,1,solo,solo,group-3,451,451,3208
MEDQA_605,MedQA,Complex,0.401,0.0,1.5625,0.0,0,1,0,group-2,solo,group-3,2100,640,3918
MEDQA_606,MedQA,Moderate,0.2037,2.079,2.079,0.2928,1,1,1,solo,solo,group-3,481,481,3415
MEDQA_608,MedQA,Moderate,0.3337,0.0,0.0,0.0,0,0,0,solo,solo,group-3,683,683,3867
MEDQA_615,MedQA,Moderate,0.257,1.8587,1.8587,0.2676,1,1,1,solo,solo,group-3,538,538,3737
MEDQA_618,MedQA,Moderate,0.271,1.7094,1.7094,0.2665,1,1,1,solo,solo,group-3,585,585,3753
MEDQA_62,MedQA,Moderate,0.2117,1.4493,1.4493,0.0,1,1,0,solo,solo,group-3,690,690,3865
MEDQA_621,MedQA,Moderate,0.261,1.9231,1.9231,0.2741,1,1,1,solo,solo,group-3,520,520,3648
MEDQA_624,MedQA,Moderate,0.223,1.8692,1.8692,0.2794,1,1,1,solo,solo,group-3,535,535,3579
MEDQA_625,MedQA,Moderate,0.219,2.008,2.008,0.2863,1,1,1,solo,solo,group-3,498,498,3493
MEDQA_629,MedQA,Moderate,0.225,0.0,0.0,0.3096,0,0,1,solo,solo,group-3,466,466,3230
MEDQA_630,MedQA,Moderate,0.1577,0.0,0.0,0.0,0,0,0,solo,solo,group-3,470,470,3381
MEDQA_641,MedQA,Complex,0.393,0.0,0.0,0.0,0,0,0,solo,solo,group-3,671,671,3957
MEDQA_643,MedQA,Moderate,0.1977,0.0,0.0,0.0,0,0,0,solo,solo,group-3,484,484,3322
MEDQA_645,MedQA,Moderate,0.327,1.5674,1.5674,0.0,1,1,0,solo,solo,group-3,638,638,3725
MEDQA_65,MedQA,Moderate,0.215,1.9802,1.9802,0.2937,1,1,1,solo,solo,group-3,505,505,3405
MEDQA_656,MedQA,Moderate,0.261,0.0,0.0,0.0,0,0,0,solo,solo,group-3,514,514,3548
MEDQA_657,MedQA,Complex,0.4457,0.0,0.0,0.0,0,0,0,group-2,solo,group-3,2549,866,4593
MEDQA_658,MedQA,Moderate,0.2537,2.0492,2.0492,0.322,1,1,1,solo,solo,group-3,488,488,3106
MEDQA_66,MedQA,Moderate,0.2604,0.0,0.0,0.0,0,0,0,solo,solo,group-3,536,536,3687
MEDQA_661,MedQA,Moderate,0.1277,0.0,0.0,0.0,0,0,0,solo,solo,group-3,460,460,3248
MEDQA_662,MedQA,Moderate,0.3177,0.0,0.0,0.2711,0,0,1,solo,solo,group-3,625,625,3689
MEDQA_666,MedQA,Moderate,0.2057,0.0,0.0,0.0,0,0,0,solo,solo,group-3,484,484,3394
MEDQA_668,MedQA,Moderate,0.1744,3.2573,3.2573,0.3108,1,1,1,solo,solo,group-3,307,307,3217
MEDQA_67,MedQA,Moderate,0.2777,1.5291,1.5291,0.0,1,1,0,solo,solo,group-3,654,654,3833
MEDQA_670,MedQA,Moderate,0.1397,0.0,0.0,0.0,0,0,0,solo,solo,group-3,463,463,3212
MEDQA_671,MedQA,Moderate,0.173,2.3202,2.3202,0.3114,1,1,1,solo,solo,group-3,431,431,3211
MEDQA_674,MedQA,Moderate,0.1057,2.924,2.924,0.3418,1,1,1,solo,solo,group-3,342,342,2926
MEDQA_675,MedQA,Moderate,0.217,0.0,0.0,0.302,0,0,1,solo,solo,group-3,523,523,3311
MEDQA_680,MedQA,Moderate,0.3337,1.7986,1.7986,0.2653,1,1,1,solo,solo,group-3,556,556,3769
MEDQA_689,MedQA,Moderate,0.2544,0.0,0.0,0.0,0,0,0,solo,solo,group-3,525,525,3614
MEDQA_69,MedQA,Moderate,0.2797,0.0,0.0,0.0,0,0,0,solo,solo,group-3,567,567,3767
MEDQA_691,MedQA,Moderate,0.1717,0.0,0.0,0.0,0,0,0,solo,solo,group-3,534,534,3485
MEDQA_695,MedQA,Complex,0.4457,0.4181,1.1862,0.2296,1,1,1,group-2,solo,group-3,2392,843,4356
MEDQA_699,MedQA,Moderate,0.3444,1.5221,1.5221,0.2665,1,1,1,solo,solo,group-3,657,657,3753
MEDQA_7,MedQA,Moderate,0.2584,1.7606,1.7606,0.2788,1,1,1,solo,solo,group-3,568,568,3587
MEDQA_70,MedQA,Complex,0.419,0.4132,1.2937,0.2273,1,1,1,group-2,solo,group-3,2420,773,4400
MEDQA_700,MedQA,Moderate,0.2644,1.773,1.773,0.294,1,1,1,solo,solo,group-3,564,564,3401
MEDQA_701,MedQA,Moderate,0.2197,0.0,0.0,0.0,0,0,0,solo,solo,group-3,451,451,3248
MEDQA_702,MedQA,Moderate,0.2277,0.0,0.0,0.0,0,0,0,solo,solo,group-3,359,359,3131
MEDQA_703,MedQA,Moderate,0.327,1.6474,1.6474,0.0,1,1,0,solo,solo,group-3,607,607,3734
MEDQA_704,MedQA,Moderate,0.1377,0.0,0.0,0.0,0,0,0,solo,solo,group-3,527,527,3339
MEDQA_707,MedQA,Moderate,0.2484,2.3419,2.3419,0.2975,1,1,1,solo,solo,group-3,427,427,3361
MEDQA_713,MedQA,Complex,0.3637,0.0,0.0,0.0,0,0,0,solo,solo,group-3,663,663,4032
MEDQA_718,MedQA,Moderate,0.1624,2.445,2.445,0.2921,1,1,1,solo,solo,group-3,409,409,3423
MEDQA_721,MedQA,Moderate,0.173,2.2371,2.2371,0.3092,1,1,1,solo,solo,group-3,447,447,3234
MEDQA_724,MedQA,Complex,0.3897,0.0,0.0,0.0,0,0,0,solo,solo,group-3,756,756,4033
MEDQA_725,MedQA,Moderate,0.1857,1.8587,1.8587,0.2765,1,1,1,solo,solo,group-3,538,538,3617
MEDQA_726,MedQA,Moderate,0.2277,1.7153,1.7153,0.0,1,1,0,solo,solo,group-3,583,583,3501
MEDQA_73,MedQA,Moderate,0.2377,0.0,0.0,0.2808,0,0,1,solo,solo,group-3,515,515,3561
MEDQA_731,MedQA,Moderate,0.2124,0.0,0.0,0.0,0,0,0,solo,solo,group-3,541,541,3313
MEDQA_735,MedQA,Moderate,0.305,0.0,0.0,0.0,0,0,0,solo,solo,group-3,719,719,4019
MEDQA_737,MedQA,Moderate,0.1724,0.0,0.0,0.0,0,0,0,solo,solo,group-3,399,399,3336
MEDQA_74,MedQA,Complex,0.3844,0.0,0.0,0.2591,0,0,1,solo,solo,group-3,705,705,3860
MEDQA_741,MedQA,Moderate,0.1017,0.0,0.0,0.0,0,0,0,solo,solo,group-3,464,464,3068
MEDQA_745,MedQA,Moderate,0.2317,0.0,0.0,0.0,0,0,0,solo,solo,group-3,572,572,3807
MEDQA_749,MedQA,Moderate,0.2464,0.0,0.0,0.0,0,0,0,solo,solo,group-3,511,511,3475
MEDQA_75,MedQA,Moderate,0.1777,2.7248,2.7248,0.3447,1,1,1,solo,solo,group-3,367,367,2901
MEDQA_750,MedQA,Moderate,0.2184,0.0,0.0,0.0,0,0,0,solo,solo,group-3,543,543,3406
MEDQA_752,MedQA,Moderate,0.229,0.0,0.0,0.2746,0,0,1,solo,solo,group-3,663,663,3641
MEDQA_755,MedQA,Moderate,0.355,1.4144,1.4144,0.0,1,1,0,solo,solo,group-3,707,707,4008
MEDQA_756,MedQA,Moderate,0.259,1.7953,1.7953,0.0,1,1,0,solo,solo,group-3,557,557,3762
MEDQA_759,MedQA,Moderate,0.3244,0.0,0.0,0.0,0,0,0,solo,solo,group-3,679,679,3953
MEDQA_760,MedQA,Moderate,0.3544,0.0,0.0,0.0,0,0,0,solo,solo,group-3,713,713,3940
MEDQA_767,MedQA,Moderate,0.285,0.0,0.0,0.0,0,0,0,solo,solo,group-3,591,591,3819
MEDQA_770,MedQA,Moderate,0.1917,0.0,0.0,0.0,0,0,0,solo,solo,group-3,471,471,3114
MEDQA_771,MedQA,Moderate,0.225,0.0,0.0,0.0,0,0,0,solo,solo,group-3,536,536,3252
MEDQA_772,MedQA,Moderate,0.233,2.3419,2.3419,0.2826,1,1,1,solo,solo,group-3,427,427,3539
MEDQA_775,MedQA,Simple,0.0837,2.9155,2.9155,0.3215,1,1,1,solo,solo,group-3,343,343,3110
MEDQA_780,MedQA,Complex,0.4084,0.0,1.1198,0.0,0,1,0,group-2,solo,group-3,2483,893,4495
MEDQA_782,MedQA,Moderate,0.3184,1.6949,1.6949,0.256,1,1,1,solo,solo,group-3,590,590,3906
MEDQA_783,MedQA,Moderate,0.267,0.0,0.0,0.0,0,0,0,solo,solo,group-3,488,488,3303
MEDQA_786,MedQA,Moderate,0.2324,2.0408,2.0408,0.2823,1,1,1,solo,solo,group-3,490,490,3542
MEDQA_788,MedQA,Moderate,0.1957,2.7322,2.7322,0.2756,1,1,1,solo,solo,group-3,366,366,3629
MEDQA_794,MedQA,Moderate,0.2617,0.0,0.0,0.2729,0,0,1,solo,solo,group-3,504,504,3665
MEDQA_795,MedQA,Moderate,0.1544,2.2624,2.2624,0.0,1,1,0,solo,solo,group-3,442,442,3183
MEDQA_796,MedQA,Moderate,0.2077,0.0,0.0,0.0,0,0,0,solo,solo,group-3,438,438,3070
MEDQA_797,MedQA,Moderate,0.1897,0.0,0.0,0.0,0,0,0,solo,solo,group-3,485,485,3630
MEDQA_799,MedQA,Moderate,0.3504,0.0,0.0,0.0,0,0,0,solo,solo,group-3,684,684,3857
MEDQA_8,MedQA,Moderate,0.1617,0.0,0.0,0.0,0,0,0,solo,solo,group-3,430,430,3042
MEDQA_805,MedQA,Moderate,0.153,2.3419,2.3419,0.3252,1,1,1,solo,solo,group-3,427,427,3075
MEDQA_808,MedQA,Complex,0.4057,0.4545,1.5106,0.2509,1,1,1,group-2,solo,group-3,2200,662,3985
MEDQA_809,MedQA,Moderate,0.297,0.0,0.0,0.0,0,0,0,solo,solo,group-3,601,601,3771
MEDQA_811,MedQA,Moderate,0.2017,2.4752,2.4752,0.3086,1,1,1,solo,solo,group-3,404,404,3240
MEDQA_812,MedQA,Moderate,0.307,1.4706,1.4706,0.0,1,1,0,solo,solo,group-3,680,680,3804
MEDQA_828,MedQA,Moderate,0.251,0.0,0.0,0.0,0,0,0,solo,solo,group-3,587,587,3705
MEDQA_829,MedQA,Moderate,0.2557,0.0,0.0,0.0,0,0,0,solo,solo,group-3,556,556,3710
MEDQA_83,MedQA,Moderate,0.2937,0.0,0.0,0.263,0,0,1,solo,solo,group-3,701,701,3802
MEDQA_833,MedQA,Moderate,0.3384,0.0,0.0,0.0,0,0,0,solo,solo,group-3,629,629,3930
MEDQA_834,MedQA,Moderate,0.1117,2.3095,2.3095,0.2934,1,1,1,solo,solo,group-3,433,433,3408
MEDQA_839,MedQA,Moderate,0.1917,0.0,0.0,0.0,0,0,0,solo,solo,group-3,559,559,3504
MEDQA_84,MedQA,Moderate,0.301,1.5385,1.5385,0.2608,1,1,1,solo,solo,group-3,650,650,3834
MEDQA_848,MedQA,Moderate,0.295,0.0,0.0,0.2703,0,0,1,solo,solo,group-3,608,608,3699
MEDQA_860,MedQA,Moderate,0.2237,0.0,0.0,0.269,0,0,1,solo,solo,group-3,523,523,3717
MEDQA_861,MedQA,Moderate,0.2104,0.0,0.0,0.0,0,0,0,solo,solo,group-3,513,513,3635
MEDQA_862,MedQA,Moderate,0.3177,0.0,0.0,0.0,0,0,0,solo,solo,group-3,594,594,3800
MEDQA_864,MedQA,Moderate,0.241,1.7544,1.7544,0.2719,1,1,1,solo,solo,group-3,570,570,3678
MEDQA_865,MedQA,Complex,0.415,0.0,0.0,0.2312,0,0,1,group-2,solo,group-3,2371,852,4326
MEDQA_87,MedQA,Complex,0.4057,0.4158,0.0,0.2286,1,0,1,group-2,solo,group-3,2405,805,4374
MEDQA_870,MedQA,Moderate,0.2457,1.7513,1.7513,0.278,1,1,1,solo,solo,group-3,571,571,3597
MEDQA_871,MedQA,Moderate,0.315,1.7036,1.7036,0.0,1,1,0,solo,solo,group-3,587,587,3766
MEDQA_876,MedQA,Moderate,0.233,2.2831,2.2831,0.2789,1,1,1,solo,solo,group-3,438,438,3585
MEDQA_88,MedQA,Moderate,0.3137,1.5699,1.5699,0.2649,1,1,1,solo,solo,group-3,637,637,3775
MEDQA_882,MedQA,Complex,0.363,0.0,0.0,0.0,0,0,0,solo,solo,group-3,756,756,4150
MEDQA_883,MedQA,Moderate,0.1697,0.0,0.0,0.0,0,0,0,solo,solo,group-3,421,421,3084
MEDQA_885,MedQA,Moderate,0.345,0.0,0.0,0.0,0,0,0,solo,solo,group-3,649,649,3759
MEDQA_890,MedQA,Moderate,0.2697,1.7422,1.7422,0.2648,1,1,1,solo,solo,group-3,574,574,3777
MEDQA_894,MedQA,Moderate,0.197,2.1231,2.1231,0.2915,1,1,1,solo,solo,group-3,471,471,3430
MEDQA_898,MedQA,Complex,0.359,1.6949,1.6949,0.2655,1,1,1,solo,solo,group-3,590,590,3767
MEDQA_901,MedQA,Complex,0.411,0.0,1.5432,0.2567,0,1,1,group-2,solo,group-3,2092,648,3895
MEDQA_907,MedQA,Complex,0.4017,0.0,0.0,0.0,0,0,0,group-2,solo,group-3,2136,641,3942
MEDQA_909,MedQA,Moderate,0.1557,0.0,0.0,0.0,0,0,0,solo,solo,group-3,476,476,3333
MEDQA_912,MedQA,Moderate,0.257,2.1142,2.1142,0.3103,1,1,1,solo,solo,group-3,473,473,3223
MEDQA_914,MedQA,Moderate,0.1377,0.0,0.0,0.0,0,0,0,solo,solo,group-3,362,362,2918
MEDQA_919,MedQA,Moderate,0.239,0.0,0.0,0.3134,0,0,1,solo,solo,group-3,472,472,3191
MEDQA_924,MedQA,Complex,0.4044,0.0,0.0,0.0,0,0,0,group-2,solo,group-3,2259,731,4158
MEDQA_927,MedQA,Moderate,0.2784,0.0,0.0,0.2612,0,0,1,solo,solo,group-3,561,561,3829
MEDQA_932,MedQA,Moderate,0.311,0.0,0.0,0.2863,0,0,1,solo,solo,group-3,493,493,3493
MEDQA_933,MedQA,Complex,0.3857,0.0,0.0,0.0,0,0,0,solo,solo,group-3,777,777,4222
MEDQA_934,MedQA,Moderate,0.1897,0.0,0.0,0.0,0,0,0,solo,solo,group-3,481,481,3358
MEDQA_935,MedQA,Moderate,0.1477,0.0,0.0,0.0,0,0,0,solo,solo,group-3,330,330,3008
MEDQA_944,MedQA,Moderate,0.3057,0.0,0.0,0.0,0,0,0,solo,solo,group-3,783,783,4206
MEDQA_945,MedQA,Simple,0.0837,0.0,0.0,0.382,0,0,1,solo,solo,group-3,222,222,2618
MEDQA_953,MedQA,Moderate,0.3224,0.0,0.0,0.252,0,0,1,solo,solo,group-3,569,569,3969
MEDQA_965,MedQA,Moderate,0.2744,2.0284,2.0284,0.2941,1,1,1,solo,solo,group-3,493,493,3400
MEDQA_966,MedQA,Moderate,0.301,0.0,0.0,0.0,0,0,0,solo,solo,group-3,608,608,3823
MEDQA_968,MedQA,Moderate,0.2624,1.7452,1.7452,0.2646,1,1,1,solo,solo,group-3,573,573,3779
MEDQA_971,MedQA,Moderate,0.225,1.7422,1.7422,0.2773,1,1,1,solo,solo,group-3,574,574,3606
MEDQA_980,MedQA,Moderate,0.2477,0.0,0.0,0.0,0,0,0,solo,solo,group-3,692,692,3873
MEDQA_981,MedQA,Moderate,0.3037,0.0,0.0,0.0,0,0,0,solo,solo,group-3,575,575,3829
MEDQA_988,MedQA,Moderate,0.1217,0.0,0.0,0.3392,0,0,1,solo,solo,group-3,434,434,2948
MEDQA_99,MedQA,Moderate,0.1757,0.0,0.0,0.0,0,0,0,solo,solo,group-3,507,507,3175
MEDQA_990,MedQA,Complex,0.419,0.0,1.634,0.244,0,1,1,group-2,solo,group-3,2220,612,4098
MEDQA_991,MedQA,Moderate,0.325,0.0,0.0,0.0,0,0,0,solo,solo,group-3,577,577,3837
MEDQA_992,MedQA,Moderate,0.1457,0.0,0.0,0.0,0,0,0,solo,solo,group-3,375,375,2873
MEDQA_993,MedQA,Complex,0.357,0.0,0.0,0.0,0,0,0,solo,solo,group-3,729,729,4024
MEDQA_994,MedQA,Moderate,0.2864,0.0,0.0,0.0,0,0,0,solo,solo,group-3,549,549,3450
MEDQA_998,MedQA,Moderate,0.109,0.0,0.0,0.0,0,0,0,solo,solo,group-3,356,356,3081
MEDQA_999,MedQA,Moderate,0.1637,2.451,2.451,0.2989,1,1,1,solo,solo,group-3,408,408,3346
MMLU_0,MMLU,Simple,0.0477,0.0,0.0,0.0,0,0,0,solo,solo,group-3,234,234,2808
MMLU_1,MMLU,Moderate,0.193,0.0,0.0,0.0,0,0,0,solo,solo,group-3,444,444,3137
MMLU_100,MMLU,Simple,0.0077,0.0,0.0,0.0,0,0,0,solo,solo,group-3,187,187,3216
MMLU_102,MMLU,Moderate,0.1257,2.907,2.907,0.3627,1,1,1,solo,solo,group-3,344,344,2757
MMLU_103,MMLU,Simple,0.0117,4.7619,4.7619,0.0,1,1,0,solo,solo,group-3,210,210,2555
MMLU_104,MMLU,Simple,0.0237,0.0,0.0,0.5977,0,0,1,solo,solo,group-3,109,109,1673
MMLU_107,MMLU,Simple,0.0237,0.0,0.0,0.0,0,0,0,solo,solo,group-3,169,169,2639
MMLU_108,MMLU,Simple,0.0297,8.4034,8.4034,0.3973,1,1,1,solo,solo,group-3,119,119,2517
MMLU_109,MMLU,Moderate,0.1277,2.4272,2.4272,0.2945,1,1,1,solo,solo,group-3,412,412,3396
MMLU_113,MMLU,Moderate,0.2257,1.9569,1.9569,0.0,1,1,0,solo,solo,group-3,511,511,3396
MMLU_115,MMLU,Moderate,0.1884,0.0,0.0,0.0,0,0,0,solo,solo,group-3,405,405,3045
MMLU_116,MMLU,Moderate,0.2017,0.0,0.0,0.0,0,0,0,solo,solo,group-3,564,564,3744
MMLU_117,MMLU,Simple,0.0477,0.0,0.0,0.0,0,0,0,solo,solo,group-3,352,352,2923
MMLU_119,MMLU,Simple,0.0297,0.0,0.0,0.0,0,0,0,solo,solo,group-3,386,386,3110
MMLU_12,MMLU,Simple,0.0277,0.0,0.0,0.0,0,0,0,solo,solo,group-3,350,350,2610
MMLU_120,MMLU,Moderate,0.3117,0.0,0.0,0.0,0,0,0,solo,solo,group-3,540,540,3450
MMLU_121,MMLU,Moderate,0.239,2.1505,2.1505,0.287,1,1,1,solo,solo,group-3,465,465,3484
MMLU_122,MMLU,Simple,0.0297,0.0,0.0,0.3541,0,0,1,solo,solo,group-3,286,286,2824
MMLU_123,MMLU,Simple,0.0437,8.2645,8.2645,0.4675,1,1,1,solo,solo,group-3,121,121,2139
MMLU_124,MMLU,Simple,0.0177,0.0,0.0,0.0,0,0,0,solo,solo,group-3,360,360,3094
MMLU_125,MMLU,Moderate,0.1177,0.0,0.0,0.3123,0,0,1,solo,solo,group-3,404,404,3202
MMLU_127,MMLU,Simple,0.0177,0.0,0.0,0.0,0,0,0,solo,solo,group-3,308,308,2528
MMLU_128,MMLU,Simple,0.0297,0.0,0.0,0.0,0,0,0,solo,solo,group-3,166,166,2109
MMLU_13,MMLU,Simple,0.0777,0.0,0.0,0.0,0,0,0,solo,solo,group-3,397,397,2997
MMLU_130,MMLU,Simple,0.0157,0.0,0.0,0.0,0,0,0,solo,solo,group-3,255,255,2889
MMLU_133,MMLU,Simple,0.0377,3.7175,3.7175,0.4234,1,1,1,solo,solo,group-3,269,269,2362
MMLU_135,MMLU,Moderate,0.2477,1.7857,1.7857,0.2637,1,1,1,solo,solo,group-3,560,560,3792
MMLU_136,MMLU,Complex,0.4324,0.4579,1.2788,0.2473,1,1,1,group-2,solo,group-3,2184,782,4044
MMLU_138,MMLU,Simple,0.0337,0.0,0.0,0.0,0,0,0,solo,solo,group-3,188,188,2912
MMLU_140,MMLU,Simple,0.0857,4.6083,4.6083,0.3295,1,1,1,solo,solo,group-3,217,217,3035
MMLU_143,MMLU,Moderate,0.2404,0.0,0.0,0.0,0,0,0,solo,solo,group-3,585,585,3540
MMLU_144,MMLU,Moderate,0.3324,1.7825,1.7825,0.2671,1,1,1,solo,solo,group-3,561,561,3744
MMLU_146,MMLU,Simple,0.0297,2.8409,2.8409,0.4026,1,1,1,solo,solo,group-3,352,352,2484
MMLU_149,MMLU,Moderate,0.3097,1.7544,1.7544,0.0,1,1,0,solo,solo,group-3,570,570,3467
MMLU_15,MMLU,Simple,0.0377,0.0,0.0,0.0,0,0,0,solo,solo,group-3,356,356,2851
MMLU_152,MMLU,Simple,0.0297,5.3191,5.3191,0.3914,1,1,1,solo,solo,group-3,188,188,2555
MMLU_153,MMLU,Simple,0.0257,0.0,0.0,0.0,0,0,0,solo,solo,group-3,326,326,2722
MMLU_155,MMLU,Simple,0.0257,0.0,0.0,0.0,0,0,0,solo,solo,group-3,135,135,1467
MMLU_156,MMLU,Complex,0.3757,1.2821,1.2821,0.2392,1,1,1,solo,solo,group-3,780,780,4180
MMLU_16,MMLU,Moderate,0.255,0.0,0.0,0.0,0,0,0,solo,solo,group-3,531,531,3504
MMLU_161,MMLU,Moderate,0.1117,2.8409,2.8409,0.3342,1,1,1,solo,solo,group-3,352,352,2992
MMLU_162,MMLU,Simple,0.037,0.0,0.0,0.0,0,0,0,solo,solo,group-3,342,342,2359
MMLU_164,MMLU,Moderate,0.227,2.2272,2.2272,0.2859,1,1,1,solo,solo,group-3,449,449,3498
MMLU_165,MMLU,Simple,0.0137,0.0,0.0,0.0,0,0,0,solo,solo,group-3,178,178,2564
MMLU_166,MMLU,Moderate,0.1157,0.0,0.0,0.0,0,0,0,solo,solo,group-3,365,365,3257
MMLU_171,MMLU,Simple,0.0897,2.4272,2.4272,0.3461,1,1,1,solo,solo,group-3,412,412,2889
MMLU_174,MMLU,Simple,0.0217,4.5455,4.5455,0.0,1,1,0,solo,solo,group-3,220,220,2772
MMLU_175,MMLU,Simple,0.0117,0.0,0.0,0.0,0,0,0,solo,solo,group-3,227,227,2395
MMLU_176,MMLU,Simple,0.0257,4.4843,4.4843,0.374,1,1,1,solo,solo,group-3,223,223,2674
MMLU_177,MMLU,Simple,0.0337,0.0,0.0,0.4355,0,0,1,solo,solo,group-3,324,324,2296
MMLU_178,MMLU,Simple,0.0237,0.0,0.0,0.31,0,0,1,solo,solo,group-3,225,225,3226
MMLU_179,MMLU,Moderate,0.2844,1.8116,1.8116,0.2727,1,1,1,solo,solo,group-3,552,552,3667
MMLU_180,MMLU,Simple,0.0237,5.814,5.814,0.3812,1,1,1,solo,solo,group-3,172,172,2623
MMLU_181,MMLU,Complex,0.4037,0.4936,1.9048,0.2646,1,1,1,group-2,solo,group-3,2026,525,3779
MMLU_184,MMLU,Simple,0.0157,0.0,0.0,0.0,0,0,0,solo,solo,group-3,243,243,2546
MMLU_185,MMLU,Simple,0.0237,9.8039,9.8039,0.6456,1,1,1,solo,solo,group-3,102,102,1549
MMLU_187,MMLU,Simple,0.0317,0.0,0.0,0.0,0,0,0,solo,solo,group-3,345,345,2934
MMLU_19,MMLU,Moderate,0.2244,1.9531,1.9531,0.0,1,1,0,solo,solo,group-3,512,512,3331
MMLU_191,MMLU,Simple,0.0237,0.0,0.0,0.0,0,0,0,solo,solo,group-3,305,305,3243
MMLU_192,MMLU,Simple,0.0357,2.9326,2.9326,0.3569,1,1,1,solo,solo,group-3,341,341,2802
MMLU_193,MMLU,Moderate,0.2697,1.7668,1.7668,0.2701,1,1,1,solo,solo,group-3,566,566,3702
MMLU_194,MMLU,Moderate,0.2497,0.0,0.0,0.0,0,0,0,solo,solo,group-3,575,575,3708
MMLU_196,MMLU,Complex,0.363,1.5221,1.5221,0.2478,1,1,1,solo,solo,group-3,657,657,4035
MMLU_198,MMLU,Complex,0.459,0.4272,1.4286,0.2336,1,1,1,group-2,solo,group-3,2341,700,4280
MMLU_2,MMLU,Simple,0.0637,3.6101,3.6101,0.3782,1,1,1,solo,solo,group-3,277,277,2644
MMLU_20,MMLU,Simple,0.0157,3.69,3.69,0.3644,1,1,1,solo,solo,group-3,271,271,2744
MMLU_201,MMLU,Complex,0.3837,0.0,0.0,0.0,0,0,0,solo,solo,group-3,644,644,3989
MMLU_202,MMLU,Moderate,0.3077,0.0,0.0,0.0,0,0,0,solo,solo,group-3,681,681,3954
MMLU_207,MMLU,Moderate,0.1417,0.0,0.0,0.0,0,0,0,solo,solo,group-3,401,401,3041
MMLU_209,MMLU,Simple,0.035,0.0,0.0,0.0,0,0,0,solo,solo,group-3,299,299,2567
MMLU_211,MMLU,Simple,0.0257,0.0,0.0,0.0,0,0,0,solo,solo,group-3,382,382,2985
MMLU_213,MMLU,Complex,0.419,0.0,0.0,0.0,0,0,0,group-2,solo,group-3,2174,707,4027
MMLU_214,MMLU,Moderate,0.1797,0.0,0.0,0.0,0,0,0,solo,solo,group-3,434,434,3269
MMLU_215,MMLU,Simple,0.0177,0.0,0.0,0.0,0,0,0,solo,solo,group-3,99,99,1322
MMLU_219,MMLU,Moderate,0.231,0.0,0.0,0.0,0,0,0,solo,solo,group-3,576,576,3734
MMLU_22,MMLU,Simple,0.0397,4.9261,4.9261,0.0,1,1,0,solo,solo,group-3,203,203,2417
MMLU_221,MMLU,Simple,0.0137,0.0,0.0,0.0,0,0,0,solo,solo,group-3,247,247,2707
MMLU_223,MMLU,Simple,0.0237,0.0,0.0,0.0,0,0,0,solo,solo,group-3,317,317,2508
MMLU_225,MMLU,Moderate,0.1457,2.2831,2.2831,0.0,1,1,0,solo,solo,group-3,438,438,3196
MMLU_227,MMLU,Moderate,0.2217,2.0202,2.0202,0.2874,1,1,1,solo,solo,group-3,495,495,3480
MMLU_231,MMLU,Simple,0.047,0.0,0.0,0.0,0,0,0,solo,solo,group-3,229,229,2790
MMLU_233,MMLU,Simple,0.0277,0.0,0.0,0.0,0,0,0,solo,solo,group-3,285,285,2847
MMLU_234,MMLU,Simple,0.0317,0.0,0.0,0.0,0,0,0,solo,solo,group-3,308,308,2619
MMLU_235,MMLU,Complex,0.383,1.5552,1.5552,0.2508,1,1,1,solo,solo,group-3,643,643,3987
MMLU_237,MMLU,Moderate,0.2804,1.7637,1.7637,0.2708,1,1,1,solo,solo,group-3,567,567,3693
MMLU_238,MMLU,Moderate,0.1504,0.0,0.0,0.0,0,0,0,solo,solo,group-3,296,296,3294
MMLU_244,MMLU,Moderate,0.2104,0.0,0.0,0.0,0,0,0,solo,solo,group-3,430,430,3588
MMLU_249,MMLU,Simple,0.0157,0.0,0.0,0.4105,0,0,1,solo,solo,group-3,148,148,2436
MMLU_25,MMLU,Moderate,0.3037,1.7331,1.7331,0.2834,1,1,1,solo,solo,group-3,577,577,3528
MMLU_253,MMLU,Moderate,0.1537,2.3753,2.3753,0.2926,1,1,1,solo,solo,group-3,421,421,3418
MMLU_255,MMLU,Moderate,0.2857,1.5576,1.5576,0.2653,1,1,1,solo,solo,group-3,642,642,3770
MMLU_257,MMLU,Simple,0.0137,12.3457,12.3457,0.5838,1,1,1,solo,solo,group-3,81,81,1713
MMLU_259,MMLU,Simple,0.0397,0.0,0.0,0.0,0,0,0,solo,solo,group-3,252,252,2550
MMLU_26,MMLU,Moderate,0.1417,0.0,0.0,0.0,0,0,0,solo,solo,group-3,399,399,3078
MMLU_260,MMLU,Moderate,0.1837,0.0,0.0,0.0,0,0,0,solo,solo,group-3,502,502,3400
MMLU_261,MMLU,Moderate,0.1257,0.0,0.0,0.3108,0,0,1,solo,solo,group-3,354,354,3217
MMLU_263,MMLU,Simple,0.0217,6.135,6.135,0.3683,1,1,1,solo,solo,group-3,163,163,2715
MMLU_264,MMLU,Moderate,0.1417,0.0,0.0,0.0,0,0,0,solo,solo,group-3,533,533,3294
MMLU_27,MMLU,Simple,0.0257,4.902,4.902,0.4068,1,1,1,solo,solo,group-3,204,204,2458
MMLU_270,MMLU,Moderate,0.2277,0.0,0.0,0.0,0,0,0,solo,solo,group-3,518,518,3462
MMLU_28,MMLU,Simple,0.0577,3.9683,3.9683,0.3423,1,1,1,solo,solo,group-3,252,252,2921
MMLU_3,MMLU,Simple,0.0237,0.0,0.0,0.3836,0,0,1,solo,solo,group-3,291,291,2607
MMLU_31,MMLU,Moderate,0.211,2.1978,2.1978,0.2881,1,1,1,solo,solo,group-3,455,455,3471
MMLU_32,MMLU,Moderate,0.199,2.445,2.445,0.3361,1,1,1,solo,solo,group-3,409,409,2975
MMLU_33,MMLU,Moderate,0.1117,3.125,3.125,0.3451,1,1,1,solo,solo,group-3,320,320,2898
MMLU_34,MMLU,Simple,0.0297,0.0,0.0,0.0,0,0,0,solo,solo,group-3,233,233,2536
MMLU_38,MMLU,Simple,0.0157,5.5866,5.5866,0.4181,1,1,1,solo,solo,group-3,179,179,2392
MMLU_40,MMLU,Moderate,0.2297,1.8622,1.8622,0.2669,1,1,1,solo,solo,group-3,537,537,3747
MMLU_44,MMLU,Moderate,0.1804,0.0,0.0,0.0,0,0,0,solo,solo,group-3,416,416,3220
MMLU_45,MMLU,Moderate,0.1997,0.0,0.0,0.0,0,0,0,solo,solo,group-3,609,609,3382
MMLU_46,MMLU,Simple,0.0337,0.0,0.0,0.0,0,0,0,solo,solo,group-3,269,269,2341
MMLU_47,MMLU,Simple,0.0257,0.0,0.0,0.0,0,0,0,solo,solo,group-3,167,167,2538
MMLU_48,MMLU,Simple,0.0217,0.0,0.0,0.0,0,0,0,solo,solo,group-3,287,287,3071
MMLU_49,MMLU,Simple,0.0257,0.0,0.0,0.0,0,0,0,solo,solo,group-3,235,235,2136
MMLU_5,MMLU,Simple,0.0137,0.0,0.0,0.0,0,0,0,solo,solo,group-3,221,221,2873
MMLU_50,MMLU,Simple,0.0277,0.0,0.0,0.0,0,0,0,solo,solo,group-3,268,268,2584
MMLU_52,MMLU,Simple,0.0177,4.4643,4.4643,0.4119,1,1,1,solo,solo,group-3,224,224,2428
MMLU_53,MMLU,Simple,0.0137,0.0,0.0,0.0,0,0,0,solo,solo,group-3,277,277,2502
MMLU_54,MMLU,Simple,0.0117,0.0,0.0,0.0,0,0,0,solo,solo,group-3,261,261,3218
MMLU_55,MMLU,Simple,0.0517,7.874,7.874,0.7937,1,1,1,solo,solo,group-3,127,127,1260
MMLU_56,MMLU,Simple,0.0217,0.0,0.0,0.0,0,0,0,solo,solo,group-3,182,182,2499
MMLU_57,MMLU,Simple,0.0197,5.988,5.988,0.3405,1,1,1,solo,solo,group-3,167,167,2937
MMLU_58,MMLU,Moderate,0.2817,0.0,0.0,0.0,0,0,0,solo,solo,group-3,521,521,3582
MMLU_6,MMLU,Simple,0.0337,7.5758,7.5758,0.439,1,1,1,solo,solo,group-3,132,132,2278
MMLU_61,MMLU,Simple,0.0257,0.0,0.0,0.0,0,0,0,solo,solo,group-3,228,228,2257
MMLU_62,MMLU,Simple,0.0377,2.994,2.994,0.3421,1,1,1,solo,solo,group-3,334,334,2923
MMLU_63,MMLU,Simple,0.0237,0.0,0.0,0.0,0,0,0,solo,solo,group-3,411,411,2868
MMLU_64,MMLU,Simple,0.0617,0.0,0.0,0.4058,0,0,1,solo,solo,group-3,272,272,2464
MMLU_67,MMLU,Moderate,0.1697,0.0,0.0,0.2974,0,0,1,solo,solo,group-3,468,468,3363
MMLU_68,MMLU,Simple,0.0277,3.4602,3.4602,0.3689,1,1,1,solo,solo,group-3,289,289,2711
MMLU_69,MMLU,Simple,0.0297,0.0,0.0,0.0,0,0,0,solo,solo,group-3,391,391,2575
MMLU_7,MMLU,Simple,0.0337,3.012,3.012,0.3782,1,1,1,solo,solo,group-3,332,332,2644
MMLU_70,MMLU,Simple,0.0137,0.0,0.0,0.0,0,0,0,solo,solo,group-3,170,170,2936
MMLU_71,MMLU,Moderate,0.2304,0.0,0.0,0.0,0,0,0,solo,solo,group-3,442,442,3524
MMLU_72,MMLU,Simple,0.0437,0.0,0.0,0.0,0,0,0,solo,solo,group-3,312,312,2643
MMLU_74,MMLU,Moderate,0.221,0.0,0.0,0.0,0,0,0,solo,solo,group-3,519,519,3404
MMLU_75,MMLU,Simple,0.0277,0.0,0.0,0.0,0,0,0,solo,solo,group-3,164,164,2125
MMLU_77,MMLU,Moderate,0.1577,0.0,0.0,0.0,0,0,0,solo,solo,group-3,287,287,3243
MMLU_78,MMLU,Simple,0.0277,8.1967,8.1967,0.4958,1,1,1,solo,solo,group-3,122,122,2017
MMLU_8,MMLU,Simple,0.0137,0.0,0.0,0.0,0,0,0,solo,solo,group-3,99,99,1824
MMLU_80,MMLU,Moderate,0.139,2.8902,2.8902,0.0,1,1,0,solo,solo,group-3,346,346,3180
MMLU_81,MMLU,Simple,0.0237,3.413,3.413,0.0,1,1,0,solo,solo,group-3,293,293,2650
MMLU_82,MMLU,Simple,0.0197,3.096,3.096,0.3415,1,1,1,solo,solo,group-3,323,323,2928
MMLU_83,MMLU,Moderate,0.219,2.5253,2.5253,0.2772,1,1,1,solo,solo,group-3,396,396,3607
MMLU_84,MMLU,Simple,0.0257,0.0,0.0,0.0,0,0,0,solo,solo,group-3,306,306,2258
MMLU_85,MMLU,Simple,0.0257,0.0,0.0,0.0,0,0,0,solo,solo,group-3,230,230,2481
MMLU_87,MMLU,Simple,0.0297,3.663,3.663,0.3541,1,1,1,solo,solo,group-3,273,273,2824
MMLU_88,MMLU,Simple,0.0417,0.0,0.0,0.0,0,0,0,solo,solo,group-3,92,92,2390
MMLU_89,MMLU,Simple,0.0317,6.7568,6.7568,0.4303,1,1,1,solo,solo,group-3,148,148,2324
MMLU_9,MMLU,Simple,0.0237,6.5359,6.5359,0.3591,1,1,1,solo,solo,group-3,153,153,2785
MMLU_90,MMLU,Moderate,0.309,1.4472,1.4472,0.2592,1,1,1,solo,solo,group-3,691,691,3858
MMLU_93,MMLU,Simple,0.0117,0.0,0.0,0.0,0,0,0,solo,solo,group-3,136,136,2373
MMLU_94,MMLU,Simple,0.0297,0.0,0.0,0.0,0,0,0,solo,solo,group-3,294,294,2789
MMLU_96,MMLU,Simple,0.0197,0.0,0.0,0.3475,0,0,1,solo,solo,group-3,240,240,2878
MMLU_97,MMLU,Moderate,0.1524,0.0,0.0,0.0,0,0,0,solo,solo,group-3,408,408,3178
MMLU_98,MMLU,Simple,0.0277,0.0,0.0,0.0,0,0,0,solo,solo,group-3,222,222,2773
